0 verbose cli /opt/homebrew/Cellar/node/25.2.0/bin/node /opt/homebrew/bin/npm
1 info using npm@11.6.2
2 info using node@v25.2.0
3 silly config load:file:/opt/homebrew/lib/node_modules/npm/npmrc
4 silly config load:file:/Users/rashmianand/Desktop/shopsmart/server/.npmrc
5 silly config load:file:/Users/rashmianand/.npmrc
6 silly config load:file:/opt/homebrew/etc/npmrc
7 verbose title npm install
8 verbose argv "install" "--registry" "https://registry.npmjs.org"
9 verbose logfile logs-max:10 dir:/Users/rashmianand/Desktop/shopsmart/.npm-cache-server/_logs/2026-05-02T11_24_22_454Z-
10 verbose logfile /Users/rashmianand/Desktop/shopsmart/.npm-cache-server/_logs/2026-05-02T11_24_22_454Z-debug-0.log
11 silly logfile done cleaning log files
12 silly packumentCache heap:2348810240 maxSize:587202560 maxEntrySize:293601280
13 silly idealTree buildDeps
14 silly reify mark retired [ '/Users/rashmianand/Desktop/shopsmart/server/node_modules/accepts' ]
15 silly reify mark retired [
15 silly reify   '/Users/rashmianand/Desktop/shopsmart/server/node_modules/ansi-escapes'
15 silly reify ]
16 silly reify mark retired [
16 silly reify   '/Users/rashmianand/Desktop/shopsmart/server/node_modules/ansi-regex'
16 silly reify ]
17 silly reify mark retired [
17 silly reify   '/Users/rashmianand/Desktop/shopsmart/server/node_modules/ansi-styles'
17 silly reify ]
18 silly reify mark retired [ '/Users/rashmianand/Desktop/shopsmart/server/node_modules/anymatch' ]
19 silly reify mark retired [ '/Users/rashmianand/Desktop/shopsmart/server/node_modules/argparse' ]
20 silly reify mark retired [
20 silly reify   '/Users/rashmianand/Desktop/shopsmart/server/node_modules/array-flatten'
20 silly reify ]
21 silly reify mark retired [ '/Users/rashmianand/Desktop/shopsmart/server/node_modules/asap' ]
22 silly reify mark retired [ '/Users/rashmianand/Desktop/shopsmart/server/node_modules/asynckit' ]
23 silly reify mark retired [
23 silly reify   '/Users/rashmianand/Desktop/shopsmart/server/node_modules/babel-jest'
23 silly reify ]
24 silly reify mark retired [
24 silly reify   '/Users/rashmianand/Desktop/shopsmart/server/node_modules/babel-plugin-istanbul'
24 silly reify ]
25 silly reify mark retired [
25 silly reify   '/Users/rashmianand/Desktop/shopsmart/server/node_modules/babel-plugin-jest-hoist'
25 silly reify ]
26 silly reify mark retired [
26 silly reify   '/Users/rashmianand/Desktop/shopsmart/server/node_modules/babel-preset-current-node-syntax'
26 silly reify ]
27 silly reify mark retired [
27 silly reify   '/Users/rashmianand/Desktop/shopsmart/server/node_modules/babel-preset-jest'
27 silly reify ]
28 silly reify mark retired [
28 silly reify   '/Users/rashmianand/Desktop/shopsmart/server/node_modules/balanced-match'
28 silly reify ]
29 silly reify mark retired [
29 silly reify   '/Users/rashmianand/Desktop/shopsmart/server/node_modules/baseline-browser-mapping'
29 silly reify ]
30 silly reify mark retired [
30 silly reify   '/Users/rashmianand/Desktop/shopsmart/server/node_modules/basic-auth'
30 silly reify ]
31 silly reify mark retired [
31 silly reify   '/Users/rashmianand/Desktop/shopsmart/server/node_modules/binary-extensions'
31 silly reify ]
32 silly reify mark retired [
32 silly reify   '/Users/rashmianand/Desktop/shopsmart/server/node_modules/body-parser'
32 silly reify ]
33 silly reify mark retired [
33 silly reify   '/Users/rashmianand/Desktop/shopsmart/server/node_modules/brace-expansion'
33 silly reify ]
34 silly reify mark retired [ '/Users/rashmianand/Desktop/shopsmart/server/node_modules/braces' ]
35 silly reify mark retired [
35 silly reify   '/Users/rashmianand/Desktop/shopsmart/server/node_modules/browserslist'
35 silly reify ]
36 silly reify mark retired [ '/Users/rashmianand/Desktop/shopsmart/server/node_modules/bser' ]
37 silly reify mark retired [
37 silly reify   '/Users/rashmianand/Desktop/shopsmart/server/node_modules/buffer-from'
37 silly reify ]
38 silly reify mark retired [ '/Users/rashmianand/Desktop/shopsmart/server/node_modules/bytes' ]
39 silly reify mark retired [
39 silly reify   '/Users/rashmianand/Desktop/shopsmart/server/node_modules/call-bind-apply-helpers'
39 silly reify ]
40 silly reify mark retired [
40 silly reify   '/Users/rashmianand/Desktop/shopsmart/server/node_modules/call-bound'
40 silly reify ]
41 silly reify mark retired [
41 silly reify   '/Users/rashmianand/Desktop/shopsmart/server/node_modules/callsites'
41 silly reify ]
42 silly reify mark retired [
42 silly reify   '/Users/rashmianand/Desktop/shopsmart/server/node_modules/camelcase'
42 silly reify ]
43 silly reify mark retired [
43 silly reify   '/Users/rashmianand/Desktop/shopsmart/server/node_modules/caniuse-lite'
43 silly reify ]
44 silly reify mark retired [ '/Users/rashmianand/Desktop/shopsmart/server/node_modules/chalk' ]
45 silly reify mark retired [
45 silly reify   '/Users/rashmianand/Desktop/shopsmart/server/node_modules/char-regex'
45 silly reify ]
46 silly reify mark retired [ '/Users/rashmianand/Desktop/shopsmart/server/node_modules/chokidar' ]
47 silly reify mark retired [ '/Users/rashmianand/Desktop/shopsmart/server/node_modules/ci-info' ]
48 silly reify mark retired [
48 silly reify   '/Users/rashmianand/Desktop/shopsmart/server/node_modules/cjs-module-lexer'
48 silly reify ]
49 silly reify mark retired [ '/Users/rashmianand/Desktop/shopsmart/server/node_modules/cliui' ]
50 silly reify mark retired [ '/Users/rashmianand/Desktop/shopsmart/server/node_modules/co' ]
51 silly reify mark retired [
51 silly reify   '/Users/rashmianand/Desktop/shopsmart/server/node_modules/collect-v8-coverage'
51 silly reify ]
52 silly reify mark retired [
52 silly reify   '/Users/rashmianand/Desktop/shopsmart/server/node_modules/color-convert'
52 silly reify ]
53 silly reify mark retired [
53 silly reify   '/Users/rashmianand/Desktop/shopsmart/server/node_modules/color-name'
53 silly reify ]
54 silly reify mark retired [
54 silly reify   '/Users/rashmianand/Desktop/shopsmart/server/node_modules/combined-stream'
54 silly reify ]
55 silly reify mark retired [
55 silly reify   '/Users/rashmianand/Desktop/shopsmart/server/node_modules/component-emitter'
55 silly reify ]
56 silly reify mark retired [
56 silly reify   '/Users/rashmianand/Desktop/shopsmart/server/node_modules/concat-map'
56 silly reify ]
57 silly reify mark retired [
57 silly reify   '/Users/rashmianand/Desktop/shopsmart/server/node_modules/content-disposition'
57 silly reify ]
58 silly reify mark retired [
58 silly reify   '/Users/rashmianand/Desktop/shopsmart/server/node_modules/content-type'
58 silly reify ]
59 silly reify mark retired [
59 silly reify   '/Users/rashmianand/Desktop/shopsmart/server/node_modules/convert-source-map'
59 silly reify ]
60 silly reify mark retired [ '/Users/rashmianand/Desktop/shopsmart/server/node_modules/cookie' ]
61 silly reify mark retired [
61 silly reify   '/Users/rashmianand/Desktop/shopsmart/server/node_modules/cookie-signature'
61 silly reify ]
62 silly reify mark retired [
62 silly reify   '/Users/rashmianand/Desktop/shopsmart/server/node_modules/cookiejar'
62 silly reify ]
63 silly reify mark retired [ '/Users/rashmianand/Desktop/shopsmart/server/node_modules/cors' ]
64 silly reify mark retired [
64 silly reify   '/Users/rashmianand/Desktop/shopsmart/server/node_modules/create-jest'
64 silly reify ]
65 silly reify mark retired [
65 silly reify   '/Users/rashmianand/Desktop/shopsmart/server/node_modules/cross-spawn'
65 silly reify ]
66 silly reify mark retired [ '/Users/rashmianand/Desktop/shopsmart/server/node_modules/debug' ]
67 silly reify mark retired [ '/Users/rashmianand/Desktop/shopsmart/server/node_modules/dedent' ]
68 silly reify mark retired [
68 silly reify   '/Users/rashmianand/Desktop/shopsmart/server/node_modules/deepmerge'
68 silly reify ]
69 silly reify mark retired [
69 silly reify   '/Users/rashmianand/Desktop/shopsmart/server/node_modules/delayed-stream'
69 silly reify ]
70 silly reify mark retired [ '/Users/rashmianand/Desktop/shopsmart/server/node_modules/depd' ]
71 silly reify mark retired [ '/Users/rashmianand/Desktop/shopsmart/server/node_modules/destroy' ]
72 silly reify mark retired [
72 silly reify   '/Users/rashmianand/Desktop/shopsmart/server/node_modules/detect-newline'
72 silly reify ]
73 silly reify mark retired [ '/Users/rashmianand/Desktop/shopsmart/server/node_modules/dezalgo' ]
74 silly reify mark retired [
74 silly reify   '/Users/rashmianand/Desktop/shopsmart/server/node_modules/diff-sequences'
74 silly reify ]
75 silly reify mark retired [ '/Users/rashmianand/Desktop/shopsmart/server/node_modules/dotenv' ]
76 silly reify mark retired [
76 silly reify   '/Users/rashmianand/Desktop/shopsmart/server/node_modules/dunder-proto'
76 silly reify ]
77 silly reify mark retired [ '/Users/rashmianand/Desktop/shopsmart/server/node_modules/ee-first' ]
78 silly reify mark retired [
78 silly reify   '/Users/rashmianand/Desktop/shopsmart/server/node_modules/electron-to-chromium'
78 silly reify ]
79 silly reify mark retired [ '/Users/rashmianand/Desktop/shopsmart/server/node_modules/emittery' ]
80 silly reify mark retired [
80 silly reify   '/Users/rashmianand/Desktop/shopsmart/server/node_modules/emoji-regex'
80 silly reify ]
81 silly reify mark retired [
81 silly reify   '/Users/rashmianand/Desktop/shopsmart/server/node_modules/encodeurl'
81 silly reify ]
82 silly reify mark retired [ '/Users/rashmianand/Desktop/shopsmart/server/node_modules/error-ex' ]
83 silly reify mark retired [
83 silly reify   '/Users/rashmianand/Desktop/shopsmart/server/node_modules/es-define-property'
83 silly reify ]
84 silly reify mark retired [
84 silly reify   '/Users/rashmianand/Desktop/shopsmart/server/node_modules/es-errors'
84 silly reify ]
85 silly reify mark retired [
85 silly reify   '/Users/rashmianand/Desktop/shopsmart/server/node_modules/es-object-atoms'
85 silly reify ]
86 silly reify mark retired [
86 silly reify   '/Users/rashmianand/Desktop/shopsmart/server/node_modules/es-set-tostringtag'
86 silly reify ]
87 silly reify mark retired [ '/Users/rashmianand/Desktop/shopsmart/server/node_modules/escalade' ]
88 silly reify mark retired [
88 silly reify   '/Users/rashmianand/Desktop/shopsmart/server/node_modules/escape-html'
88 silly reify ]
89 silly reify mark retired [
89 silly reify   '/Users/rashmianand/Desktop/shopsmart/server/node_modules/escape-string-regexp'
89 silly reify ]
90 silly reify mark retired [ '/Users/rashmianand/Desktop/shopsmart/server/node_modules/esprima' ]
91 silly reify mark retired [ '/Users/rashmianand/Desktop/shopsmart/server/node_modules/etag' ]
92 silly reify mark retired [ '/Users/rashmianand/Desktop/shopsmart/server/node_modules/execa' ]
93 silly reify mark retired [ '/Users/rashmianand/Desktop/shopsmart/server/node_modules/exit' ]
94 silly reify mark retired [ '/Users/rashmianand/Desktop/shopsmart/server/node_modules/expect' ]
95 silly reify mark retired [ '/Users/rashmianand/Desktop/shopsmart/server/node_modules/express' ]
96 silly reify mark retired [
96 silly reify   '/Users/rashmianand/Desktop/shopsmart/server/node_modules/fast-json-stable-stringify'
96 silly reify ]
97 silly reify mark retired [
97 silly reify   '/Users/rashmianand/Desktop/shopsmart/server/node_modules/fast-safe-stringify'
97 silly reify ]
98 silly reify mark retired [
98 silly reify   '/Users/rashmianand/Desktop/shopsmart/server/node_modules/fb-watchman'
98 silly reify ]
99 silly reify mark retired [
99 silly reify   '/Users/rashmianand/Desktop/shopsmart/server/node_modules/fill-range'
99 silly reify ]
100 silly reify mark retired [
100 silly reify   '/Users/rashmianand/Desktop/shopsmart/server/node_modules/finalhandler'
100 silly reify ]
101 silly reify mark retired [ '/Users/rashmianand/Desktop/shopsmart/server/node_modules/find-up' ]
102 silly reify mark retired [
102 silly reify   '/Users/rashmianand/Desktop/shopsmart/server/node_modules/form-data'
102 silly reify ]
103 silly reify mark retired [
103 silly reify   '/Users/rashmianand/Desktop/shopsmart/server/node_modules/formidable'
103 silly reify ]
104 silly reify mark retired [
104 silly reify   '/Users/rashmianand/Desktop/shopsmart/server/node_modules/forwarded'
104 silly reify ]
105 silly reify mark retired [ '/Users/rashmianand/Desktop/shopsmart/server/node_modules/fresh' ]
106 silly reify mark retired [
106 silly reify   '/Users/rashmianand/Desktop/shopsmart/server/node_modules/fs.realpath'
106 silly reify ]
107 silly reify mark retired [ '/Users/rashmianand/Desktop/shopsmart/server/node_modules/fsevents' ]
108 silly reify mark retired [
108 silly reify   '/Users/rashmianand/Desktop/shopsmart/server/node_modules/function-bind'
108 silly reify ]
109 silly reify mark retired [ '/Users/rashmianand/Desktop/shopsmart/server/node_modules/gensync' ]
110 silly reify mark retired [
110 silly reify   '/Users/rashmianand/Desktop/shopsmart/server/node_modules/get-caller-file'
110 silly reify ]
111 silly reify mark retired [
111 silly reify   '/Users/rashmianand/Desktop/shopsmart/server/node_modules/get-intrinsic'
111 silly reify ]
112 silly reify mark retired [
112 silly reify   '/Users/rashmianand/Desktop/shopsmart/server/node_modules/get-package-type'
112 silly reify ]
113 silly reify mark retired [
113 silly reify   '/Users/rashmianand/Desktop/shopsmart/server/node_modules/get-proto'
113 silly reify ]
114 silly reify mark retired [
114 silly reify   '/Users/rashmianand/Desktop/shopsmart/server/node_modules/get-stream'
114 silly reify ]
115 silly reify mark retired [ '/Users/rashmianand/Desktop/shopsmart/server/node_modules/glob' ]
116 silly reify mark retired [
116 silly reify   '/Users/rashmianand/Desktop/shopsmart/server/node_modules/glob-parent'
116 silly reify ]
117 silly reify mark retired [ '/Users/rashmianand/Desktop/shopsmart/server/node_modules/gopd' ]
118 silly reify mark retired [
118 silly reify   '/Users/rashmianand/Desktop/shopsmart/server/node_modules/graceful-fs'
118 silly reify ]
119 silly reify mark retired [ '/Users/rashmianand/Desktop/shopsmart/server/node_modules/has-flag' ]
120 silly reify mark retired [
120 silly reify   '/Users/rashmianand/Desktop/shopsmart/server/node_modules/has-symbols'
120 silly reify ]
121 silly reify mark retired [
121 silly reify   '/Users/rashmianand/Desktop/shopsmart/server/node_modules/has-tostringtag'
121 silly reify ]
122 silly reify mark retired [ '/Users/rashmianand/Desktop/shopsmart/server/node_modules/hasown' ]
123 silly reify mark retired [
123 silly reify   '/Users/rashmianand/Desktop/shopsmart/server/node_modules/html-escaper'
123 silly reify ]
124 silly reify mark retired [
124 silly reify   '/Users/rashmianand/Desktop/shopsmart/server/node_modules/http-errors'
124 silly reify ]
125 silly reify mark retired [
125 silly reify   '/Users/rashmianand/Desktop/shopsmart/server/node_modules/human-signals'
125 silly reify ]
126 silly reify mark retired [
126 silly reify   '/Users/rashmianand/Desktop/shopsmart/server/node_modules/iconv-lite'
126 silly reify ]
127 silly reify mark retired [
127 silly reify   '/Users/rashmianand/Desktop/shopsmart/server/node_modules/ignore-by-default'
127 silly reify ]
128 silly reify mark retired [
128 silly reify   '/Users/rashmianand/Desktop/shopsmart/server/node_modules/imurmurhash'
128 silly reify ]
129 silly reify mark retired [ '/Users/rashmianand/Desktop/shopsmart/server/node_modules/inflight' ]
130 silly reify mark retired [ '/Users/rashmianand/Desktop/shopsmart/server/node_modules/inherits' ]
131 silly reify mark retired [
131 silly reify   '/Users/rashmianand/Desktop/shopsmart/server/node_modules/ipaddr.js'
131 silly reify ]
132 silly reify mark retired [
132 silly reify   '/Users/rashmianand/Desktop/shopsmart/server/node_modules/is-arrayish'
132 silly reify ]
133 silly reify mark retired [
133 silly reify   '/Users/rashmianand/Desktop/shopsmart/server/node_modules/is-binary-path'
133 silly reify ]
134 silly reify mark retired [
134 silly reify   '/Users/rashmianand/Desktop/shopsmart/server/node_modules/is-core-module'
134 silly reify ]
135 silly reify mark retired [
135 silly reify   '/Users/rashmianand/Desktop/shopsmart/server/node_modules/is-extglob'
135 silly reify ]
136 silly reify mark retired [
136 silly reify   '/Users/rashmianand/Desktop/shopsmart/server/node_modules/is-fullwidth-code-point'
136 silly reify ]
137 silly reify mark retired [
137 silly reify   '/Users/rashmianand/Desktop/shopsmart/server/node_modules/import-local'
137 silly reify ]
138 silly reify mark retired [
138 silly reify   '/Users/rashmianand/Desktop/shopsmart/server/node_modules/is-generator-fn'
138 silly reify ]
139 silly reify mark retired [ '/Users/rashmianand/Desktop/shopsmart/server/node_modules/is-glob' ]
140 silly reify mark retired [
140 silly reify   '/Users/rashmianand/Desktop/shopsmart/server/node_modules/is-number'
140 silly reify ]
141 silly reify mark retired [
141 silly reify   '/Users/rashmianand/Desktop/shopsmart/server/node_modules/is-stream'
141 silly reify ]
142 silly reify mark retired [ '/Users/rashmianand/Desktop/shopsmart/server/node_modules/isexe' ]
143 silly reify mark retired [
143 silly reify   '/Users/rashmianand/Desktop/shopsmart/server/node_modules/istanbul-lib-coverage'
143 silly reify ]
144 silly reify mark retired [
144 silly reify   '/Users/rashmianand/Desktop/shopsmart/server/node_modules/istanbul-lib-instrument'
144 silly reify ]
145 silly reify mark retired [
145 silly reify   '/Users/rashmianand/Desktop/shopsmart/server/node_modules/istanbul-lib-report'
145 silly reify ]
146 silly reify mark retired [
146 silly reify   '/Users/rashmianand/Desktop/shopsmart/server/node_modules/istanbul-lib-source-maps'
146 silly reify ]
147 silly reify mark retired [
147 silly reify   '/Users/rashmianand/Desktop/shopsmart/server/node_modules/istanbul-reports'
147 silly reify ]
148 silly reify mark retired [ '/Users/rashmianand/Desktop/shopsmart/server/node_modules/jest' ]
149 silly reify mark retired [
149 silly reify   '/Users/rashmianand/Desktop/shopsmart/server/node_modules/jest-changed-files'
149 silly reify ]
150 silly reify mark retired [
150 silly reify   '/Users/rashmianand/Desktop/shopsmart/server/node_modules/jest-circus'
150 silly reify ]
151 silly reify mark retired [ '/Users/rashmianand/Desktop/shopsmart/server/node_modules/jest-cli' ]
152 silly reify mark retired [
152 silly reify   '/Users/rashmianand/Desktop/shopsmart/server/node_modules/jest-config'
152 silly reify ]
153 silly reify mark retired [
153 silly reify   '/Users/rashmianand/Desktop/shopsmart/server/node_modules/jest-diff'
153 silly reify ]
154 silly reify mark retired [
154 silly reify   '/Users/rashmianand/Desktop/shopsmart/server/node_modules/jest-docblock'
154 silly reify ]
155 silly reify mark retired [
155 silly reify   '/Users/rashmianand/Desktop/shopsmart/server/node_modules/jest-each'
155 silly reify ]
156 silly reify mark retired [
156 silly reify   '/Users/rashmianand/Desktop/shopsmart/server/node_modules/jest-environment-node'
156 silly reify ]
157 silly reify mark retired [
157 silly reify   '/Users/rashmianand/Desktop/shopsmart/server/node_modules/jest-get-type'
157 silly reify ]
158 silly reify mark retired [
158 silly reify   '/Users/rashmianand/Desktop/shopsmart/server/node_modules/jest-haste-map'
158 silly reify ]
159 silly reify mark retired [
159 silly reify   '/Users/rashmianand/Desktop/shopsmart/server/node_modules/jest-leak-detector'
159 silly reify ]
160 silly reify mark retired [
160 silly reify   '/Users/rashmianand/Desktop/shopsmart/server/node_modules/jest-matcher-utils'
160 silly reify ]
161 silly reify mark retired [
161 silly reify   '/Users/rashmianand/Desktop/shopsmart/server/node_modules/jest-message-util'
161 silly reify ]
162 silly reify mark retired [
162 silly reify   '/Users/rashmianand/Desktop/shopsmart/server/node_modules/jest-mock'
162 silly reify ]
163 silly reify mark retired [
163 silly reify   '/Users/rashmianand/Desktop/shopsmart/server/node_modules/jest-pnp-resolver'
163 silly reify ]
164 silly reify mark retired [
164 silly reify   '/Users/rashmianand/Desktop/shopsmart/server/node_modules/jest-regex-util'
164 silly reify ]
165 silly reify mark retired [
165 silly reify   '/Users/rashmianand/Desktop/shopsmart/server/node_modules/jest-resolve'
165 silly reify ]
166 silly reify mark retired [
166 silly reify   '/Users/rashmianand/Desktop/shopsmart/server/node_modules/jest-resolve-dependencies'
166 silly reify ]
167 silly reify mark retired [
167 silly reify   '/Users/rashmianand/Desktop/shopsmart/server/node_modules/jest-runner'
167 silly reify ]
168 silly reify mark retired [
168 silly reify   '/Users/rashmianand/Desktop/shopsmart/server/node_modules/jest-runtime'
168 silly reify ]
169 silly reify mark retired [
169 silly reify   '/Users/rashmianand/Desktop/shopsmart/server/node_modules/jest-snapshot'
169 silly reify ]
170 silly reify mark retired [
170 silly reify   '/Users/rashmianand/Desktop/shopsmart/server/node_modules/jest-util'
170 silly reify ]
171 silly reify mark retired [
171 silly reify   '/Users/rashmianand/Desktop/shopsmart/server/node_modules/jest-validate'
171 silly reify ]
172 silly reify mark retired [
172 silly reify   '/Users/rashmianand/Desktop/shopsmart/server/node_modules/jest-watcher'
172 silly reify ]
173 silly reify mark retired [
173 silly reify   '/Users/rashmianand/Desktop/shopsmart/server/node_modules/jest-worker'
173 silly reify ]
174 silly reify mark retired [
174 silly reify   '/Users/rashmianand/Desktop/shopsmart/server/node_modules/js-tokens'
174 silly reify ]
175 silly reify mark retired [ '/Users/rashmianand/Desktop/shopsmart/server/node_modules/js-yaml' ]
176 silly reify mark retired [ '/Users/rashmianand/Desktop/shopsmart/server/node_modules/jsesc' ]
177 silly reify mark retired [
177 silly reify   '/Users/rashmianand/Desktop/shopsmart/server/node_modules/json-parse-even-better-errors'
177 silly reify ]
178 silly reify mark retired [ '/Users/rashmianand/Desktop/shopsmart/server/node_modules/json5' ]
179 silly reify mark retired [ '/Users/rashmianand/Desktop/shopsmart/server/node_modules/kleur' ]
180 silly reify mark retired [ '/Users/rashmianand/Desktop/shopsmart/server/node_modules/leven' ]
181 silly reify mark retired [
181 silly reify   '/Users/rashmianand/Desktop/shopsmart/server/node_modules/lines-and-columns'
181 silly reify ]
182 silly reify mark retired [
182 silly reify   '/Users/rashmianand/Desktop/shopsmart/server/node_modules/locate-path'
182 silly reify ]
183 silly reify mark retired [
183 silly reify   '/Users/rashmianand/Desktop/shopsmart/server/node_modules/lru-cache'
183 silly reify ]
184 silly reify mark retired [ '/Users/rashmianand/Desktop/shopsmart/server/node_modules/make-dir' ]
185 silly reify mark retired [
185 silly reify   '/Users/rashmianand/Desktop/shopsmart/server/node_modules/makeerror'
185 silly reify ]
186 silly reify mark retired [
186 silly reify   '/Users/rashmianand/Desktop/shopsmart/server/node_modules/math-intrinsics'
186 silly reify ]
187 silly reify mark retired [
187 silly reify   '/Users/rashmianand/Desktop/shopsmart/server/node_modules/media-typer'
187 silly reify ]
188 silly reify mark retired [
188 silly reify   '/Users/rashmianand/Desktop/shopsmart/server/node_modules/merge-descriptors'
188 silly reify ]
189 silly reify mark retired [
189 silly reify   '/Users/rashmianand/Desktop/shopsmart/server/node_modules/merge-stream'
189 silly reify ]
190 silly reify mark retired [ '/Users/rashmianand/Desktop/shopsmart/server/node_modules/methods' ]
191 silly reify mark retired [
191 silly reify   '/Users/rashmianand/Desktop/shopsmart/server/node_modules/micromatch'
191 silly reify ]
192 silly reify mark retired [ '/Users/rashmianand/Desktop/shopsmart/server/node_modules/mime' ]
193 silly reify mark retired [ '/Users/rashmianand/Desktop/shopsmart/server/node_modules/mime-db' ]
194 silly reify mark retired [
194 silly reify   '/Users/rashmianand/Desktop/shopsmart/server/node_modules/mime-types'
194 silly reify ]
195 silly reify mark retired [ '/Users/rashmianand/Desktop/shopsmart/server/node_modules/mimic-fn' ]
196 silly reify mark retired [
196 silly reify   '/Users/rashmianand/Desktop/shopsmart/server/node_modules/minimatch'
196 silly reify ]
197 silly reify mark retired [ '/Users/rashmianand/Desktop/shopsmart/server/node_modules/morgan' ]
198 silly reify mark retired [ '/Users/rashmianand/Desktop/shopsmart/server/node_modules/ms' ]
199 silly reify mark retired [
199 silly reify   '/Users/rashmianand/Desktop/shopsmart/server/node_modules/natural-compare'
199 silly reify ]
200 silly reify mark retired [
200 silly reify   '/Users/rashmianand/Desktop/shopsmart/server/node_modules/negotiator'
200 silly reify ]
201 silly reify mark retired [
201 silly reify   '/Users/rashmianand/Desktop/shopsmart/server/node_modules/node-releases'
201 silly reify ]
202 silly reify mark retired [ '/Users/rashmianand/Desktop/shopsmart/server/node_modules/nodemon' ]
203 silly reify mark retired [
203 silly reify   '/Users/rashmianand/Desktop/shopsmart/server/node_modules/normalize-path'
203 silly reify ]
204 silly reify mark retired [
204 silly reify   '/Users/rashmianand/Desktop/shopsmart/server/node_modules/npm-run-path'
204 silly reify ]
205 silly reify mark retired [
205 silly reify   '/Users/rashmianand/Desktop/shopsmart/server/node_modules/object-assign'
205 silly reify ]
206 silly reify mark retired [
206 silly reify   '/Users/rashmianand/Desktop/shopsmart/server/node_modules/object-inspect'
206 silly reify ]
207 silly reify mark retired [
207 silly reify   '/Users/rashmianand/Desktop/shopsmart/server/node_modules/node-int64'
207 silly reify ]
208 silly reify mark retired [
208 silly reify   '/Users/rashmianand/Desktop/shopsmart/server/node_modules/on-headers'
208 silly reify ]
209 silly reify mark retired [
209 silly reify   '/Users/rashmianand/Desktop/shopsmart/server/node_modules/on-finished'
209 silly reify ]
210 silly reify mark retired [ '/Users/rashmianand/Desktop/shopsmart/server/node_modules/once' ]
211 silly reify mark retired [ '/Users/rashmianand/Desktop/shopsmart/server/node_modules/onetime' ]
212 silly reify mark retired [ '/Users/rashmianand/Desktop/shopsmart/server/node_modules/p-locate' ]
213 silly reify mark retired [ '/Users/rashmianand/Desktop/shopsmart/server/node_modules/p-try' ]
214 silly reify mark retired [
214 silly reify   '/Users/rashmianand/Desktop/shopsmart/server/node_modules/parse-json'
214 silly reify ]
215 silly reify mark retired [ '/Users/rashmianand/Desktop/shopsmart/server/node_modules/p-limit' ]
216 silly reify mark retired [ '/Users/rashmianand/Desktop/shopsmart/server/node_modules/parseurl' ]
217 silly reify mark retired [
217 silly reify   '/Users/rashmianand/Desktop/shopsmart/server/node_modules/path-exists'
217 silly reify ]
218 silly reify mark retired [ '/Users/rashmianand/Desktop/shopsmart/server/node_modules/path-key' ]
219 silly reify mark retired [
219 silly reify   '/Users/rashmianand/Desktop/shopsmart/server/node_modules/path-parse'
219 silly reify ]
220 silly reify mark retired [
220 silly reify   '/Users/rashmianand/Desktop/shopsmart/server/node_modules/path-is-absolute'
220 silly reify ]
221 silly reify mark retired [
221 silly reify   '/Users/rashmianand/Desktop/shopsmart/server/node_modules/path-to-regexp'
221 silly reify ]
222 silly reify mark retired [
222 silly reify   '/Users/rashmianand/Desktop/shopsmart/server/node_modules/picocolors'
222 silly reify ]
223 silly reify mark retired [
223 silly reify   '/Users/rashmianand/Desktop/shopsmart/server/node_modules/picomatch'
223 silly reify ]
224 silly reify mark retired [ '/Users/rashmianand/Desktop/shopsmart/server/node_modules/pirates' ]
225 silly reify mark retired [ '/Users/rashmianand/Desktop/shopsmart/server/node_modules/pkg-dir' ]
226 silly reify mark retired [
226 silly reify   '/Users/rashmianand/Desktop/shopsmart/server/node_modules/pretty-format'
226 silly reify ]
227 silly reify mark retired [ '/Users/rashmianand/Desktop/shopsmart/server/node_modules/prompts' ]
228 silly reify mark retired [
228 silly reify   '/Users/rashmianand/Desktop/shopsmart/server/node_modules/proxy-addr'
228 silly reify ]
229 silly reify mark retired [
229 silly reify   '/Users/rashmianand/Desktop/shopsmart/server/node_modules/pstree.remy'
229 silly reify ]
230 silly reify mark retired [
230 silly reify   '/Users/rashmianand/Desktop/shopsmart/server/node_modules/pure-rand'
230 silly reify ]
231 silly reify mark retired [ '/Users/rashmianand/Desktop/shopsmart/server/node_modules/qs' ]
232 silly reify mark retired [
232 silly reify   '/Users/rashmianand/Desktop/shopsmart/server/node_modules/range-parser'
232 silly reify ]
233 silly reify mark retired [ '/Users/rashmianand/Desktop/shopsmart/server/node_modules/raw-body' ]
234 silly reify mark retired [ '/Users/rashmianand/Desktop/shopsmart/server/node_modules/react-is' ]
235 silly reify mark retired [ '/Users/rashmianand/Desktop/shopsmart/server/node_modules/readdirp' ]
236 silly reify mark retired [
236 silly reify   '/Users/rashmianand/Desktop/shopsmart/server/node_modules/require-directory'
236 silly reify ]
237 silly reify mark retired [ '/Users/rashmianand/Desktop/shopsmart/server/node_modules/resolve' ]
238 silly reify mark retired [
238 silly reify   '/Users/rashmianand/Desktop/shopsmart/server/node_modules/resolve-cwd'
238 silly reify ]
239 silly reify mark retired [
239 silly reify   '/Users/rashmianand/Desktop/shopsmart/server/node_modules/resolve-from'
239 silly reify ]
240 silly reify mark retired [
240 silly reify   '/Users/rashmianand/Desktop/shopsmart/server/node_modules/resolve.exports'
240 silly reify ]
241 silly reify mark retired [
241 silly reify   '/Users/rashmianand/Desktop/shopsmart/server/node_modules/safe-buffer'
241 silly reify ]
242 silly reify mark retired [
242 silly reify   '/Users/rashmianand/Desktop/shopsmart/server/node_modules/safer-buffer'
242 silly reify ]
243 silly reify mark retired [ '/Users/rashmianand/Desktop/shopsmart/server/node_modules/semver' ]
244 silly reify mark retired [ '/Users/rashmianand/Desktop/shopsmart/server/node_modules/send' ]
245 silly reify mark retired [
245 silly reify   '/Users/rashmianand/Desktop/shopsmart/server/node_modules/serve-static'
245 silly reify ]
246 silly reify mark retired [
246 silly reify   '/Users/rashmianand/Desktop/shopsmart/server/node_modules/setprototypeof'
246 silly reify ]
247 silly reify mark retired [
247 silly reify   '/Users/rashmianand/Desktop/shopsmart/server/node_modules/shebang-command'
247 silly reify ]
248 silly reify mark retired [
248 silly reify   '/Users/rashmianand/Desktop/shopsmart/server/node_modules/shebang-regex'
248 silly reify ]
249 silly reify mark retired [
249 silly reify   '/Users/rashmianand/Desktop/shopsmart/server/node_modules/side-channel'
249 silly reify ]
250 silly reify mark retired [
250 silly reify   '/Users/rashmianand/Desktop/shopsmart/server/node_modules/side-channel-list'
250 silly reify ]
251 silly reify mark retired [
251 silly reify   '/Users/rashmianand/Desktop/shopsmart/server/node_modules/side-channel-map'
251 silly reify ]
252 silly reify mark retired [
252 silly reify   '/Users/rashmianand/Desktop/shopsmart/server/node_modules/side-channel-weakmap'
252 silly reify ]
253 silly reify mark retired [
253 silly reify   '/Users/rashmianand/Desktop/shopsmart/server/node_modules/signal-exit'
253 silly reify ]
254 silly reify mark retired [
254 silly reify   '/Users/rashmianand/Desktop/shopsmart/server/node_modules/simple-update-notifier'
254 silly reify ]
255 silly reify mark retired [
255 silly reify   '/Users/rashmianand/Desktop/shopsmart/server/node_modules/sisteransi'
255 silly reify ]
256 silly reify mark retired [ '/Users/rashmianand/Desktop/shopsmart/server/node_modules/slash' ]
257 silly reify mark retired [
257 silly reify   '/Users/rashmianand/Desktop/shopsmart/server/node_modules/source-map'
257 silly reify ]
258 silly reify mark retired [
258 silly reify   '/Users/rashmianand/Desktop/shopsmart/server/node_modules/source-map-support'
258 silly reify ]
259 silly reify mark retired [
259 silly reify   '/Users/rashmianand/Desktop/shopsmart/server/node_modules/sprintf-js'
259 silly reify ]
260 silly reify mark retired [
260 silly reify   '/Users/rashmianand/Desktop/shopsmart/server/node_modules/stack-utils'
260 silly reify ]
261 silly reify mark retired [ '/Users/rashmianand/Desktop/shopsmart/server/node_modules/statuses' ]
262 silly reify mark retired [
262 silly reify   '/Users/rashmianand/Desktop/shopsmart/server/node_modules/string-length'
262 silly reify ]
263 silly reify mark retired [
263 silly reify   '/Users/rashmianand/Desktop/shopsmart/server/node_modules/string-width'
263 silly reify ]
264 silly reify mark retired [
264 silly reify   '/Users/rashmianand/Desktop/shopsmart/server/node_modules/strip-ansi'
264 silly reify ]
265 silly reify mark retired [
265 silly reify   '/Users/rashmianand/Desktop/shopsmart/server/node_modules/strip-bom'
265 silly reify ]
266 silly reify mark retired [
266 silly reify   '/Users/rashmianand/Desktop/shopsmart/server/node_modules/strip-final-newline'
266 silly reify ]
267 silly reify mark retired [
267 silly reify   '/Users/rashmianand/Desktop/shopsmart/server/node_modules/strip-json-comments'
267 silly reify ]
268 silly reify mark retired [
268 silly reify   '/Users/rashmianand/Desktop/shopsmart/server/node_modules/superagent'
268 silly reify ]
269 silly reify mark retired [
269 silly reify   '/Users/rashmianand/Desktop/shopsmart/server/node_modules/supertest'
269 silly reify ]
270 silly reify mark retired [
270 silly reify   '/Users/rashmianand/Desktop/shopsmart/server/node_modules/supports-color'
270 silly reify ]
271 silly reify mark retired [
271 silly reify   '/Users/rashmianand/Desktop/shopsmart/server/node_modules/supports-preserve-symlinks-flag'
271 silly reify ]
272 silly reify mark retired [
272 silly reify   '/Users/rashmianand/Desktop/shopsmart/server/node_modules/test-exclude'
272 silly reify ]
273 silly reify mark retired [ '/Users/rashmianand/Desktop/shopsmart/server/node_modules/tmpl' ]
274 silly reify mark retired [
274 silly reify   '/Users/rashmianand/Desktop/shopsmart/server/node_modules/to-regex-range'
274 silly reify ]
275 silly reify mark retired [
275 silly reify   '/Users/rashmianand/Desktop/shopsmart/server/node_modules/toidentifier'
275 silly reify ]
276 silly reify mark retired [ '/Users/rashmianand/Desktop/shopsmart/server/node_modules/touch' ]
277 silly reify mark retired [
277 silly reify   '/Users/rashmianand/Desktop/shopsmart/server/node_modules/type-detect'
277 silly reify ]
278 silly reify mark retired [
278 silly reify   '/Users/rashmianand/Desktop/shopsmart/server/node_modules/type-fest'
278 silly reify ]
279 silly reify mark retired [ '/Users/rashmianand/Desktop/shopsmart/server/node_modules/type-is' ]
280 silly reify mark retired [
280 silly reify   '/Users/rashmianand/Desktop/shopsmart/server/node_modules/undefsafe'
280 silly reify ]
281 silly reify mark retired [
281 silly reify   '/Users/rashmianand/Desktop/shopsmart/server/node_modules/undici-types'
281 silly reify ]
282 silly reify mark retired [ '/Users/rashmianand/Desktop/shopsmart/server/node_modules/unpipe' ]
283 silly reify mark retired [
283 silly reify   '/Users/rashmianand/Desktop/shopsmart/server/node_modules/update-browserslist-db'
283 silly reify ]
284 silly reify mark retired [
284 silly reify   '/Users/rashmianand/Desktop/shopsmart/server/node_modules/utils-merge'
284 silly reify ]
285 silly reify mark retired [
285 silly reify   '/Users/rashmianand/Desktop/shopsmart/server/node_modules/v8-to-istanbul'
285 silly reify ]
286 silly reify mark retired [ '/Users/rashmianand/Desktop/shopsmart/server/node_modules/vary' ]
287 silly reify mark retired [ '/Users/rashmianand/Desktop/shopsmart/server/node_modules/walker' ]
288 silly reify mark retired [ '/Users/rashmianand/Desktop/shopsmart/server/node_modules/which' ]
289 silly reify mark retired [
289 silly reify   '/Users/rashmianand/Desktop/shopsmart/server/node_modules/wrap-ansi'
289 silly reify ]
290 silly reify mark retired [ '/Users/rashmianand/Desktop/shopsmart/server/node_modules/wrappy' ]
291 silly reify mark retired [
291 silly reify   '/Users/rashmianand/Desktop/shopsmart/server/node_modules/write-file-atomic'
291 silly reify ]
292 silly reify mark retired [ '/Users/rashmianand/Desktop/shopsmart/server/node_modules/y18n' ]
293 silly reify mark retired [ '/Users/rashmianand/Desktop/shopsmart/server/node_modules/yallist' ]
294 silly reify mark retired [ '/Users/rashmianand/Desktop/shopsmart/server/node_modules/yargs' ]
295 silly reify mark retired [
295 silly reify   '/Users/rashmianand/Desktop/shopsmart/server/node_modules/yargs-parser'
295 silly reify ]
296 silly reify mark retired [
296 silly reify   '/Users/rashmianand/Desktop/shopsmart/server/node_modules/yocto-queue'
296 silly reify ]
297 silly reify mark retired [
297 silly reify   '/Users/rashmianand/Desktop/shopsmart/server/node_modules/@babel/code-frame'
297 silly reify ]
298 silly reify mark retired [
298 silly reify   '/Users/rashmianand/Desktop/shopsmart/server/node_modules/@babel/compat-data'
298 silly reify ]
299 silly reify mark retired [
299 silly reify   '/Users/rashmianand/Desktop/shopsmart/server/node_modules/@babel/core'
299 silly reify ]
300 silly reify mark retired [
300 silly reify   '/Users/rashmianand/Desktop/shopsmart/server/node_modules/@babel/generator'
300 silly reify ]
301 silly reify mark retired [
301 silly reify   '/Users/rashmianand/Desktop/shopsmart/server/node_modules/@babel/helper-compilation-targets'
301 silly reify ]
302 silly reify mark retired [
302 silly reify   '/Users/rashmianand/Desktop/shopsmart/server/node_modules/@babel/helper-globals'
302 silly reify ]
303 silly reify mark retired [
303 silly reify   '/Users/rashmianand/Desktop/shopsmart/server/node_modules/@babel/helper-module-imports'
303 silly reify ]
304 silly reify mark retired [
304 silly reify   '/Users/rashmianand/Desktop/shopsmart/server/node_modules/@babel/helper-module-transforms'
304 silly reify ]
305 silly reify mark retired [
305 silly reify   '/Users/rashmianand/Desktop/shopsmart/server/node_modules/@babel/helper-plugin-utils'
305 silly reify ]
306 silly reify mark retired [
306 silly reify   '/Users/rashmianand/Desktop/shopsmart/server/node_modules/@babel/helper-string-parser'
306 silly reify ]
307 silly reify mark retired [
307 silly reify   '/Users/rashmianand/Desktop/shopsmart/server/node_modules/@babel/helper-validator-identifier'
307 silly reify ]
308 silly reify mark retired [
308 silly reify   '/Users/rashmianand/Desktop/shopsmart/server/node_modules/@babel/helper-validator-option'
308 silly reify ]
309 silly reify mark retired [
309 silly reify   '/Users/rashmianand/Desktop/shopsmart/server/node_modules/@babel/helpers'
309 silly reify ]
310 silly reify mark retired [
310 silly reify   '/Users/rashmianand/Desktop/shopsmart/server/node_modules/@babel/parser'
310 silly reify ]
311 silly reify mark retired [
311 silly reify   '/Users/rashmianand/Desktop/shopsmart/server/node_modules/@babel/plugin-syntax-async-generators'
311 silly reify ]
312 silly reify mark retired [
312 silly reify   '/Users/rashmianand/Desktop/shopsmart/server/node_modules/@babel/plugin-syntax-bigint'
312 silly reify ]
313 silly reify mark retired [
313 silly reify   '/Users/rashmianand/Desktop/shopsmart/server/node_modules/@babel/plugin-syntax-class-properties'
313 silly reify ]
314 silly reify mark retired [
314 silly reify   '/Users/rashmianand/Desktop/shopsmart/server/node_modules/@babel/plugin-syntax-class-static-block'
314 silly reify ]
315 silly reify mark retired [
315 silly reify   '/Users/rashmianand/Desktop/shopsmart/server/node_modules/@babel/plugin-syntax-import-attributes'
315 silly reify ]
316 silly reify mark retired [
316 silly reify   '/Users/rashmianand/Desktop/shopsmart/server/node_modules/@babel/plugin-syntax-import-meta'
316 silly reify ]
317 silly reify mark retired [
317 silly reify   '/Users/rashmianand/Desktop/shopsmart/server/node_modules/@babel/plugin-syntax-json-strings'
317 silly reify ]
318 silly reify mark retired [
318 silly reify   '/Users/rashmianand/Desktop/shopsmart/server/node_modules/@babel/plugin-syntax-jsx'
318 silly reify ]
319 silly reify mark retired [
319 silly reify   '/Users/rashmianand/Desktop/shopsmart/server/node_modules/@babel/plugin-syntax-logical-assignment-operators'
319 silly reify ]
320 silly reify mark retired [
320 silly reify   '/Users/rashmianand/Desktop/shopsmart/server/node_modules/@babel/plugin-syntax-nullish-coalescing-operator'
320 silly reify ]
321 silly reify mark retired [
321 silly reify   '/Users/rashmianand/Desktop/shopsmart/server/node_modules/@babel/plugin-syntax-numeric-separator'
321 silly reify ]
322 silly reify mark retired [
322 silly reify   '/Users/rashmianand/Desktop/shopsmart/server/node_modules/@babel/plugin-syntax-object-rest-spread'
322 silly reify ]
323 silly reify mark retired [
323 silly reify   '/Users/rashmianand/Desktop/shopsmart/server/node_modules/@babel/plugin-syntax-optional-catch-binding'
323 silly reify ]
324 silly reify mark retired [
324 silly reify   '/Users/rashmianand/Desktop/shopsmart/server/node_modules/@babel/plugin-syntax-optional-chaining'
324 silly reify ]
325 silly reify mark retired [
325 silly reify   '/Users/rashmianand/Desktop/shopsmart/server/node_modules/@babel/plugin-syntax-private-property-in-object'
325 silly reify ]
326 silly reify mark retired [
326 silly reify   '/Users/rashmianand/Desktop/shopsmart/server/node_modules/@babel/plugin-syntax-top-level-await'
326 silly reify ]
327 silly reify mark retired [
327 silly reify   '/Users/rashmianand/Desktop/shopsmart/server/node_modules/@babel/plugin-syntax-typescript'
327 silly reify ]
328 silly reify mark retired [
328 silly reify   '/Users/rashmianand/Desktop/shopsmart/server/node_modules/@babel/template'
328 silly reify ]
329 silly reify mark retired [
329 silly reify   '/Users/rashmianand/Desktop/shopsmart/server/node_modules/@babel/traverse'
329 silly reify ]
330 silly reify mark retired [
330 silly reify   '/Users/rashmianand/Desktop/shopsmart/server/node_modules/@babel/types'
330 silly reify ]
331 silly reify mark retired [
331 silly reify   '/Users/rashmianand/Desktop/shopsmart/server/node_modules/@bcoe/v8-coverage'
331 silly reify ]
332 silly reify mark retired [
332 silly reify   '/Users/rashmianand/Desktop/shopsmart/server/node_modules/@istanbuljs/schema'
332 silly reify ]
333 silly reify mark retired [
333 silly reify   '/Users/rashmianand/Desktop/shopsmart/server/node_modules/@jest/console'
333 silly reify ]
334 silly reify mark retired [
334 silly reify   '/Users/rashmianand/Desktop/shopsmart/server/node_modules/@jest/core'
334 silly reify ]
335 silly reify mark retired [
335 silly reify   '/Users/rashmianand/Desktop/shopsmart/server/node_modules/@jest/expect'
335 silly reify ]
336 silly reify mark retired [
336 silly reify   '/Users/rashmianand/Desktop/shopsmart/server/node_modules/@istanbuljs/load-nyc-config'
336 silly reify ]
337 silly reify mark retired [
337 silly reify   '/Users/rashmianand/Desktop/shopsmart/server/node_modules/@jest/expect-utils'
337 silly reify ]
338 silly reify mark retired [
338 silly reify   '/Users/rashmianand/Desktop/shopsmart/server/node_modules/@jest/environment'
338 silly reify ]
339 silly reify mark retired [
339 silly reify   '/Users/rashmianand/Desktop/shopsmart/server/node_modules/@jest/globals'
339 silly reify ]
340 silly reify mark retired [
340 silly reify   '/Users/rashmianand/Desktop/shopsmart/server/node_modules/@jest/fake-timers'
340 silly reify ]
341 silly reify mark retired [
341 silly reify   '/Users/rashmianand/Desktop/shopsmart/server/node_modules/@jest/reporters'
341 silly reify ]
342 silly reify mark retired [
342 silly reify   '/Users/rashmianand/Desktop/shopsmart/server/node_modules/@jest/schemas'
342 silly reify ]
343 silly reify mark retired [
343 silly reify   '/Users/rashmianand/Desktop/shopsmart/server/node_modules/@jest/source-map'
343 silly reify ]
344 silly reify mark retired [
344 silly reify   '/Users/rashmianand/Desktop/shopsmart/server/node_modules/@jest/test-result'
344 silly reify ]
345 silly reify mark retired [
345 silly reify   '/Users/rashmianand/Desktop/shopsmart/server/node_modules/@jest/test-sequencer'
345 silly reify ]
346 silly reify mark retired [
346 silly reify   '/Users/rashmianand/Desktop/shopsmart/server/node_modules/@jest/transform'
346 silly reify ]
347 silly reify mark retired [
347 silly reify   '/Users/rashmianand/Desktop/shopsmart/server/node_modules/@jest/types'
347 silly reify ]
348 silly reify mark retired [
348 silly reify   '/Users/rashmianand/Desktop/shopsmart/server/node_modules/@jridgewell/gen-mapping'
348 silly reify ]
349 silly reify mark retired [
349 silly reify   '/Users/rashmianand/Desktop/shopsmart/server/node_modules/@jridgewell/remapping'
349 silly reify ]
350 silly reify mark retired [
350 silly reify   '/Users/rashmianand/Desktop/shopsmart/server/node_modules/@jridgewell/resolve-uri'
350 silly reify ]
351 silly reify mark retired [
351 silly reify   '/Users/rashmianand/Desktop/shopsmart/server/node_modules/@jridgewell/sourcemap-codec'
351 silly reify ]
352 silly reify mark retired [
352 silly reify   '/Users/rashmianand/Desktop/shopsmart/server/node_modules/@jridgewell/trace-mapping'
352 silly reify ]
353 silly reify mark retired [
353 silly reify   '/Users/rashmianand/Desktop/shopsmart/server/node_modules/@noble/hashes'
353 silly reify ]
354 silly reify mark retired [
354 silly reify   '/Users/rashmianand/Desktop/shopsmart/server/node_modules/@paralleldrive/cuid2'
354 silly reify ]
355 silly reify mark retired [
355 silly reify   '/Users/rashmianand/Desktop/shopsmart/server/node_modules/@sinclair/typebox'
355 silly reify ]
356 silly reify mark retired [
356 silly reify   '/Users/rashmianand/Desktop/shopsmart/server/node_modules/@sinonjs/commons'
356 silly reify ]
357 silly reify mark retired [
357 silly reify   '/Users/rashmianand/Desktop/shopsmart/server/node_modules/@sinonjs/fake-timers'
357 silly reify ]
358 silly reify mark retired [
358 silly reify   '/Users/rashmianand/Desktop/shopsmart/server/node_modules/@types/babel__core'
358 silly reify ]
359 silly reify mark retired [
359 silly reify   '/Users/rashmianand/Desktop/shopsmart/server/node_modules/@types/babel__generator'
359 silly reify ]
360 silly reify mark retired [
360 silly reify   '/Users/rashmianand/Desktop/shopsmart/server/node_modules/@types/babel__template'
360 silly reify ]
361 silly reify mark retired [
361 silly reify   '/Users/rashmianand/Desktop/shopsmart/server/node_modules/@types/babel__traverse'
361 silly reify ]
362 silly reify mark retired [
362 silly reify   '/Users/rashmianand/Desktop/shopsmart/server/node_modules/@types/graceful-fs'
362 silly reify ]
363 silly reify mark retired [
363 silly reify   '/Users/rashmianand/Desktop/shopsmart/server/node_modules/@types/istanbul-lib-coverage'
363 silly reify ]
364 silly reify mark retired [
364 silly reify   '/Users/rashmianand/Desktop/shopsmart/server/node_modules/@types/istanbul-lib-report'
364 silly reify ]
365 silly reify mark retired [
365 silly reify   '/Users/rashmianand/Desktop/shopsmart/server/node_modules/@types/istanbul-reports'
365 silly reify ]
366 silly reify mark retired [
366 silly reify   '/Users/rashmianand/Desktop/shopsmart/server/node_modules/@types/node'
366 silly reify ]
367 silly reify mark retired [
367 silly reify   '/Users/rashmianand/Desktop/shopsmart/server/node_modules/@types/stack-utils'
367 silly reify ]
368 silly reify mark retired [
368 silly reify   '/Users/rashmianand/Desktop/shopsmart/server/node_modules/@types/yargs'
368 silly reify ]
369 silly reify mark retired [
369 silly reify   '/Users/rashmianand/Desktop/shopsmart/server/node_modules/@types/yargs-parser'
369 silly reify ]
370 silly reify moves {
370 silly reify   '/Users/rashmianand/Desktop/shopsmart/server/node_modules/accepts': '/Users/rashmianand/Desktop/shopsmart/server/node_modules/.accepts-LphwJMBK',
370 silly reify   '/Users/rashmianand/Desktop/shopsmart/server/node_modules/ansi-escapes': '/Users/rashmianand/Desktop/shopsmart/server/node_modules/.ansi-escapes-DI4IbL8N',
370 silly reify   '/Users/rashmianand/Desktop/shopsmart/server/node_modules/ansi-regex': '/Users/rashmianand/Desktop/shopsmart/server/node_modules/.ansi-regex-MQi4wlKv',
370 silly reify   '/Users/rashmianand/Desktop/shopsmart/server/node_modules/ansi-styles': '/Users/rashmianand/Desktop/shopsmart/server/node_modules/.ansi-styles-62FM8UtZ',
370 silly reify   '/Users/rashmianand/Desktop/shopsmart/server/node_modules/anymatch': '/Users/rashmianand/Desktop/shopsmart/server/node_modules/.anymatch-wsYaXfD1',
370 silly reify   '/Users/rashmianand/Desktop/shopsmart/server/node_modules/argparse': '/Users/rashmianand/Desktop/shopsmart/server/node_modules/.argparse-r0UStfrs',
370 silly reify   '/Users/rashmianand/Desktop/shopsmart/server/node_modules/array-flatten': '/Users/rashmianand/Desktop/shopsmart/server/node_modules/.array-flatten-1Fe79cth',
370 silly reify   '/Users/rashmianand/Desktop/shopsmart/server/node_modules/asap': '/Users/rashmianand/Desktop/shopsmart/server/node_modules/.asap-gKkbMSKY',
370 silly reify   '/Users/rashmianand/Desktop/shopsmart/server/node_modules/asynckit': '/Users/rashmianand/Desktop/shopsmart/server/node_modules/.asynckit-s8e4ROYL',
370 silly reify   '/Users/rashmianand/Desktop/shopsmart/server/node_modules/babel-jest': '/Users/rashmianand/Desktop/shopsmart/server/node_modules/.babel-jest-tsTQfDPz',
370 silly reify   '/Users/rashmianand/Desktop/shopsmart/server/node_modules/babel-plugin-istanbul': '/Users/rashmianand/Desktop/shopsmart/server/node_modules/.babel-plugin-istanbul-9QbiYg5Y',
370 silly reify   '/Users/rashmianand/Desktop/shopsmart/server/node_modules/babel-plugin-jest-hoist': '/Users/rashmianand/Desktop/shopsmart/server/node_modules/.babel-plugin-jest-hoist-uqSxDMt6',
370 silly reify   '/Users/rashmianand/Desktop/shopsmart/server/node_modules/babel-preset-current-node-syntax': '/Users/rashmianand/Desktop/shopsmart/server/node_modules/.babel-preset-current-node-syntax-7NgC3a4a',
370 silly reify   '/Users/rashmianand/Desktop/shopsmart/server/node_modules/babel-preset-jest': '/Users/rashmianand/Desktop/shopsmart/server/node_modules/.babel-preset-jest-mz6uEKBj',
370 silly reify   '/Users/rashmianand/Desktop/shopsmart/server/node_modules/balanced-match': '/Users/rashmianand/Desktop/shopsmart/server/node_modules/.balanced-match-P7DyUW25',
370 silly reify   '/Users/rashmianand/Desktop/shopsmart/server/node_modules/baseline-browser-mapping': '/Users/rashmianand/Desktop/shopsmart/server/node_modules/.baseline-browser-mapping-4Kttt9O8',
370 silly reify   '/Users/rashmianand/Desktop/shopsmart/server/node_modules/basic-auth': '/Users/rashmianand/Desktop/shopsmart/server/node_modules/.basic-auth-rMtiQHUx',
370 silly reify   '/Users/rashmianand/Desktop/shopsmart/server/node_modules/binary-extensions': '/Users/rashmianand/Desktop/shopsmart/server/node_modules/.binary-extensions-in6MXJO2',
370 silly reify   '/Users/rashmianand/Desktop/shopsmart/server/node_modules/body-parser': '/Users/rashmianand/Desktop/shopsmart/server/node_modules/.body-parser-rrW0UONX',
370 silly reify   '/Users/rashmianand/Desktop/shopsmart/server/node_modules/brace-expansion': '/Users/rashmianand/Desktop/shopsmart/server/node_modules/.brace-expansion-IUlJxzw7',
370 silly reify   '/Users/rashmianand/Desktop/shopsmart/server/node_modules/braces': '/Users/rashmianand/Desktop/shopsmart/server/node_modules/.braces-9m0HRuBB',
370 silly reify   '/Users/rashmianand/Desktop/shopsmart/server/node_modules/browserslist': '/Users/rashmianand/Desktop/shopsmart/server/node_modules/.browserslist-DICj7a5b',
370 silly reify   '/Users/rashmianand/Desktop/shopsmart/server/node_modules/bser': '/Users/rashmianand/Desktop/shopsmart/server/node_modules/.bser-qZVx7BFW',
370 silly reify   '/Users/rashmianand/Desktop/shopsmart/server/node_modules/buffer-from': '/Users/rashmianand/Desktop/shopsmart/server/node_modules/.buffer-from-4AaDiuib',
370 silly reify   '/Users/rashmianand/Desktop/shopsmart/server/node_modules/bytes': '/Users/rashmianand/Desktop/shopsmart/server/node_modules/.bytes-BophGL5M',
370 silly reify   '/Users/rashmianand/Desktop/shopsmart/server/node_modules/call-bind-apply-helpers': '/Users/rashmianand/Desktop/shopsmart/server/node_modules/.call-bind-apply-helpers-f7DutrEe',
370 silly reify   '/Users/rashmianand/Desktop/shopsmart/server/node_modules/call-bound': '/Users/rashmianand/Desktop/shopsmart/server/node_modules/.call-bound-0wDCf2QM',
370 silly reify   '/Users/rashmianand/Desktop/shopsmart/server/node_modules/callsites': '/Users/rashmianand/Desktop/shopsmart/server/node_modules/.callsites-M9yUO34Z',
370 silly reify   '/Users/rashmianand/Desktop/shopsmart/server/node_modules/camelcase': '/Users/rashmianand/Desktop/shopsmart/server/node_modules/.camelcase-qeCUf9cD',
370 silly reify   '/Users/rashmianand/Desktop/shopsmart/server/node_modules/caniuse-lite': '/Users/rashmianand/Desktop/shopsmart/server/node_modules/.caniuse-lite-tkeGJJ03',
370 silly reify   '/Users/rashmianand/Desktop/shopsmart/server/node_modules/chalk': '/Users/rashmianand/Desktop/shopsmart/server/node_modules/.chalk-yBGm7fv3',
370 silly reify   '/Users/rashmianand/Desktop/shopsmart/server/node_modules/char-regex': '/Users/rashmianand/Desktop/shopsmart/server/node_modules/.char-regex-w39iYxXe',
370 silly reify   '/Users/rashmianand/Desktop/shopsmart/server/node_modules/chokidar': '/Users/rashmianand/Desktop/shopsmart/server/node_modules/.chokidar-d4gzgkPO',
370 silly reify   '/Users/rashmianand/Desktop/shopsmart/server/node_modules/ci-info': '/Users/rashmianand/Desktop/shopsmart/server/node_modules/.ci-info-VMXmlqqh',
370 silly reify   '/Users/rashmianand/Desktop/shopsmart/server/node_modules/cjs-module-lexer': '/Users/rashmianand/Desktop/shopsmart/server/node_modules/.cjs-module-lexer-7PwG4FmO',
370 silly reify   '/Users/rashmianand/Desktop/shopsmart/server/node_modules/cliui': '/Users/rashmianand/Desktop/shopsmart/server/node_modules/.cliui-aFNuvLcQ',
370 silly reify   '/Users/rashmianand/Desktop/shopsmart/server/node_modules/co': '/Users/rashmianand/Desktop/shopsmart/server/node_modules/.co-hWaZE43i',
370 silly reify   '/Users/rashmianand/Desktop/shopsmart/server/node_modules/collect-v8-coverage': '/Users/rashmianand/Desktop/shopsmart/server/node_modules/.collect-v8-coverage-H9AI303T',
370 silly reify   '/Users/rashmianand/Desktop/shopsmart/server/node_modules/color-convert': '/Users/rashmianand/Desktop/shopsmart/server/node_modules/.color-convert-QNNre691',
370 silly reify   '/Users/rashmianand/Desktop/shopsmart/server/node_modules/color-name': '/Users/rashmianand/Desktop/shopsmart/server/node_modules/.color-name-ofFD7eQI',
370 silly reify   '/Users/rashmianand/Desktop/shopsmart/server/node_modules/combined-stream': '/Users/rashmianand/Desktop/shopsmart/server/node_modules/.combined-stream-IaR6cKa7',
370 silly reify   '/Users/rashmianand/Desktop/shopsmart/server/node_modules/component-emitter': '/Users/rashmianand/Desktop/shopsmart/server/node_modules/.component-emitter-cJuY5QDg',
370 silly reify   '/Users/rashmianand/Desktop/shopsmart/server/node_modules/concat-map': '/Users/rashmianand/Desktop/shopsmart/server/node_modules/.concat-map-8FSU528G',
370 silly reify   '/Users/rashmianand/Desktop/shopsmart/server/node_modules/content-disposition': '/Users/rashmianand/Desktop/shopsmart/server/node_modules/.content-disposition-BA2Yyc8Z',
370 silly reify   '/Users/rashmianand/Desktop/shopsmart/server/node_modules/content-type': '/Users/rashmianand/Desktop/shopsmart/server/node_modules/.content-type-aRRKDkde',
370 silly reify   '/Users/rashmianand/Desktop/shopsmart/server/node_modules/convert-source-map': '/Users/rashmianand/Desktop/shopsmart/server/node_modules/.convert-source-map-oFgPVj4p',
370 silly reify   '/Users/rashmianand/Desktop/shopsmart/server/node_modules/cookie': '/Users/rashmianand/Desktop/shopsmart/server/node_modules/.cookie-iU1HjeyR',
370 silly reify   '/Users/rashmianand/Desktop/shopsmart/server/node_modules/cookie-signature': '/Users/rashmianand/Desktop/shopsmart/server/node_modules/.cookie-signature-L5maBbBN',
370 silly reify   '/Users/rashmianand/Desktop/shopsmart/server/node_modules/cookiejar': '/Users/rashmianand/Desktop/shopsmart/server/node_modules/.cookiejar-RDKEjyYb',
370 silly reify   '/Users/rashmianand/Desktop/shopsmart/server/node_modules/cors': '/Users/rashmianand/Desktop/shopsmart/server/node_modules/.cors-9Pt20Drf',
370 silly reify   '/Users/rashmianand/Desktop/shopsmart/server/node_modules/create-jest': '/Users/rashmianand/Desktop/shopsmart/server/node_modules/.create-jest-d97WqdpJ',
370 silly reify   '/Users/rashmianand/Desktop/shopsmart/server/node_modules/cross-spawn': '/Users/rashmianand/Desktop/shopsmart/server/node_modules/.cross-spawn-gIhgMl5s',
370 silly reify   '/Users/rashmianand/Desktop/shopsmart/server/node_modules/debug': '/Users/rashmianand/Desktop/shopsmart/server/node_modules/.debug-TQfSrZ5H',
370 silly reify   '/Users/rashmianand/Desktop/shopsmart/server/node_modules/dedent': '/Users/rashmianand/Desktop/shopsmart/server/node_modules/.dedent-M4fpuG9M',
370 silly reify   '/Users/rashmianand/Desktop/shopsmart/server/node_modules/deepmerge': '/Users/rashmianand/Desktop/shopsmart/server/node_modules/.deepmerge-gVimkoyY',
370 silly reify   '/Users/rashmianand/Desktop/shopsmart/server/node_modules/delayed-stream': '/Users/rashmianand/Desktop/shopsmart/server/node_modules/.delayed-stream-hVYcLMa1',
370 silly reify   '/Users/rashmianand/Desktop/shopsmart/server/node_modules/depd': '/Users/rashmianand/Desktop/shopsmart/server/node_modules/.depd-lT6NH10h',
370 silly reify   '/Users/rashmianand/Desktop/shopsmart/server/node_modules/destroy': '/Users/rashmianand/Desktop/shopsmart/server/node_modules/.destroy-LQdbmQyh',
370 silly reify   '/Users/rashmianand/Desktop/shopsmart/server/node_modules/detect-newline': '/Users/rashmianand/Desktop/shopsmart/server/node_modules/.detect-newline-ICvEfv8c',
370 silly reify   '/Users/rashmianand/Desktop/shopsmart/server/node_modules/dezalgo': '/Users/rashmianand/Desktop/shopsmart/server/node_modules/.dezalgo-i8BqAMct',
370 silly reify   '/Users/rashmianand/Desktop/shopsmart/server/node_modules/diff-sequences': '/Users/rashmianand/Desktop/shopsmart/server/node_modules/.diff-sequences-LK9kntG0',
370 silly reify   '/Users/rashmianand/Desktop/shopsmart/server/node_modules/dotenv': '/Users/rashmianand/Desktop/shopsmart/server/node_modules/.dotenv-NKtt7Hpf',
370 silly reify   '/Users/rashmianand/Desktop/shopsmart/server/node_modules/dunder-proto': '/Users/rashmianand/Desktop/shopsmart/server/node_modules/.dunder-proto-ABTQR4DW',
370 silly reify   '/Users/rashmianand/Desktop/shopsmart/server/node_modules/ee-first': '/Users/rashmianand/Desktop/shopsmart/server/node_modules/.ee-first-aDRmX5u8',
370 silly reify   '/Users/rashmianand/Desktop/shopsmart/server/node_modules/electron-to-chromium': '/Users/rashmianand/Desktop/shopsmart/server/node_modules/.electron-to-chromium-kslnKCXu',
370 silly reify   '/Users/rashmianand/Desktop/shopsmart/server/node_modules/emittery': '/Users/rashmianand/Desktop/shopsmart/server/node_modules/.emittery-ZjCNWzyY',
370 silly reify   '/Users/rashmianand/Desktop/shopsmart/server/node_modules/emoji-regex': '/Users/rashmianand/Desktop/shopsmart/server/node_modules/.emoji-regex-nhkxSjpa',
370 silly reify   '/Users/rashmianand/Desktop/shopsmart/server/node_modules/encodeurl': '/Users/rashmianand/Desktop/shopsmart/server/node_modules/.encodeurl-7ykXfoNT',
370 silly reify   '/Users/rashmianand/Desktop/shopsmart/server/node_modules/error-ex': '/Users/rashmianand/Desktop/shopsmart/server/node_modules/.error-ex-TggnriTT',
370 silly reify   '/Users/rashmianand/Desktop/shopsmart/server/node_modules/es-define-property': '/Users/rashmianand/Desktop/shopsmart/server/node_modules/.es-define-property-moKD4yKI',
370 silly reify   '/Users/rashmianand/Desktop/shopsmart/server/node_modules/es-errors': '/Users/rashmianand/Desktop/shopsmart/server/node_modules/.es-errors-QfXmHMkk',
370 silly reify   '/Users/rashmianand/Desktop/shopsmart/server/node_modules/es-object-atoms': '/Users/rashmianand/Desktop/shopsmart/server/node_modules/.es-object-atoms-Mn0TE8LM',
370 silly reify   '/Users/rashmianand/Desktop/shopsmart/server/node_modules/es-set-tostringtag': '/Users/rashmianand/Desktop/shopsmart/server/node_modules/.es-set-tostringtag-PIJxoYOS',
370 silly reify   '/Users/rashmianand/Desktop/shopsmart/server/node_modules/escalade': '/Users/rashmianand/Desktop/shopsmart/server/node_modules/.escalade-s4LnAxta',
370 silly reify   '/Users/rashmianand/Desktop/shopsmart/server/node_modules/escape-html': '/Users/rashmianand/Desktop/shopsmart/server/node_modules/.escape-html-28XxRB9R',
370 silly reify   '/Users/rashmianand/Desktop/shopsmart/server/node_modules/escape-string-regexp': '/Users/rashmianand/Desktop/shopsmart/server/node_modules/.escape-string-regexp-ZotcQSKf',
370 silly reify   '/Users/rashmianand/Desktop/shopsmart/server/node_modules/esprima': '/Users/rashmianand/Desktop/shopsmart/server/node_modules/.esprima-R1Wq0979',
370 silly reify   '/Users/rashmianand/Desktop/shopsmart/server/node_modules/etag': '/Users/rashmianand/Desktop/shopsmart/server/node_modules/.etag-MpfbjRxs',
370 silly reify   '/Users/rashmianand/Desktop/shopsmart/server/node_modules/execa': '/Users/rashmianand/Desktop/shopsmart/server/node_modules/.execa-Wz7h22Vg',
370 silly reify   '/Users/rashmianand/Desktop/shopsmart/server/node_modules/exit': '/Users/rashmianand/Desktop/shopsmart/server/node_modules/.exit-HXoKawDj',
370 silly reify   '/Users/rashmianand/Desktop/shopsmart/server/node_modules/expect': '/Users/rashmianand/Desktop/shopsmart/server/node_modules/.expect-7hQC6KsV',
370 silly reify   '/Users/rashmianand/Desktop/shopsmart/server/node_modules/express': '/Users/rashmianand/Desktop/shopsmart/server/node_modules/.express-466HENBc',
370 silly reify   '/Users/rashmianand/Desktop/shopsmart/server/node_modules/fast-json-stable-stringify': '/Users/rashmianand/Desktop/shopsmart/server/node_modules/.fast-json-stable-stringify-w77OmroN',
370 silly reify   '/Users/rashmianand/Desktop/shopsmart/server/node_modules/fast-safe-stringify': '/Users/rashmianand/Desktop/shopsmart/server/node_modules/.fast-safe-stringify-fUnpUwqW',
370 silly reify   '/Users/rashmianand/Desktop/shopsmart/server/node_modules/fb-watchman': '/Users/rashmianand/Desktop/shopsmart/server/node_modules/.fb-watchman-jhhGeKpi',
370 silly reify   '/Users/rashmianand/Desktop/shopsmart/server/node_modules/fill-range': '/Users/rashmianand/Desktop/shopsmart/server/node_modules/.fill-range-FszxGaSx',
370 silly reify   '/Users/rashmianand/Desktop/shopsmart/server/node_modules/finalhandler': '/Users/rashmianand/Desktop/shopsmart/server/node_modules/.finalhandler-jZrzzhDh',
370 silly reify   '/Users/rashmianand/Desktop/shopsmart/server/node_modules/find-up': '/Users/rashmianand/Desktop/shopsmart/server/node_modules/.find-up-QcYTVz1J',
370 silly reify   '/Users/rashmianand/Desktop/shopsmart/server/node_modules/form-data': '/Users/rashmianand/Desktop/shopsmart/server/node_modules/.form-data-G0QmJGfw',
370 silly reify   '/Users/rashmianand/Desktop/shopsmart/server/node_modules/formidable': '/Users/rashmianand/Desktop/shopsmart/server/node_modules/.formidable-knnRhmsd',
370 silly reify   '/Users/rashmianand/Desktop/shopsmart/server/node_modules/forwarded': '/Users/rashmianand/Desktop/shopsmart/server/node_modules/.forwarded-zSGmkmtV',
370 silly reify   '/Users/rashmianand/Desktop/shopsmart/server/node_modules/fresh': '/Users/rashmianand/Desktop/shopsmart/server/node_modules/.fresh-RWnZNvZI',
370 silly reify   '/Users/rashmianand/Desktop/shopsmart/server/node_modules/fs.realpath': '/Users/rashmianand/Desktop/shopsmart/server/node_modules/.fs.realpath-8KhtQ1sp',
370 silly reify   '/Users/rashmianand/Desktop/shopsmart/server/node_modules/fsevents': '/Users/rashmianand/Desktop/shopsmart/server/node_modules/.fsevents-4YTDxXRe',
370 silly reify   '/Users/rashmianand/Desktop/shopsmart/server/node_modules/function-bind': '/Users/rashmianand/Desktop/shopsmart/server/node_modules/.function-bind-oG8hbhJV',
370 silly reify   '/Users/rashmianand/Desktop/shopsmart/server/node_modules/gensync': '/Users/rashmianand/Desktop/shopsmart/server/node_modules/.gensync-UhgZFh3i',
370 silly reify   '/Users/rashmianand/Desktop/shopsmart/server/node_modules/get-caller-file': '/Users/rashmianand/Desktop/shopsmart/server/node_modules/.get-caller-file-Yxq7HLB4',
370 silly reify   '/Users/rashmianand/Desktop/shopsmart/server/node_modules/get-intrinsic': '/Users/rashmianand/Desktop/shopsmart/server/node_modules/.get-intrinsic-q2Egz4DN',
370 silly reify   '/Users/rashmianand/Desktop/shopsmart/server/node_modules/get-package-type': '/Users/rashmianand/Desktop/shopsmart/server/node_modules/.get-package-type-CSkzwyk4',
370 silly reify   '/Users/rashmianand/Desktop/shopsmart/server/node_modules/get-proto': '/Users/rashmianand/Desktop/shopsmart/server/node_modules/.get-proto-X827rFvP',
370 silly reify   '/Users/rashmianand/Desktop/shopsmart/server/node_modules/get-stream': '/Users/rashmianand/Desktop/shopsmart/server/node_modules/.get-stream-NfB4TiGr',
370 silly reify   '/Users/rashmianand/Desktop/shopsmart/server/node_modules/glob': '/Users/rashmianand/Desktop/shopsmart/server/node_modules/.glob-JZrjPTxs',
370 silly reify   '/Users/rashmianand/Desktop/shopsmart/server/node_modules/glob-parent': '/Users/rashmianand/Desktop/shopsmart/server/node_modules/.glob-parent-awF6PKpR',
370 silly reify   '/Users/rashmianand/Desktop/shopsmart/server/node_modules/gopd': '/Users/rashmianand/Desktop/shopsmart/server/node_modules/.gopd-CVywY9fU',
370 silly reify   '/Users/rashmianand/Desktop/shopsmart/server/node_modules/graceful-fs': '/Users/rashmianand/Desktop/shopsmart/server/node_modules/.graceful-fs-VKtBREjE',
370 silly reify   '/Users/rashmianand/Desktop/shopsmart/server/node_modules/has-flag': '/Users/rashmianand/Desktop/shopsmart/server/node_modules/.has-flag-G960B9Iu',
370 silly reify   '/Users/rashmianand/Desktop/shopsmart/server/node_modules/has-symbols': '/Users/rashmianand/Desktop/shopsmart/server/node_modules/.has-symbols-R6ppMFj7',
370 silly reify   '/Users/rashmianand/Desktop/shopsmart/server/node_modules/has-tostringtag': '/Users/rashmianand/Desktop/shopsmart/server/node_modules/.has-tostringtag-V9IPoaCm',
370 silly reify   '/Users/rashmianand/Desktop/shopsmart/server/node_modules/hasown': '/Users/rashmianand/Desktop/shopsmart/server/node_modules/.hasown-T0rP0Xii',
370 silly reify   '/Users/rashmianand/Desktop/shopsmart/server/node_modules/html-escaper': '/Users/rashmianand/Desktop/shopsmart/server/node_modules/.html-escaper-SEqeIvwB',
370 silly reify   '/Users/rashmianand/Desktop/shopsmart/server/node_modules/http-errors': '/Users/rashmianand/Desktop/shopsmart/server/node_modules/.http-errors-d6Agg6Ik',
370 silly reify   '/Users/rashmianand/Desktop/shopsmart/server/node_modules/human-signals': '/Users/rashmianand/Desktop/shopsmart/server/node_modules/.human-signals-fvVNwNN2',
370 silly reify   '/Users/rashmianand/Desktop/shopsmart/server/node_modules/iconv-lite': '/Users/rashmianand/Desktop/shopsmart/server/node_modules/.iconv-lite-Q2DMhaI4',
370 silly reify   '/Users/rashmianand/Desktop/shopsmart/server/node_modules/ignore-by-default': '/Users/rashmianand/Desktop/shopsmart/server/node_modules/.ignore-by-default-P56TevHG',
370 silly reify   '/Users/rashmianand/Desktop/shopsmart/server/node_modules/imurmurhash': '/Users/rashmianand/Desktop/shopsmart/server/node_modules/.imurmurhash-jVYVNr86',
370 silly reify   '/Users/rashmianand/Desktop/shopsmart/server/node_modules/inflight': '/Users/rashmianand/Desktop/shopsmart/server/node_modules/.inflight-KFXRIeRp',
370 silly reify   '/Users/rashmianand/Desktop/shopsmart/server/node_modules/inherits': '/Users/rashmianand/Desktop/shopsmart/server/node_modules/.inherits-62mlTWNb',
370 silly reify   '/Users/rashmianand/Desktop/shopsmart/server/node_modules/ipaddr.js': '/Users/rashmianand/Desktop/shopsmart/server/node_modules/.ipaddr.js-f7drRpvP',
370 silly reify   '/Users/rashmianand/Desktop/shopsmart/server/node_modules/is-arrayish': '/Users/rashmianand/Desktop/shopsmart/server/node_modules/.is-arrayish-kdIXlorD',
370 silly reify   '/Users/rashmianand/Desktop/shopsmart/server/node_modules/is-binary-path': '/Users/rashmianand/Desktop/shopsmart/server/node_modules/.is-binary-path-0mNRp8Q4',
370 silly reify   '/Users/rashmianand/Desktop/shopsmart/server/node_modules/is-core-module': '/Users/rashmianand/Desktop/shopsmart/server/node_modules/.is-core-module-Msgjswd7',
370 silly reify   '/Users/rashmianand/Desktop/shopsmart/server/node_modules/is-extglob': '/Users/rashmianand/Desktop/shopsmart/server/node_modules/.is-extglob-PgAsUTQe',
370 silly reify   '/Users/rashmianand/Desktop/shopsmart/server/node_modules/is-fullwidth-code-point': '/Users/rashmianand/Desktop/shopsmart/server/node_modules/.is-fullwidth-code-point-RmOde5Th',
370 silly reify   '/Users/rashmianand/Desktop/shopsmart/server/node_modules/import-local': '/Users/rashmianand/Desktop/shopsmart/server/node_modules/.import-local-WlstUn10',
370 silly reify   '/Users/rashmianand/Desktop/shopsmart/server/node_modules/is-generator-fn': '/Users/rashmianand/Desktop/shopsmart/server/node_modules/.is-generator-fn-wOyEX8bg',
370 silly reify   '/Users/rashmianand/Desktop/shopsmart/server/node_modules/is-glob': '/Users/rashmianand/Desktop/shopsmart/server/node_modules/.is-glob-WY0zy5jz',
370 silly reify   '/Users/rashmianand/Desktop/shopsmart/server/node_modules/is-number': '/Users/rashmianand/Desktop/shopsmart/server/node_modules/.is-number-ujtsrP4h',
370 silly reify   '/Users/rashmianand/Desktop/shopsmart/server/node_modules/is-stream': '/Users/rashmianand/Desktop/shopsmart/server/node_modules/.is-stream-yz434Jih',
370 silly reify   '/Users/rashmianand/Desktop/shopsmart/server/node_modules/isexe': '/Users/rashmianand/Desktop/shopsmart/server/node_modules/.isexe-Ce8YC5Tu',
370 silly reify   '/Users/rashmianand/Desktop/shopsmart/server/node_modules/istanbul-lib-coverage': '/Users/rashmianand/Desktop/shopsmart/server/node_modules/.istanbul-lib-coverage-4mVOIUrW',
370 silly reify   '/Users/rashmianand/Desktop/shopsmart/server/node_modules/istanbul-lib-instrument': '/Users/rashmianand/Desktop/shopsmart/server/node_modules/.istanbul-lib-instrument-QHQrGxkw',
370 silly reify   '/Users/rashmianand/Desktop/shopsmart/server/node_modules/istanbul-lib-report': '/Users/rashmianand/Desktop/shopsmart/server/node_modules/.istanbul-lib-report-pcoHjHyM',
370 silly reify   '/Users/rashmianand/Desktop/shopsmart/server/node_modules/istanbul-lib-source-maps': '/Users/rashmianand/Desktop/shopsmart/server/node_modules/.istanbul-lib-source-maps-O7Rsy1UF',
370 silly reify   '/Users/rashmianand/Desktop/shopsmart/server/node_modules/istanbul-reports': '/Users/rashmianand/Desktop/shopsmart/server/node_modules/.istanbul-reports-zZCXqLSh',
370 silly reify   '/Users/rashmianand/Desktop/shopsmart/server/node_modules/jest': '/Users/rashmianand/Desktop/shopsmart/server/node_modules/.jest-fi4qaslw',
370 silly reify   '/Users/rashmianand/Desktop/shopsmart/server/node_modules/jest-changed-files': '/Users/rashmianand/Desktop/shopsmart/server/node_modules/.jest-changed-files-LKMD4QNF',
370 silly reify   '/Users/rashmianand/Desktop/shopsmart/server/node_modules/jest-circus': '/Users/rashmianand/Desktop/shopsmart/server/node_modules/.jest-circus-TzLhE6kj',
370 silly reify   '/Users/rashmianand/Desktop/shopsmart/server/node_modules/jest-cli': '/Users/rashmianand/Desktop/shopsmart/server/node_modules/.jest-cli-ZuAaszm1',
370 silly reify   '/Users/rashmianand/Desktop/shopsmart/server/node_modules/jest-config': '/Users/rashmianand/Desktop/shopsmart/server/node_modules/.jest-config-xeyGb68Z',
370 silly reify   '/Users/rashmianand/Desktop/shopsmart/server/node_modules/jest-diff': '/Users/rashmianand/Desktop/shopsmart/server/node_modules/.jest-diff-eEnrWgMW',
370 silly reify   '/Users/rashmianand/Desktop/shopsmart/server/node_modules/jest-docblock': '/Users/rashmianand/Desktop/shopsmart/server/node_modules/.jest-docblock-HhYeecX6',
370 silly reify   '/Users/rashmianand/Desktop/shopsmart/server/node_modules/jest-each': '/Users/rashmianand/Desktop/shopsmart/server/node_modules/.jest-each-OQjbq5Fq',
370 silly reify   '/Users/rashmianand/Desktop/shopsmart/server/node_modules/jest-environment-node': '/Users/rashmianand/Desktop/shopsmart/server/node_modules/.jest-environment-node-65qyVs3M',
370 silly reify   '/Users/rashmianand/Desktop/shopsmart/server/node_modules/jest-get-type': '/Users/rashmianand/Desktop/shopsmart/server/node_modules/.jest-get-type-XacWWUzI',
370 silly reify   '/Users/rashmianand/Desktop/shopsmart/server/node_modules/jest-haste-map': '/Users/rashmianand/Desktop/shopsmart/server/node_modules/.jest-haste-map-Kha0VGvg',
370 silly reify   '/Users/rashmianand/Desktop/shopsmart/server/node_modules/jest-leak-detector': '/Users/rashmianand/Desktop/shopsmart/server/node_modules/.jest-leak-detector-lOchMnpt',
370 silly reify   '/Users/rashmianand/Desktop/shopsmart/server/node_modules/jest-matcher-utils': '/Users/rashmianand/Desktop/shopsmart/server/node_modules/.jest-matcher-utils-A4Gbru3n',
370 silly reify   '/Users/rashmianand/Desktop/shopsmart/server/node_modules/jest-message-util': '/Users/rashmianand/Desktop/shopsmart/server/node_modules/.jest-message-util-lY5Mrdf0',
370 silly reify   '/Users/rashmianand/Desktop/shopsmart/server/node_modules/jest-mock': '/Users/rashmianand/Desktop/shopsmart/server/node_modules/.jest-mock-191Lh1fC',
370 silly reify   '/Users/rashmianand/Desktop/shopsmart/server/node_modules/jest-pnp-resolver': '/Users/rashmianand/Desktop/shopsmart/server/node_modules/.jest-pnp-resolver-Hf6AnjI6',
370 silly reify   '/Users/rashmianand/Desktop/shopsmart/server/node_modules/jest-regex-util': '/Users/rashmianand/Desktop/shopsmart/server/node_modules/.jest-regex-util-IPwET8dq',
370 silly reify   '/Users/rashmianand/Desktop/shopsmart/server/node_modules/jest-resolve': '/Users/rashmianand/Desktop/shopsmart/server/node_modules/.jest-resolve-DQTv4GhG',
370 silly reify   '/Users/rashmianand/Desktop/shopsmart/server/node_modules/jest-resolve-dependencies': '/Users/rashmianand/Desktop/shopsmart/server/node_modules/.jest-resolve-dependencies-jYOZUzth',
370 silly reify   '/Users/rashmianand/Desktop/shopsmart/server/node_modules/jest-runner': '/Users/rashmianand/Desktop/shopsmart/server/node_modules/.jest-runner-o2ozVYFM',
370 silly reify   '/Users/rashmianand/Desktop/shopsmart/server/node_modules/jest-runtime': '/Users/rashmianand/Desktop/shopsmart/server/node_modules/.jest-runtime-hLdk4tmx',
370 silly reify   '/Users/rashmianand/Desktop/shopsmart/server/node_modules/jest-snapshot': '/Users/rashmianand/Desktop/shopsmart/server/node_modules/.jest-snapshot-Im1aSQx2',
370 silly reify   '/Users/rashmianand/Desktop/shopsmart/server/node_modules/jest-util': '/Users/rashmianand/Desktop/shopsmart/server/node_modules/.jest-util-lQGOqpde',
370 silly reify   '/Users/rashmianand/Desktop/shopsmart/server/node_modules/jest-validate': '/Users/rashmianand/Desktop/shopsmart/server/node_modules/.jest-validate-x1qsee9j',
370 silly reify   '/Users/rashmianand/Desktop/shopsmart/server/node_modules/jest-watcher': '/Users/rashmianand/Desktop/shopsmart/server/node_modules/.jest-watcher-MEWBoI8j',
370 silly reify   '/Users/rashmianand/Desktop/shopsmart/server/node_modules/jest-worker': '/Users/rashmianand/Desktop/shopsmart/server/node_modules/.jest-worker-qboAmAxl',
370 silly reify   '/Users/rashmianand/Desktop/shopsmart/server/node_modules/js-tokens': '/Users/rashmianand/Desktop/shopsmart/server/node_modules/.js-tokens-QTABwJ56',
370 silly reify   '/Users/rashmianand/Desktop/shopsmart/server/node_modules/js-yaml': '/Users/rashmianand/Desktop/shopsmart/server/node_modules/.js-yaml-XXeL5ZPg',
370 silly reify   '/Users/rashmianand/Desktop/shopsmart/server/node_modules/jsesc': '/Users/rashmianand/Desktop/shopsmart/server/node_modules/.jsesc-W699VB3M',
370 silly reify   '/Users/rashmianand/Desktop/shopsmart/server/node_modules/json-parse-even-better-errors': '/Users/rashmianand/Desktop/shopsmart/server/node_modules/.json-parse-even-better-errors-1Lh5D3m1',
370 silly reify   '/Users/rashmianand/Desktop/shopsmart/server/node_modules/json5': '/Users/rashmianand/Desktop/shopsmart/server/node_modules/.json5-LdXLd34c',
370 silly reify   '/Users/rashmianand/Desktop/shopsmart/server/node_modules/kleur': '/Users/rashmianand/Desktop/shopsmart/server/node_modules/.kleur-ryKPoukn',
370 silly reify   '/Users/rashmianand/Desktop/shopsmart/server/node_modules/leven': '/Users/rashmianand/Desktop/shopsmart/server/node_modules/.leven-hLg0zuT1',
370 silly reify   '/Users/rashmianand/Desktop/shopsmart/server/node_modules/lines-and-columns': '/Users/rashmianand/Desktop/shopsmart/server/node_modules/.lines-and-columns-HkPtWa4E',
370 silly reify   '/Users/rashmianand/Desktop/shopsmart/server/node_modules/locate-path': '/Users/rashmianand/Desktop/shopsmart/server/node_modules/.locate-path-eXGn9adV',
370 silly reify   '/Users/rashmianand/Desktop/shopsmart/server/node_modules/lru-cache': '/Users/rashmianand/Desktop/shopsmart/server/node_modules/.lru-cache-ebU8c9J9',
370 silly reify   '/Users/rashmianand/Desktop/shopsmart/server/node_modules/make-dir': '/Users/rashmianand/Desktop/shopsmart/server/node_modules/.make-dir-PaZOWgae',
370 silly reify   '/Users/rashmianand/Desktop/shopsmart/server/node_modules/makeerror': '/Users/rashmianand/Desktop/shopsmart/server/node_modules/.makeerror-70UD84cc',
370 silly reify   '/Users/rashmianand/Desktop/shopsmart/server/node_modules/math-intrinsics': '/Users/rashmianand/Desktop/shopsmart/server/node_modules/.math-intrinsics-3ofAD0Xr',
370 silly reify   '/Users/rashmianand/Desktop/shopsmart/server/node_modules/media-typer': '/Users/rashmianand/Desktop/shopsmart/server/node_modules/.media-typer-lSvWRHDD',
370 silly reify   '/Users/rashmianand/Desktop/shopsmart/server/node_modules/merge-descriptors': '/Users/rashmianand/Desktop/shopsmart/server/node_modules/.merge-descriptors-g3y003p2',
370 silly reify   '/Users/rashmianand/Desktop/shopsmart/server/node_modules/merge-stream': '/Users/rashmianand/Desktop/shopsmart/server/node_modules/.merge-stream-uG3LptgD',
370 silly reify   '/Users/rashmianand/Desktop/shopsmart/server/node_modules/methods': '/Users/rashmianand/Desktop/shopsmart/server/node_modules/.methods-eugoJLpU',
370 silly reify   '/Users/rashmianand/Desktop/shopsmart/server/node_modules/micromatch': '/Users/rashmianand/Desktop/shopsmart/server/node_modules/.micromatch-BNzsca7A',
370 silly reify   '/Users/rashmianand/Desktop/shopsmart/server/node_modules/mime': '/Users/rashmianand/Desktop/shopsmart/server/node_modules/.mime-i5wKvCQi',
370 silly reify   '/Users/rashmianand/Desktop/shopsmart/server/node_modules/mime-db': '/Users/rashmianand/Desktop/shopsmart/server/node_modules/.mime-db-ozLF1Ttb',
370 silly reify   '/Users/rashmianand/Desktop/shopsmart/server/node_modules/mime-types': '/Users/rashmianand/Desktop/shopsmart/server/node_modules/.mime-types-g52F27ce',
370 silly reify   '/Users/rashmianand/Desktop/shopsmart/server/node_modules/mimic-fn': '/Users/rashmianand/Desktop/shopsmart/server/node_modules/.mimic-fn-q0qeOkqQ',
370 silly reify   '/Users/rashmianand/Desktop/shopsmart/server/node_modules/minimatch': '/Users/rashmianand/Desktop/shopsmart/server/node_modules/.minimatch-YcEPgx3F',
370 silly reify   '/Users/rashmianand/Desktop/shopsmart/server/node_modules/morgan': '/Users/rashmianand/Desktop/shopsmart/server/node_modules/.morgan-nwMR3sjx',
370 silly reify   '/Users/rashmianand/Desktop/shopsmart/server/node_modules/ms': '/Users/rashmianand/Desktop/shopsmart/server/node_modules/.ms-RYUC9x1K',
370 silly reify   '/Users/rashmianand/Desktop/shopsmart/server/node_modules/natural-compare': '/Users/rashmianand/Desktop/shopsmart/server/node_modules/.natural-compare-DFunXZXB',
370 silly reify   '/Users/rashmianand/Desktop/shopsmart/server/node_modules/negotiator': '/Users/rashmianand/Desktop/shopsmart/server/node_modules/.negotiator-snDmweZb',
370 silly reify   '/Users/rashmianand/Desktop/shopsmart/server/node_modules/node-releases': '/Users/rashmianand/Desktop/shopsmart/server/node_modules/.node-releases-iuLiB8Sm',
370 silly reify   '/Users/rashmianand/Desktop/shopsmart/server/node_modules/nodemon': '/Users/rashmianand/Desktop/shopsmart/server/node_modules/.nodemon-5MRF7gr9',
370 silly reify   '/Users/rashmianand/Desktop/shopsmart/server/node_modules/normalize-path': '/Users/rashmianand/Desktop/shopsmart/server/node_modules/.normalize-path-Oez0neYt',
370 silly reify   '/Users/rashmianand/Desktop/shopsmart/server/node_modules/npm-run-path': '/Users/rashmianand/Desktop/shopsmart/server/node_modules/.npm-run-path-JEuiT3rf',
370 silly reify   '/Users/rashmianand/Desktop/shopsmart/server/node_modules/object-assign': '/Users/rashmianand/Desktop/shopsmart/server/node_modules/.object-assign-wEAeU4lS',
370 silly reify   '/Users/rashmianand/Desktop/shopsmart/server/node_modules/object-inspect': '/Users/rashmianand/Desktop/shopsmart/server/node_modules/.object-inspect-j3I6WRSm',
370 silly reify   '/Users/rashmianand/Desktop/shopsmart/server/node_modules/node-int64': '/Users/rashmianand/Desktop/shopsmart/server/node_modules/.node-int64-T5PfzZBR',
370 silly reify   '/Users/rashmianand/Desktop/shopsmart/server/node_modules/on-headers': '/Users/rashmianand/Desktop/shopsmart/server/node_modules/.on-headers-bMXd32mD',
370 silly reify   '/Users/rashmianand/Desktop/shopsmart/server/node_modules/on-finished': '/Users/rashmianand/Desktop/shopsmart/server/node_modules/.on-finished-1FZvBLuz',
370 silly reify   '/Users/rashmianand/Desktop/shopsmart/server/node_modules/once': '/Users/rashmianand/Desktop/shopsmart/server/node_modules/.once-Fh1T7cMp',
370 silly reify   '/Users/rashmianand/Desktop/shopsmart/server/node_modules/onetime': '/Users/rashmianand/Desktop/shopsmart/server/node_modules/.onetime-ufoVFJqu',
370 silly reify   '/Users/rashmianand/Desktop/shopsmart/server/node_modules/p-locate': '/Users/rashmianand/Desktop/shopsmart/server/node_modules/.p-locate-lUOeUgSI',
370 silly reify   '/Users/rashmianand/Desktop/shopsmart/server/node_modules/p-try': '/Users/rashmianand/Desktop/shopsmart/server/node_modules/.p-try-q3RKx9mp',
370 silly reify   '/Users/rashmianand/Desktop/shopsmart/server/node_modules/parse-json': '/Users/rashmianand/Desktop/shopsmart/server/node_modules/.parse-json-CAzkkDph',
370 silly reify   '/Users/rashmianand/Desktop/shopsmart/server/node_modules/p-limit': '/Users/rashmianand/Desktop/shopsmart/server/node_modules/.p-limit-hQpyDYZE',
370 silly reify   '/Users/rashmianand/Desktop/shopsmart/server/node_modules/parseurl': '/Users/rashmianand/Desktop/shopsmart/server/node_modules/.parseurl-dy35Kd2j',
370 silly reify   '/Users/rashmianand/Desktop/shopsmart/server/node_modules/path-exists': '/Users/rashmianand/Desktop/shopsmart/server/node_modules/.path-exists-z3UMFBih',
370 silly reify   '/Users/rashmianand/Desktop/shopsmart/server/node_modules/path-key': '/Users/rashmianand/Desktop/shopsmart/server/node_modules/.path-key-asrDAhVV',
370 silly reify   '/Users/rashmianand/Desktop/shopsmart/server/node_modules/path-parse': '/Users/rashmianand/Desktop/shopsmart/server/node_modules/.path-parse-EJkBeUaF',
370 silly reify   '/Users/rashmianand/Desktop/shopsmart/server/node_modules/path-is-absolute': '/Users/rashmianand/Desktop/shopsmart/server/node_modules/.path-is-absolute-oETKCLz1',
370 silly reify   '/Users/rashmianand/Desktop/shopsmart/server/node_modules/path-to-regexp': '/Users/rashmianand/Desktop/shopsmart/server/node_modules/.path-to-regexp-M7ZwefhP',
370 silly reify   '/Users/rashmianand/Desktop/shopsmart/server/node_modules/picocolors': '/Users/rashmianand/Desktop/shopsmart/server/node_modules/.picocolors-IwDDzRku',
370 silly reify   '/Users/rashmianand/Desktop/shopsmart/server/node_modules/picomatch': '/Users/rashmianand/Desktop/shopsmart/server/node_modules/.picomatch-406RdLWi',
370 silly reify   '/Users/rashmianand/Desktop/shopsmart/server/node_modules/pirates': '/Users/rashmianand/Desktop/shopsmart/server/node_modules/.pirates-ANJPi4CV',
370 silly reify   '/Users/rashmianand/Desktop/shopsmart/server/node_modules/pkg-dir': '/Users/rashmianand/Desktop/shopsmart/server/node_modules/.pkg-dir-mvPuPpDA',
370 silly reify   '/Users/rashmianand/Desktop/shopsmart/server/node_modules/pretty-format': '/Users/rashmianand/Desktop/shopsmart/server/node_modules/.pretty-format-uMnByvcs',
370 silly reify   '/Users/rashmianand/Desktop/shopsmart/server/node_modules/prompts': '/Users/rashmianand/Desktop/shopsmart/server/node_modules/.prompts-W69B6isK',
370 silly reify   '/Users/rashmianand/Desktop/shopsmart/server/node_modules/proxy-addr': '/Users/rashmianand/Desktop/shopsmart/server/node_modules/.proxy-addr-tfmJdk0L',
370 silly reify   '/Users/rashmianand/Desktop/shopsmart/server/node_modules/pstree.remy': '/Users/rashmianand/Desktop/shopsmart/server/node_modules/.pstree.remy-4ylba9Mt',
370 silly reify   '/Users/rashmianand/Desktop/shopsmart/server/node_modules/pure-rand': '/Users/rashmianand/Desktop/shopsmart/server/node_modules/.pure-rand-DFicxvvZ',
370 silly reify   '/Users/rashmianand/Desktop/shopsmart/server/node_modules/qs': '/Users/rashmianand/Desktop/shopsmart/server/node_modules/.qs-SwMkgbQ4',
370 silly reify   '/Users/rashmianand/Desktop/shopsmart/server/node_modules/range-parser': '/Users/rashmianand/Desktop/shopsmart/server/node_modules/.range-parser-WpfyL6aV',
370 silly reify   '/Users/rashmianand/Desktop/shopsmart/server/node_modules/raw-body': '/Users/rashmianand/Desktop/shopsmart/server/node_modules/.raw-body-iqudzIsX',
370 silly reify   '/Users/rashmianand/Desktop/shopsmart/server/node_modules/react-is': '/Users/rashmianand/Desktop/shopsmart/server/node_modules/.react-is-0Nz4rBCL',
370 silly reify   '/Users/rashmianand/Desktop/shopsmart/server/node_modules/readdirp': '/Users/rashmianand/Desktop/shopsmart/server/node_modules/.readdirp-l0MR2grf',
370 silly reify   '/Users/rashmianand/Desktop/shopsmart/server/node_modules/require-directory': '/Users/rashmianand/Desktop/shopsmart/server/node_modules/.require-directory-B1jXa41F',
370 silly reify   '/Users/rashmianand/Desktop/shopsmart/server/node_modules/resolve': '/Users/rashmianand/Desktop/shopsmart/server/node_modules/.resolve-pA99Ff43',
370 silly reify   '/Users/rashmianand/Desktop/shopsmart/server/node_modules/resolve-cwd': '/Users/rashmianand/Desktop/shopsmart/server/node_modules/.resolve-cwd-ODx1w2zx',
370 silly reify   '/Users/rashmianand/Desktop/shopsmart/server/node_modules/resolve-from': '/Users/rashmianand/Desktop/shopsmart/server/node_modules/.resolve-from-Z7h4iGBT',
370 silly reify   '/Users/rashmianand/Desktop/shopsmart/server/node_modules/resolve.exports': '/Users/rashmianand/Desktop/shopsmart/server/node_modules/.resolve.exports-AsQWrlPH',
370 silly reify   '/Users/rashmianand/Desktop/shopsmart/server/node_modules/safe-buffer': '/Users/rashmianand/Desktop/shopsmart/server/node_modules/.safe-buffer-G5vpokRp',
370 silly reify   '/Users/rashmianand/Desktop/shopsmart/server/node_modules/safer-buffer': '/Users/rashmianand/Desktop/shopsmart/server/node_modules/.safer-buffer-Zm52tvOS',
370 silly reify   '/Users/rashmianand/Desktop/shopsmart/server/node_modules/semver': '/Users/rashmianand/Desktop/shopsmart/server/node_modules/.semver-ejgvyuns',
370 silly reify   '/Users/rashmianand/Desktop/shopsmart/server/node_modules/send': '/Users/rashmianand/Desktop/shopsmart/server/node_modules/.send-6YZHYcDX',
370 silly reify   '/Users/rashmianand/Desktop/shopsmart/server/node_modules/serve-static': '/Users/rashmianand/Desktop/shopsmart/server/node_modules/.serve-static-6krLgtUN',
370 silly reify   '/Users/rashmianand/Desktop/shopsmart/server/node_modules/setprototypeof': '/Users/rashmianand/Desktop/shopsmart/server/node_modules/.setprototypeof-HyX8tIUK',
370 silly reify   '/Users/rashmianand/Desktop/shopsmart/server/node_modules/shebang-command': '/Users/rashmianand/Desktop/shopsmart/server/node_modules/.shebang-command-Srp4aBcx',
370 silly reify   '/Users/rashmianand/Desktop/shopsmart/server/node_modules/shebang-regex': '/Users/rashmianand/Desktop/shopsmart/server/node_modules/.shebang-regex-c1pqXT47',
370 silly reify   '/Users/rashmianand/Desktop/shopsmart/server/node_modules/side-channel': '/Users/rashmianand/Desktop/shopsmart/server/node_modules/.side-channel-2UD8prbI',
370 silly reify   '/Users/rashmianand/Desktop/shopsmart/server/node_modules/side-channel-list': '/Users/rashmianand/Desktop/shopsmart/server/node_modules/.side-channel-list-NptsTc5M',
370 silly reify   '/Users/rashmianand/Desktop/shopsmart/server/node_modules/side-channel-map': '/Users/rashmianand/Desktop/shopsmart/server/node_modules/.side-channel-map-k5eriHuT',
370 silly reify   '/Users/rashmianand/Desktop/shopsmart/server/node_modules/side-channel-weakmap': '/Users/rashmianand/Desktop/shopsmart/server/node_modules/.side-channel-weakmap-TL6fkj1H',
370 silly reify   '/Users/rashmianand/Desktop/shopsmart/server/node_modules/signal-exit': '/Users/rashmianand/Desktop/shopsmart/server/node_modules/.signal-exit-iQzMoyg5',
370 silly reify   '/Users/rashmianand/Desktop/shopsmart/server/node_modules/simple-update-notifier': '/Users/rashmianand/Desktop/shopsmart/server/node_modules/.simple-update-notifier-uOnJeDlF',
370 silly reify   '/Users/rashmianand/Desktop/shopsmart/server/node_modules/sisteransi': '/Users/rashmianand/Desktop/shopsmart/server/node_modules/.sisteransi-kfWfefdJ',
370 silly reify   '/Users/rashmianand/Desktop/shopsmart/server/node_modules/slash': '/Users/rashmianand/Desktop/shopsmart/server/node_modules/.slash-Ipn3rzdL',
370 silly reify   '/Users/rashmianand/Desktop/shopsmart/server/node_modules/source-map': '/Users/rashmianand/Desktop/shopsmart/server/node_modules/.source-map-gatlx6UF',
370 silly reify   '/Users/rashmianand/Desktop/shopsmart/server/node_modules/source-map-support': '/Users/rashmianand/Desktop/shopsmart/server/node_modules/.source-map-support-SkAYtmi1',
370 silly reify   '/Users/rashmianand/Desktop/shopsmart/server/node_modules/sprintf-js': '/Users/rashmianand/Desktop/shopsmart/server/node_modules/.sprintf-js-C4M5e0fm',
370 silly reify   '/Users/rashmianand/Desktop/shopsmart/server/node_modules/stack-utils': '/Users/rashmianand/Desktop/shopsmart/server/node_modules/.stack-utils-yRJG3H5V',
370 silly reify   '/Users/rashmianand/Desktop/shopsmart/server/node_modules/statuses': '/Users/rashmianand/Desktop/shopsmart/server/node_modules/.statuses-DVXTl7kv',
370 silly reify   '/Users/rashmianand/Desktop/shopsmart/server/node_modules/string-length': '/Users/rashmianand/Desktop/shopsmart/server/node_modules/.string-length-mhn2VzZf',
370 silly reify   '/Users/rashmianand/Desktop/shopsmart/server/node_modules/string-width': '/Users/rashmianand/Desktop/shopsmart/server/node_modules/.string-width-D4p6OwtU',
370 silly reify   '/Users/rashmianand/Desktop/shopsmart/server/node_modules/strip-ansi': '/Users/rashmianand/Desktop/shopsmart/server/node_modules/.strip-ansi-dNeMpbsM',
370 silly reify   '/Users/rashmianand/Desktop/shopsmart/server/node_modules/strip-bom': '/Users/rashmianand/Desktop/shopsmart/server/node_modules/.strip-bom-Xd0E25wh',
370 silly reify   '/Users/rashmianand/Desktop/shopsmart/server/node_modules/strip-final-newline': '/Users/rashmianand/Desktop/shopsmart/server/node_modules/.strip-final-newline-mSLwzOBY',
370 silly reify   '/Users/rashmianand/Desktop/shopsmart/server/node_modules/strip-json-comments': '/Users/rashmianand/Desktop/shopsmart/server/node_modules/.strip-json-comments-thV4cVNF',
370 silly reify   '/Users/rashmianand/Desktop/shopsmart/server/node_modules/superagent': '/Users/rashmianand/Desktop/shopsmart/server/node_modules/.superagent-dLwwobuS',
370 silly reify   '/Users/rashmianand/Desktop/shopsmart/server/node_modules/supertest': '/Users/rashmianand/Desktop/shopsmart/server/node_modules/.supertest-w3VF0ouw',
370 silly reify   '/Users/rashmianand/Desktop/shopsmart/server/node_modules/supports-color': '/Users/rashmianand/Desktop/shopsmart/server/node_modules/.supports-color-PDnngmrh',
370 silly reify   '/Users/rashmianand/Desktop/shopsmart/server/node_modules/supports-preserve-symlinks-flag': '/Users/rashmianand/Desktop/shopsmart/server/node_modules/.supports-preserve-symlinks-flag-efwVhMJd',
370 silly reify   '/Users/rashmianand/Desktop/shopsmart/server/node_modules/test-exclude': '/Users/rashmianand/Desktop/shopsmart/server/node_modules/.test-exclude-0rwooDHt',
370 silly reify   '/Users/rashmianand/Desktop/shopsmart/server/node_modules/tmpl': '/Users/rashmianand/Desktop/shopsmart/server/node_modules/.tmpl-3b7TIpxi',
370 silly reify   '/Users/rashmianand/Desktop/shopsmart/server/node_modules/to-regex-range': '/Users/rashmianand/Desktop/shopsmart/server/node_modules/.to-regex-range-25bOc4B6',
370 silly reify   '/Users/rashmianand/Desktop/shopsmart/server/node_modules/toidentifier': '/Users/rashmianand/Desktop/shopsmart/server/node_modules/.toidentifier-g0iRI9AG',
370 silly reify   '/Users/rashmianand/Desktop/shopsmart/server/node_modules/touch': '/Users/rashmianand/Desktop/shopsmart/server/node_modules/.touch-1LkulFT4',
370 silly reify   '/Users/rashmianand/Desktop/shopsmart/server/node_modules/type-detect': '/Users/rashmianand/Desktop/shopsmart/server/node_modules/.type-detect-0eVC56ND',
370 silly reify   '/Users/rashmianand/Desktop/shopsmart/server/node_modules/type-fest': '/Users/rashmianand/Desktop/shopsmart/server/node_modules/.type-fest-RzR4GCK2',
370 silly reify   '/Users/rashmianand/Desktop/shopsmart/server/node_modules/type-is': '/Users/rashmianand/Desktop/shopsmart/server/node_modules/.type-is-zqLThi28',
370 silly reify   '/Users/rashmianand/Desktop/shopsmart/server/node_modules/undefsafe': '/Users/rashmianand/Desktop/shopsmart/server/node_modules/.undefsafe-CQwHcg17',
370 silly reify   '/Users/rashmianand/Desktop/shopsmart/server/node_modules/undici-types': '/Users/rashmianand/Desktop/shopsmart/server/node_modules/.undici-types-ieazA0Qs',
370 silly reify   '/Users/rashmianand/Desktop/shopsmart/server/node_modules/unpipe': '/Users/rashmianand/Desktop/shopsmart/server/node_modules/.unpipe-5JD6Fyjg',
370 silly reify   '/Users/rashmianand/Desktop/shopsmart/server/node_modules/update-browserslist-db': '/Users/rashmianand/Desktop/shopsmart/server/node_modules/.update-browserslist-db-1GdSWRu0',
370 silly reify   '/Users/rashmianand/Desktop/shopsmart/server/node_modules/utils-merge': '/Users/rashmianand/Desktop/shopsmart/server/node_modules/.utils-merge-fL18hCGc',
370 silly reify   '/Users/rashmianand/Desktop/shopsmart/server/node_modules/v8-to-istanbul': '/Users/rashmianand/Desktop/shopsmart/server/node_modules/.v8-to-istanbul-1JFAzwH9',
370 silly reify   '/Users/rashmianand/Desktop/shopsmart/server/node_modules/vary': '/Users/rashmianand/Desktop/shopsmart/server/node_modules/.vary-afcwo2Xt',
370 silly reify   '/Users/rashmianand/Desktop/shopsmart/server/node_modules/walker': '/Users/rashmianand/Desktop/shopsmart/server/node_modules/.walker-2eaqorzC',
370 silly reify   '/Users/rashmianand/Desktop/shopsmart/server/node_modules/which': '/Users/rashmianand/Desktop/shopsmart/server/node_modules/.which-7QHdJ5mm',
370 silly reify   '/Users/rashmianand/Desktop/shopsmart/server/node_modules/wrap-ansi': '/Users/rashmianand/Desktop/shopsmart/server/node_modules/.wrap-ansi-BKIlEaDu',
370 silly reify   '/Users/rashmianand/Desktop/shopsmart/server/node_modules/wrappy': '/Users/rashmianand/Desktop/shopsmart/server/node_modules/.wrappy-KGQ1vbQA',
370 silly reify   '/Users/rashmianand/Desktop/shopsmart/server/node_modules/write-file-atomic': '/Users/rashmianand/Desktop/shopsmart/server/node_modules/.write-file-atomic-GJ74M2aL',
370 silly reify   '/Users/rashmianand/Desktop/shopsmart/server/node_modules/y18n': '/Users/rashmianand/Desktop/shopsmart/server/node_modules/.y18n-pT1Pteu9',
370 silly reify   '/Users/rashmianand/Desktop/shopsmart/server/node_modules/yallist': '/Users/rashmianand/Desktop/shopsmart/server/node_modules/.yallist-TlTWA4gT',
370 silly reify   '/Users/rashmianand/Desktop/shopsmart/server/node_modules/yargs': '/Users/rashmianand/Desktop/shopsmart/server/node_modules/.yargs-FRjMzc1i',
370 silly reify   '/Users/rashmianand/Desktop/shopsmart/server/node_modules/yargs-parser': '/Users/rashmianand/Desktop/shopsmart/server/node_modules/.yargs-parser-q9DJqj2T',
370 silly reify   '/Users/rashmianand/Desktop/shopsmart/server/node_modules/yocto-queue': '/Users/rashmianand/Desktop/shopsmart/server/node_modules/.yocto-queue-HuRmLo91',
370 silly reify   '/Users/rashmianand/Desktop/shopsmart/server/node_modules/@babel/code-frame': '/Users/rashmianand/Desktop/shopsmart/server/node_modules/@babel/.code-frame-QmFaHfVC',
370 silly reify   '/Users/rashmianand/Desktop/shopsmart/server/node_modules/@babel/compat-data': '/Users/rashmianand/Desktop/shopsmart/server/node_modules/@babel/.compat-data-KxfzBuTu',
370 silly reify   '/Users/rashmianand/Desktop/shopsmart/server/node_modules/@babel/core': '/Users/rashmianand/Desktop/shopsmart/server/node_modules/@babel/.core-4NIplLUp',
370 silly reify   '/Users/rashmianand/Desktop/shopsmart/server/node_modules/@babel/generator': '/Users/rashmianand/Desktop/shopsmart/server/node_modules/@babel/.generator-zQ2QloG2',
370 silly reify   '/Users/rashmianand/Desktop/shopsmart/server/node_modules/@babel/helper-compilation-targets': '/Users/rashmianand/Desktop/shopsmart/server/node_modules/@babel/.helper-compilation-targets-AwRCdSRT',
370 silly reify   '/Users/rashmianand/Desktop/shopsmart/server/node_modules/@babel/helper-globals': '/Users/rashmianand/Desktop/shopsmart/server/node_modules/@babel/.helper-globals-njrtVQBR',
370 silly reify   '/Users/rashmianand/Desktop/shopsmart/server/node_modules/@babel/helper-module-imports': '/Users/rashmianand/Desktop/shopsmart/server/node_modules/@babel/.helper-module-imports-g3XnqZQh',
370 silly reify   '/Users/rashmianand/Desktop/shopsmart/server/node_modules/@babel/helper-module-transforms': '/Users/rashmianand/Desktop/shopsmart/server/node_modules/@babel/.helper-module-transforms-gNrkKzl1',
370 silly reify   '/Users/rashmianand/Desktop/shopsmart/server/node_modules/@babel/helper-plugin-utils': '/Users/rashmianand/Desktop/shopsmart/server/node_modules/@babel/.helper-plugin-utils-rscwJi9S',
370 silly reify   '/Users/rashmianand/Desktop/shopsmart/server/node_modules/@babel/helper-string-parser': '/Users/rashmianand/Desktop/shopsmart/server/node_modules/@babel/.helper-string-parser-CbJgba4I',
370 silly reify   '/Users/rashmianand/Desktop/shopsmart/server/node_modules/@babel/helper-validator-identifier': '/Users/rashmianand/Desktop/shopsmart/server/node_modules/@babel/.helper-validator-identifier-pHeHFS0H',
370 silly reify   '/Users/rashmianand/Desktop/shopsmart/server/node_modules/@babel/helper-validator-option': '/Users/rashmianand/Desktop/shopsmart/server/node_modules/@babel/.helper-validator-option-f1cGMUPx',
370 silly reify   '/Users/rashmianand/Desktop/shopsmart/server/node_modules/@babel/helpers': '/Users/rashmianand/Desktop/shopsmart/server/node_modules/@babel/.helpers-FXrL6Wfu',
370 silly reify   '/Users/rashmianand/Desktop/shopsmart/server/node_modules/@babel/parser': '/Users/rashmianand/Desktop/shopsmart/server/node_modules/@babel/.parser-I7E1SwED',
370 silly reify   '/Users/rashmianand/Desktop/shopsmart/server/node_modules/@babel/plugin-syntax-async-generators': '/Users/rashmianand/Desktop/shopsmart/server/node_modules/@babel/.plugin-syntax-async-generators-iJVnZ2OJ',
370 silly reify   '/Users/rashmianand/Desktop/shopsmart/server/node_modules/@babel/plugin-syntax-bigint': '/Users/rashmianand/Desktop/shopsmart/server/node_modules/@babel/.plugin-syntax-bigint-ep1w2ydw',
370 silly reify   '/Users/rashmianand/Desktop/shopsmart/server/node_modules/@babel/plugin-syntax-class-properties': '/Users/rashmianand/Desktop/shopsmart/server/node_modules/@babel/.plugin-syntax-class-properties-tC0B1ufk',
370 silly reify   '/Users/rashmianand/Desktop/shopsmart/server/node_modules/@babel/plugin-syntax-class-static-block': '/Users/rashmianand/Desktop/shopsmart/server/node_modules/@babel/.plugin-syntax-class-static-block-bBsPFxbn',
370 silly reify   '/Users/rashmianand/Desktop/shopsmart/server/node_modules/@babel/plugin-syntax-import-attributes': '/Users/rashmianand/Desktop/shopsmart/server/node_modules/@babel/.plugin-syntax-import-attributes-Lkehji8Q',
370 silly reify   '/Users/rashmianand/Desktop/shopsmart/server/node_modules/@babel/plugin-syntax-import-meta': '/Users/rashmianand/Desktop/shopsmart/server/node_modules/@babel/.plugin-syntax-import-meta-UpW0iIvz',
370 silly reify   '/Users/rashmianand/Desktop/shopsmart/server/node_modules/@babel/plugin-syntax-json-strings': '/Users/rashmianand/Desktop/shopsmart/server/node_modules/@babel/.plugin-syntax-json-strings-2lTEh1rq',
370 silly reify   '/Users/rashmianand/Desktop/shopsmart/server/node_modules/@babel/plugin-syntax-jsx': '/Users/rashmianand/Desktop/shopsmart/server/node_modules/@babel/.plugin-syntax-jsx-u5WMXV5q',
370 silly reify   '/Users/rashmianand/Desktop/shopsmart/server/node_modules/@babel/plugin-syntax-logical-assignment-operators': '/Users/rashmianand/Desktop/shopsmart/server/node_modules/@babel/.plugin-syntax-logical-assignment-operators-HQ6M3OIf',
370 silly reify   '/Users/rashmianand/Desktop/shopsmart/server/node_modules/@babel/plugin-syntax-nullish-coalescing-operator': '/Users/rashmianand/Desktop/shopsmart/server/node_modules/@babel/.plugin-syntax-nullish-coalescing-operator-9XlzLd6S',
370 silly reify   '/Users/rashmianand/Desktop/shopsmart/server/node_modules/@babel/plugin-syntax-numeric-separator': '/Users/rashmianand/Desktop/shopsmart/server/node_modules/@babel/.plugin-syntax-numeric-separator-MavZndia',
370 silly reify   '/Users/rashmianand/Desktop/shopsmart/server/node_modules/@babel/plugin-syntax-object-rest-spread': '/Users/rashmianand/Desktop/shopsmart/server/node_modules/@babel/.plugin-syntax-object-rest-spread-thQzDNvm',
370 silly reify   '/Users/rashmianand/Desktop/shopsmart/server/node_modules/@babel/plugin-syntax-optional-catch-binding': '/Users/rashmianand/Desktop/shopsmart/server/node_modules/@babel/.plugin-syntax-optional-catch-binding-ARETVk7M',
370 silly reify   '/Users/rashmianand/Desktop/shopsmart/server/node_modules/@babel/plugin-syntax-optional-chaining': '/Users/rashmianand/Desktop/shopsmart/server/node_modules/@babel/.plugin-syntax-optional-chaining-ggCXQlAX',
370 silly reify   '/Users/rashmianand/Desktop/shopsmart/server/node_modules/@babel/plugin-syntax-private-property-in-object': '/Users/rashmianand/Desktop/shopsmart/server/node_modules/@babel/.plugin-syntax-private-property-in-object-UaTPyIDJ',
370 silly reify   '/Users/rashmianand/Desktop/shopsmart/server/node_modules/@babel/plugin-syntax-top-level-await': '/Users/rashmianand/Desktop/shopsmart/server/node_modules/@babel/.plugin-syntax-top-level-await-eV9vzF4P',
370 silly reify   '/Users/rashmianand/Desktop/shopsmart/server/node_modules/@babel/plugin-syntax-typescript': '/Users/rashmianand/Desktop/shopsmart/server/node_modules/@babel/.plugin-syntax-typescript-7ur5TO3r',
370 silly reify   '/Users/rashmianand/Desktop/shopsmart/server/node_modules/@babel/template': '/Users/rashmianand/Desktop/shopsmart/server/node_modules/@babel/.template-RCA5QIm9',
370 silly reify   '/Users/rashmianand/Desktop/shopsmart/server/node_modules/@babel/traverse': '/Users/rashmianand/Desktop/shopsmart/server/node_modules/@babel/.traverse-NrrxEj4P',
370 silly reify   '/Users/rashmianand/Desktop/shopsmart/server/node_modules/@babel/types': '/Users/rashmianand/Desktop/shopsmart/server/node_modules/@babel/.types-p3i9yJBK',
370 silly reify   '/Users/rashmianand/Desktop/shopsmart/server/node_modules/@bcoe/v8-coverage': '/Users/rashmianand/Desktop/shopsmart/server/node_modules/@bcoe/.v8-coverage-P8jXxIGP',
370 silly reify   '/Users/rashmianand/Desktop/shopsmart/server/node_modules/@istanbuljs/schema': '/Users/rashmianand/Desktop/shopsmart/server/node_modules/@istanbuljs/.schema-O1HcMeE4',
370 silly reify   '/Users/rashmianand/Desktop/shopsmart/server/node_modules/@jest/console': '/Users/rashmianand/Desktop/shopsmart/server/node_modules/@jest/.console-h32ZioRI',
370 silly reify   '/Users/rashmianand/Desktop/shopsmart/server/node_modules/@jest/core': '/Users/rashmianand/Desktop/shopsmart/server/node_modules/@jest/.core-1enTcTpZ',
370 silly reify   '/Users/rashmianand/Desktop/shopsmart/server/node_modules/@jest/expect': '/Users/rashmianand/Desktop/shopsmart/server/node_modules/@jest/.expect-aNUhA89x',
370 silly reify   '/Users/rashmianand/Desktop/shopsmart/server/node_modules/@istanbuljs/load-nyc-config': '/Users/rashmianand/Desktop/shopsmart/server/node_modules/@istanbuljs/.load-nyc-config-sL06OI5l',
370 silly reify   '/Users/rashmianand/Desktop/shopsmart/server/node_modules/@jest/expect-utils': '/Users/rashmianand/Desktop/shopsmart/server/node_modules/@jest/.expect-utils-rrX03BzV',
370 silly reify   '/Users/rashmianand/Desktop/shopsmart/server/node_modules/@jest/environment': '/Users/rashmianand/Desktop/shopsmart/server/node_modules/@jest/.environment-f1biKNci',
370 silly reify   '/Users/rashmianand/Desktop/shopsmart/server/node_modules/@jest/globals': '/Users/rashmianand/Desktop/shopsmart/server/node_modules/@jest/.globals-NhklRTQS',
370 silly reify   '/Users/rashmianand/Desktop/shopsmart/server/node_modules/@jest/fake-timers': '/Users/rashmianand/Desktop/shopsmart/server/node_modules/@jest/.fake-timers-M2g7Vksk',
370 silly reify   '/Users/rashmianand/Desktop/shopsmart/server/node_modules/@jest/reporters': '/Users/rashmianand/Desktop/shopsmart/server/node_modules/@jest/.reporters-lQPsIGpS',
370 silly reify   '/Users/rashmianand/Desktop/shopsmart/server/node_modules/@jest/schemas': '/Users/rashmianand/Desktop/shopsmart/server/node_modules/@jest/.schemas-izdGOVFQ',
370 silly reify   '/Users/rashmianand/Desktop/shopsmart/server/node_modules/@jest/source-map': '/Users/rashmianand/Desktop/shopsmart/server/node_modules/@jest/.source-map-XvfwdmTZ',
370 silly reify   '/Users/rashmianand/Desktop/shopsmart/server/node_modules/@jest/test-result': '/Users/rashmianand/Desktop/shopsmart/server/node_modules/@jest/.test-result-rS9PVIx2',
370 silly reify   '/Users/rashmianand/Desktop/shopsmart/server/node_modules/@jest/test-sequencer': '/Users/rashmianand/Desktop/shopsmart/server/node_modules/@jest/.test-sequencer-m7EHgvky',
370 silly reify   '/Users/rashmianand/Desktop/shopsmart/server/node_modules/@jest/transform': '/Users/rashmianand/Desktop/shopsmart/server/node_modules/@jest/.transform-3JSmuOYk',
370 silly reify   '/Users/rashmianand/Desktop/shopsmart/server/node_modules/@jest/types': '/Users/rashmianand/Desktop/shopsmart/server/node_modules/@jest/.types-j77zisik',
370 silly reify   '/Users/rashmianand/Desktop/shopsmart/server/node_modules/@jridgewell/gen-mapping': '/Users/rashmianand/Desktop/shopsmart/server/node_modules/@jridgewell/.gen-mapping-w9UTv7hs',
370 silly reify   '/Users/rashmianand/Desktop/shopsmart/server/node_modules/@jridgewell/remapping': '/Users/rashmianand/Desktop/shopsmart/server/node_modules/@jridgewell/.remapping-NHdgommh',
370 silly reify   '/Users/rashmianand/Desktop/shopsmart/server/node_modules/@jridgewell/resolve-uri': '/Users/rashmianand/Desktop/shopsmart/server/node_modules/@jridgewell/.resolve-uri-NG7DjQv2',
370 silly reify   '/Users/rashmianand/Desktop/shopsmart/server/node_modules/@jridgewell/sourcemap-codec': '/Users/rashmianand/Desktop/shopsmart/server/node_modules/@jridgewell/.sourcemap-codec-N1C3qSQd',
370 silly reify   '/Users/rashmianand/Desktop/shopsmart/server/node_modules/@jridgewell/trace-mapping': '/Users/rashmianand/Desktop/shopsmart/server/node_modules/@jridgewell/.trace-mapping-zL4h5hMz',
370 silly reify   '/Users/rashmianand/Desktop/shopsmart/server/node_modules/@noble/hashes': '/Users/rashmianand/Desktop/shopsmart/server/node_modules/@noble/.hashes-OtJIIOwp',
370 silly reify   '/Users/rashmianand/Desktop/shopsmart/server/node_modules/@paralleldrive/cuid2': '/Users/rashmianand/Desktop/shopsmart/server/node_modules/@paralleldrive/.cuid2-XM90t5kA',
370 silly reify   '/Users/rashmianand/Desktop/shopsmart/server/node_modules/@sinclair/typebox': '/Users/rashmianand/Desktop/shopsmart/server/node_modules/@sinclair/.typebox-Tcoaf56B',
370 silly reify   '/Users/rashmianand/Desktop/shopsmart/server/node_modules/@sinonjs/commons': '/Users/rashmianand/Desktop/shopsmart/server/node_modules/@sinonjs/.commons-IuReSikK',
370 silly reify   '/Users/rashmianand/Desktop/shopsmart/server/node_modules/@sinonjs/fake-timers': '/Users/rashmianand/Desktop/shopsmart/server/node_modules/@sinonjs/.fake-timers-o4Sk25d5',
370 silly reify   '/Users/rashmianand/Desktop/shopsmart/server/node_modules/@types/babel__core': '/Users/rashmianand/Desktop/shopsmart/server/node_modules/@types/.babel__core-Bc5bse2r',
370 silly reify   '/Users/rashmianand/Desktop/shopsmart/server/node_modules/@types/babel__generator': '/Users/rashmianand/Desktop/shopsmart/server/node_modules/@types/.babel__generator-HagLhjDX',
370 silly reify   '/Users/rashmianand/Desktop/shopsmart/server/node_modules/@types/babel__template': '/Users/rashmianand/Desktop/shopsmart/server/node_modules/@types/.babel__template-ep717999',
370 silly reify   '/Users/rashmianand/Desktop/shopsmart/server/node_modules/@types/babel__traverse': '/Users/rashmianand/Desktop/shopsmart/server/node_modules/@types/.babel__traverse-wJY2OE1P',
370 silly reify   '/Users/rashmianand/Desktop/shopsmart/server/node_modules/@types/graceful-fs': '/Users/rashmianand/Desktop/shopsmart/server/node_modules/@types/.graceful-fs-Zbm1SyIS',
370 silly reify   '/Users/rashmianand/Desktop/shopsmart/server/node_modules/@types/istanbul-lib-coverage': '/Users/rashmianand/Desktop/shopsmart/server/node_modules/@types/.istanbul-lib-coverage-ZnETd7jY',
370 silly reify   '/Users/rashmianand/Desktop/shopsmart/server/node_modules/@types/istanbul-lib-report': '/Users/rashmianand/Desktop/shopsmart/server/node_modules/@types/.istanbul-lib-report-ePLjirsj',
370 silly reify   '/Users/rashmianand/Desktop/shopsmart/server/node_modules/@types/istanbul-reports': '/Users/rashmianand/Desktop/shopsmart/server/node_modules/@types/.istanbul-reports-Yw3wsBMF',
370 silly reify   '/Users/rashmianand/Desktop/shopsmart/server/node_modules/@types/node': '/Users/rashmianand/Desktop/shopsmart/server/node_modules/@types/.node-H63fciar',
370 silly reify   '/Users/rashmianand/Desktop/shopsmart/server/node_modules/@types/stack-utils': '/Users/rashmianand/Desktop/shopsmart/server/node_modules/@types/.stack-utils-8aUZwjlx',
370 silly reify   '/Users/rashmianand/Desktop/shopsmart/server/node_modules/@types/yargs': '/Users/rashmianand/Desktop/shopsmart/server/node_modules/@types/.yargs-tGFL7xPk',
370 silly reify   '/Users/rashmianand/Desktop/shopsmart/server/node_modules/@types/yargs-parser': '/Users/rashmianand/Desktop/shopsmart/server/node_modules/@types/.yargs-parser-PkTsuQiM'
370 silly reify }
371 silly audit bulk request {
371 silly audit   '@babel/code-frame': [ '7.29.0' ],
371 silly audit   '@babel/compat-data': [ '7.29.0' ],
371 silly audit   '@babel/core': [ '7.29.0' ],
371 silly audit   debug: [ '4.4.3', '2.6.9' ],
371 silly audit   ms: [ '2.1.3', '2.0.0' ],
371 silly audit   '@babel/generator': [ '7.29.1' ],
371 silly audit   '@babel/helper-compilation-targets': [ '7.28.6' ],
371 silly audit   '@babel/helper-globals': [ '7.28.0' ],
371 silly audit   '@babel/helper-module-imports': [ '7.28.6' ],
371 silly audit   '@babel/helper-module-transforms': [ '7.28.6' ],
371 silly audit   '@babel/helper-plugin-utils': [ '7.28.6' ],
371 silly audit   '@babel/helper-string-parser': [ '7.27.1' ],
371 silly audit   '@babel/helper-validator-identifier': [ '7.28.5' ],
371 silly audit   '@babel/helper-validator-option': [ '7.27.1' ],
371 silly audit   '@babel/helpers': [ '7.29.2' ],
371 silly audit   '@babel/parser': [ '7.29.2' ],
371 silly audit   '@babel/plugin-syntax-async-generators': [ '7.8.4' ],
371 silly audit   '@babel/plugin-syntax-bigint': [ '7.8.3' ],
371 silly audit   '@babel/plugin-syntax-class-properties': [ '7.12.13' ],
371 silly audit   '@babel/plugin-syntax-class-static-block': [ '7.14.5' ],
371 silly audit   '@babel/plugin-syntax-import-attributes': [ '7.28.6' ],
371 silly audit   '@babel/plugin-syntax-import-meta': [ '7.10.4' ],
371 silly audit   '@babel/plugin-syntax-json-strings': [ '7.8.3' ],
371 silly audit   '@babel/plugin-syntax-jsx': [ '7.28.6' ],
371 silly audit   '@babel/plugin-syntax-logical-assignment-operators': [ '7.10.4' ],
371 silly audit   '@babel/plugin-syntax-nullish-coalescing-operator': [ '7.8.3' ],
371 silly audit   '@babel/plugin-syntax-numeric-separator': [ '7.10.4' ],
371 silly audit   '@babel/plugin-syntax-object-rest-spread': [ '7.8.3' ],
371 silly audit   '@babel/plugin-syntax-optional-catch-binding': [ '7.8.3' ],
371 silly audit   '@babel/plugin-syntax-optional-chaining': [ '7.8.3' ],
371 silly audit   '@babel/plugin-syntax-private-property-in-object': [ '7.14.5' ],
371 silly audit   '@babel/plugin-syntax-top-level-await': [ '7.14.5' ],
371 silly audit   '@babel/plugin-syntax-typescript': [ '7.28.6' ],
371 silly audit   '@babel/template': [ '7.28.6' ],
371 silly audit   '@babel/traverse': [ '7.29.0' ],
371 silly audit   '@babel/types': [ '7.29.0' ],
371 silly audit   '@bcoe/v8-coverage': [ '0.2.3' ],
371 silly audit   '@istanbuljs/load-nyc-config': [ '1.1.0' ],
371 silly audit   '@istanbuljs/schema': [ '0.1.3' ],
371 silly audit   '@jest/console': [ '29.7.0' ],
371 silly audit   '@jest/core': [ '29.7.0' ],
371 silly audit   '@jest/environment': [ '29.7.0' ],
371 silly audit   '@jest/expect': [ '29.7.0' ],
371 silly audit   '@jest/expect-utils': [ '29.7.0' ],
371 silly audit   '@jest/fake-timers': [ '29.7.0' ],
371 silly audit   '@jest/globals': [ '29.7.0' ],
371 silly audit   '@jest/reporters': [ '29.7.0' ],
371 silly audit   '@jest/schemas': [ '29.6.3' ],
371 silly audit   '@jest/source-map': [ '29.6.3' ],
371 silly audit   '@jest/test-result': [ '29.7.0' ],
371 silly audit   '@jest/test-sequencer': [ '29.7.0' ],
371 silly audit   '@jest/transform': [ '29.7.0' ],
371 silly audit   '@jest/types': [ '29.6.3' ],
371 silly audit   '@jridgewell/gen-mapping': [ '0.3.13' ],
371 silly audit   '@jridgewell/remapping': [ '2.3.5' ],
371 silly audit   '@jridgewell/resolve-uri': [ '3.1.2' ],
371 silly audit   '@jridgewell/sourcemap-codec': [ '1.5.5' ],
371 silly audit   '@jridgewell/trace-mapping': [ '0.3.31' ],
371 silly audit   '@noble/hashes': [ '1.8.0' ],
371 silly audit   '@paralleldrive/cuid2': [ '2.3.1' ],
371 silly audit   '@sinclair/typebox': [ '0.27.10' ],
371 silly audit   '@sinonjs/commons': [ '3.0.1' ],
371 silly audit   '@sinonjs/fake-timers': [ '10.3.0' ],
371 silly audit   '@types/babel__core': [ '7.20.5' ],
371 silly audit   '@types/babel__generator': [ '7.27.0' ],
371 silly audit   '@types/babel__template': [ '7.4.4' ],
371 silly audit   '@types/babel__traverse': [ '7.28.0' ],
371 silly audit   '@types/graceful-fs': [ '4.1.9' ],
371 silly audit   '@types/istanbul-lib-coverage': [ '2.0.6' ],
371 silly audit   '@types/istanbul-lib-report': [ '3.0.3' ],
371 silly audit   '@types/istanbul-reports': [ '3.0.4' ],
371 silly audit   '@types/node': [ '25.5.0' ],
371 silly audit   '@types/stack-utils': [ '2.0.3' ],
371 silly audit   '@types/yargs': [ '17.0.35' ],
371 silly audit   '@types/yargs-parser': [ '21.0.3' ],
371 silly audit   accepts: [ '1.3.8' ],
371 silly audit   'ansi-escapes': [ '4.3.2' ],
371 silly audit   'ansi-regex': [ '5.0.1' ],
371 silly audit   'ansi-styles': [ '4.3.0', '5.2.0' ],
371 silly audit   anymatch: [ '3.1.3' ],
371 silly audit   argparse: [ '1.0.10' ],
371 silly audit   'array-flatten': [ '1.1.1' ],
371 silly audit   asap: [ '2.0.6' ],
371 silly audit   asynckit: [ '0.4.0' ],
371 silly audit   'babel-jest': [ '29.7.0' ],
371 silly audit   'babel-plugin-istanbul': [ '6.1.1' ],
371 silly audit   'istanbul-lib-instrument': [ '5.2.1', '6.0.3' ],
371 silly audit   'babel-plugin-jest-hoist': [ '29.6.3' ],
371 silly audit   'babel-preset-current-node-syntax': [ '1.2.0' ],
371 silly audit   'babel-preset-jest': [ '29.6.3' ],
371 silly audit   'balanced-match': [ '1.0.2', '4.0.4' ],
371 silly audit   'baseline-browser-mapping': [ '2.10.8' ],
371 silly audit   'basic-auth': [ '2.0.1' ],
371 silly audit   'safe-buffer': [ '5.1.2', '5.2.1' ],
371 silly audit   'binary-extensions': [ '2.3.0' ],
371 silly audit   'body-parser': [ '1.20.4' ],
371 silly audit   'brace-expansion': [ '1.1.12', '5.0.4' ],
371 silly audit   braces: [ '3.0.3' ],
371 silly audit   browserslist: [ '4.28.1' ],
371 silly audit   bser: [ '2.1.1' ],
371 silly audit   'buffer-from': [ '1.1.2' ],
371 silly audit   bytes: [ '3.1.2' ],
371 silly audit   'call-bind-apply-helpers': [ '1.0.2' ],
371 silly audit   'call-bound': [ '1.0.4' ],
371 silly audit   callsites: [ '3.1.0' ],
371 silly audit   camelcase: [ '5.3.1', '6.3.0' ],
371 silly audit   'caniuse-lite': [ '1.0.30001780' ],
371 silly audit   chalk: [ '4.1.2' ],
371 silly audit   'char-regex': [ '1.0.2' ],
371 silly audit   chokidar: [ '3.6.0' ],
371 silly audit   'ci-info': [ '3.9.0' ],
371 silly audit   'cjs-module-lexer': [ '1.4.3' ],
371 silly audit   cliui: [ '8.0.1' ],
371 silly audit   co: [ '4.6.0' ],
371 silly audit   'collect-v8-coverage': [ '1.0.3' ],
371 silly audit   'color-convert': [ '2.0.1' ],
371 silly audit   'color-name': [ '1.1.4' ],
371 silly audit   'combined-stream': [ '1.0.8' ],
371 silly audit   'component-emitter': [ '1.3.1' ],
371 silly audit   'concat-map': [ '0.0.1' ],
371 silly audit   'content-disposition': [ '0.5.4' ],
371 silly audit   'content-type': [ '1.0.5' ],
371 silly audit   'convert-source-map': [ '2.0.0' ],
371 silly audit   cookie: [ '0.7.2' ],
371 silly audit   'cookie-signature': [ '1.0.7' ],
371 silly audit   cookiejar: [ '2.1.4' ],
371 silly audit   cors: [ '2.8.6' ],
371 silly audit   'create-jest': [ '29.7.0' ],
371 silly audit   'cross-spawn': [ '7.0.6' ],
371 silly audit   dedent: [ '1.7.2' ],
371 silly audit   deepmerge: [ '4.3.1' ],
371 silly audit   'delayed-stream': [ '1.0.0' ],
371 silly audit   depd: [ '2.0.0' ],
371 silly audit   destroy: [ '1.2.0' ],
371 silly audit   'detect-newline': [ '3.1.0' ],
371 silly audit   dezalgo: [ '1.0.4' ],
371 silly audit   'diff-sequences': [ '29.6.3' ],
371 silly audit   dotenv: [ '16.6.1' ],
371 silly audit   'dunder-proto': [ '1.0.1' ],
371 silly audit   'ee-first': [ '1.1.1' ],
371 silly audit   'electron-to-chromium': [ '1.5.321' ],
371 silly audit   emittery: [ '0.13.1' ],
371 silly audit   'emoji-regex': [ '8.0.0' ],
371 silly audit   encodeurl: [ '2.0.0' ],
371 silly audit   'error-ex': [ '1.3.4' ],
371 silly audit   'es-define-property': [ '1.0.1' ],
371 silly audit   'es-errors': [ '1.3.0' ],
371 silly audit   'es-object-atoms': [ '1.1.1' ],
371 silly audit   'es-set-tostringtag': [ '2.1.0' ],
371 silly audit   escalade: [ '3.2.0' ],
371 silly audit   'escape-html': [ '1.0.3' ],
371 silly audit   'escape-string-regexp': [ '2.0.0' ],
371 silly audit   esprima: [ '4.0.1' ],
371 silly audit   etag: [ '1.8.1' ],
371 silly audit   execa: [ '5.1.1' ],
371 silly audit   exit: [ '0.1.2' ],
371 silly audit   expect: [ '29.7.0' ],
371 silly audit   express: [ '4.22.1' ],
371 silly audit   'fast-json-stable-stringify': [ '2.1.0' ],
371 silly audit   'fast-safe-stringify': [ '2.1.1' ],
371 silly audit   'fb-watchman': [ '2.0.2' ],
371 silly audit   'fill-range': [ '7.1.1' ],
371 silly audit   finalhandler: [ '1.3.2' ],
371 silly audit   'find-up': [ '4.1.0' ],
371 silly audit   'form-data': [ '4.0.5' ],
371 silly audit   formidable: [ '2.1.5' ],
371 silly audit   forwarded: [ '0.2.0' ],
371 silly audit   fresh: [ '0.5.2' ],
371 silly audit   'fs.realpath': [ '1.0.0' ],
371 silly audit   fsevents: [ '2.3.3' ],
371 silly audit   'function-bind': [ '1.1.2' ],
371 silly audit   gensync: [ '1.0.0-beta.2' ],
371 silly audit   'get-caller-file': [ '2.0.5' ],
371 silly audit   'get-intrinsic': [ '1.3.0' ],
371 silly audit   'get-package-type': [ '0.1.0' ],
371 silly audit   'get-proto': [ '1.0.1' ],
371 silly audit   'get-stream': [ '6.0.1' ],
371 silly audit   glob: [ '7.2.3' ],
371 silly audit   'glob-parent': [ '5.1.2' ],
371 silly audit   gopd: [ '1.2.0' ],
371 silly audit   'graceful-fs': [ '4.2.11' ],
371 silly audit   'has-flag': [ '4.0.0', '3.0.0' ],
371 silly audit   'has-symbols': [ '1.1.0' ],
371 silly audit   'has-tostringtag': [ '1.0.2' ],
371 silly audit   hasown: [ '2.0.2' ],
371 silly audit   'html-escaper': [ '2.0.2' ],
371 silly audit   'http-errors': [ '2.0.1' ],
371 silly audit   'human-signals': [ '2.1.0' ],
371 silly audit   'iconv-lite': [ '0.4.24' ],
371 silly audit   'ignore-by-default': [ '1.0.1' ],
371 silly audit   'import-local': [ '3.2.0' ],
371 silly audit   imurmurhash: [ '0.1.4' ],
371 silly audit   inflight: [ '1.0.6' ],
371 silly audit   inherits: [ '2.0.4' ],
371 silly audit   'ipaddr.js': [ '1.9.1' ],
371 silly audit   'is-arrayish': [ '0.2.1' ],
371 silly audit   'is-binary-path': [ '2.1.0' ],
371 silly audit   'is-core-module': [ '2.16.1' ],
371 silly audit   'is-extglob': [ '2.1.1' ],
371 silly audit   'is-fullwidth-code-point': [ '3.0.0' ],
371 silly audit   'is-generator-fn': [ '2.1.0' ],
371 silly audit   'is-glob': [ '4.0.3' ],
371 silly audit   'is-number': [ '7.0.0' ],
371 silly audit   'is-stream': [ '2.0.1' ],
371 silly audit   isexe: [ '2.0.0' ],
371 silly audit   'istanbul-lib-coverage': [ '3.2.2' ],
371 silly audit   semver: [ '7.7.4', '6.3.1' ],
371 silly audit   'istanbul-lib-report': [ '3.0.1' ],
371 silly audit   'istanbul-lib-source-maps': [ '4.0.1' ],
371 silly audit   'istanbul-reports': [ '3.2.0' ],
371 silly audit   jest: [ '29.7.0' ],
371 silly audit   'jest-changed-files': [ '29.7.0' ],
371 silly audit   'jest-circus': [ '29.7.0' ],
371 silly audit   'jest-cli': [ '29.7.0' ],
371 silly audit   'jest-config': [ '29.7.0' ],
371 silly audit   'jest-environment-node': [ '29.7.0', '29.6.4' ],
371 silly audit   'jest-diff': [ '29.7.0' ],
371 silly audit   'jest-docblock': [ '29.7.0' ],
371 silly audit   'jest-each': [ '29.7.0' ],
371 silly audit   'jest-get-type': [ '29.6.3' ],
371 silly audit   'jest-haste-map': [ '29.7.0' ],
371 silly audit   'jest-leak-detector': [ '29.7.0' ],
371 silly audit   'jest-matcher-utils': [ '29.7.0' ],
371 silly audit   'jest-message-util': [ '29.7.0' ],
371 silly audit   'jest-mock': [ '29.7.0' ],
371 silly audit   'jest-pnp-resolver': [ '1.2.3' ],
371 silly audit   'jest-regex-util': [ '29.6.3' ],
371 silly audit   'jest-resolve': [ '29.7.0' ],
371 silly audit   'jest-resolve-dependencies': [ '29.7.0' ],
371 silly audit   'jest-runner': [ '29.7.0' ],
371 silly audit   'jest-runtime': [ '29.7.0' ],
371 silly audit   'jest-snapshot': [ '29.7.0' ],
371 silly audit   'jest-util': [ '29.7.0' ],
371 silly audit   'jest-validate': [ '29.7.0' ],
371 silly audit   'jest-watcher': [ '29.7.0' ],
371 silly audit   'jest-worker': [ '29.7.0' ],
371 silly audit   'supports-color': [ '8.1.1', '5.5.0', '7.2.0' ],
371 silly audit   'js-tokens': [ '4.0.0' ],
371 silly audit   'js-yaml': [ '3.14.2' ],
371 silly audit   jsesc: [ '3.1.0' ],
371 silly audit   'json-parse-even-better-errors': [ '2.3.1' ],
371 silly audit   json5: [ '2.2.3' ],
371 silly audit   kleur: [ '3.0.3' ],
371 silly audit   leven: [ '3.1.0' ],
371 silly audit   'lines-and-columns': [ '1.2.4' ],
371 silly audit   'locate-path': [ '5.0.0' ],
371 silly audit   'lru-cache': [ '5.1.1' ],
371 silly audit   'make-dir': [ '4.0.0' ],
371 silly audit   makeerror: [ '1.0.12' ],
371 silly audit   'math-intrinsics': [ '1.1.0' ],
371 silly audit   'media-typer': [ '0.3.0' ],
371 silly audit   'merge-descriptors': [ '1.0.3' ],
371 silly audit   'merge-stream': [ '2.0.0' ],
371 silly audit   methods: [ '1.1.2' ],
371 silly audit   micromatch: [ '4.0.8' ],
371 silly audit   mime: [ '1.6.0', '2.6.0' ],
371 silly audit   'mime-db': [ '1.52.0' ],
371 silly audit   'mime-types': [ '2.1.35' ],
371 silly audit   'mimic-fn': [ '2.1.0' ],
371 silly audit   minimatch: [ '3.1.5', '10.2.4' ],
371 silly audit   morgan: [ '1.10.1' ],
371 silly audit   'on-finished': [ '2.3.0', '2.4.1' ],
371 silly audit   'natural-compare': [ '1.4.0' ],
371 silly audit   negotiator: [ '0.6.3' ],
371 silly audit   'node-int64': [ '0.4.0' ],
371 silly audit   'node-releases': [ '2.0.36' ],
371 silly audit   nodemon: [ '3.1.14' ],
371 silly audit   'normalize-path': [ '3.0.0' ],
371 silly audit   'npm-run-path': [ '4.0.1' ],
371 silly audit   'object-assign': [ '4.1.1' ],
371 silly audit   'object-inspect': [ '1.13.4' ],
371 silly audit   'on-headers': [ '1.1.0' ],
371 silly audit   once: [ '1.4.0' ],
371 silly audit   onetime: [ '5.1.2' ],
371 silly audit   'p-limit': [ '3.1.0', '2.3.0' ],
371 silly audit   'p-locate': [ '4.1.0' ],
371 silly audit   'p-try': [ '2.2.0' ],
371 silly audit   'parse-json': [ '5.2.0' ],
371 silly audit   parseurl: [ '1.3.3' ],
371 silly audit   'path-exists': [ '4.0.0' ],
371 silly audit   'path-is-absolute': [ '1.0.1' ],
371 silly audit   'path-key': [ '3.1.1' ],
371 silly audit   'path-parse': [ '1.0.7' ],
371 silly audit   'path-to-regexp': [ '0.1.12' ],
371 silly audit   picocolors: [ '1.1.1' ],
371 silly audit   picomatch: [ '2.3.1' ],
371 silly audit   pirates: [ '4.0.7' ],
371 silly audit   'pkg-dir': [ '4.2.0' ],
371 silly audit   'pretty-format': [ '29.7.0' ],
371 silly audit   prompts: [ '2.4.2' ],
371 silly audit   'proxy-addr': [ '2.0.7' ],
371 silly audit   'pstree.remy': [ '1.1.8' ],
371 silly audit   'pure-rand': [ '6.1.0' ],
371 silly audit   qs: [ '6.14.2' ],
371 silly audit   'range-parser': [ '1.2.1' ],
371 silly audit   'raw-body': [ '2.5.3' ],
371 silly audit   'react-is': [ '18.3.1' ],
371 silly audit   readdirp: [ '3.6.0' ],
371 silly audit   'require-directory': [ '2.1.1' ],
371 silly audit   resolve: [ '1.22.11' ],
371 silly audit   'resolve-cwd': [ '3.0.0' ],
371 silly audit   'resolve-from': [ '5.0.0' ],
371 silly audit   'resolve.exports': [ '2.0.3' ],
371 silly audit   'safer-buffer': [ '2.1.2' ],
371 silly audit   send: [ '0.19.2' ],
371 silly audit   'serve-static': [ '1.16.3' ],
371 silly audit   setprototypeof: [ '1.2.0' ],
371 silly audit   'shebang-command': [ '2.0.0' ],
371 silly audit   'shebang-regex': [ '3.0.0' ],
371 silly audit   'side-channel': [ '1.1.0' ],
371 silly audit   'side-channel-list': [ '1.0.0' ],
371 silly audit   'side-channel-map': [ '1.0.1' ],
371 silly audit   'side-channel-weakmap': [ '1.0.2' ],
371 silly audit   'signal-exit': [ '3.0.7' ],
371 silly audit   'simple-update-notifier': [ '2.0.0' ],
371 silly audit   sisteransi: [ '1.0.5' ],
371 silly audit   slash: [ '3.0.0' ],
371 silly audit   'source-map': [ '0.6.1' ],
371 silly audit   'source-map-support': [ '0.5.13' ],
371 silly audit   'sprintf-js': [ '1.0.3' ],
371 silly audit   'stack-utils': [ '2.0.6' ],
371 silly audit   statuses: [ '2.0.2' ],
371 silly audit   'string-length': [ '4.0.2' ],
371 silly audit   'string-width': [ '4.2.3' ],
371 silly audit   'strip-ansi': [ '6.0.1' ],
371 silly audit   'strip-bom': [ '4.0.0' ],
371 silly audit   'strip-final-newline': [ '2.0.0' ],
371 silly audit   'strip-json-comments': [ '3.1.1' ],
371 silly audit   superagent: [ '8.1.2' ],
371 silly audit   supertest: [ '6.3.4' ],
371 silly audit   'supports-preserve-symlinks-flag': [ '1.0.0' ],
371 silly audit   'test-exclude': [ '6.0.0' ],
371 silly audit   tmpl: [ '1.0.5' ],
371 silly audit   'to-regex-range': [ '5.0.1' ],
371 silly audit   toidentifier: [ '1.0.1' ],
371 silly audit   touch: [ '3.1.1' ],
371 silly audit   'type-detect': [ '4.0.8' ],
371 silly audit   'type-fest': [ '0.21.3' ],
371 silly audit   'type-is': [ '1.6.18' ],
371 silly audit   undefsafe: [ '2.0.5' ],
371 silly audit   'undici-types': [ '7.18.2' ],
371 silly audit   unpipe: [ '1.0.0' ],
371 silly audit   'update-browserslist-db': [ '1.2.3' ],
371 silly audit   'utils-merge': [ '1.0.1' ],
371 silly audit   'v8-to-istanbul': [ '9.3.0' ],
371 silly audit   vary: [ '1.1.2' ],
371 silly audit   walker: [ '1.0.8' ],
371 silly audit   which: [ '2.0.2' ],
371 silly audit   'wrap-ansi': [ '7.0.0' ],
371 silly audit   wrappy: [ '1.0.2' ],
371 silly audit   'write-file-atomic': [ '4.0.2' ],
371 silly audit   y18n: [ '5.0.8' ],
371 silly audit   yallist: [ '3.1.1' ],
371 silly audit   yargs: [ '17.7.2' ],
371 silly audit   'yargs-parser': [ '21.1.1' ],
371 silly audit   'yocto-queue': [ '0.1.0' ]
371 silly audit }
372 http cache @types/yargs-parser@https://registry.npmmirror.com/@types/yargs-parser/-/yargs-parser-21.0.3.tgz 0ms (cache hit)
373 http cache @types/yargs@https://registry.npmmirror.com/@types/yargs/-/yargs-17.0.35.tgz 0ms (cache hit)
374 http cache @types/stack-utils@https://registry.npmmirror.com/@types/stack-utils/-/stack-utils-2.0.3.tgz 0ms (cache hit)
375 http cache @types/istanbul-reports@https://registry.npmmirror.com/@types/istanbul-reports/-/istanbul-reports-3.0.4.tgz 0ms (cache hit)
376 http cache @types/node@https://registry.npmmirror.com/@types/node/-/node-25.5.0.tgz 0ms (cache hit)
377 http cache @types/graceful-fs@https://registry.npmmirror.com/@types/graceful-fs/-/graceful-fs-4.1.9.tgz 0ms (cache hit)
378 http cache @types/istanbul-lib-coverage@https://registry.npmmirror.com/@types/istanbul-lib-coverage/-/istanbul-lib-coverage-2.0.6.tgz 0ms (cache hit)
379 http cache @types/istanbul-lib-report@https://registry.npmmirror.com/@types/istanbul-lib-report/-/istanbul-lib-report-3.0.3.tgz 0ms (cache hit)
380 http cache @types/babel__traverse@https://registry.npmmirror.com/@types/babel__traverse/-/babel__traverse-7.28.0.tgz 0ms (cache hit)
381 http cache @types/babel__generator@https://registry.npmmirror.com/@types/babel__generator/-/babel__generator-7.27.0.tgz 0ms (cache hit)
382 http cache @types/babel__template@https://registry.npmmirror.com/@types/babel__template/-/babel__template-7.4.4.tgz 0ms (cache hit)
383 http cache @types/babel__core@https://registry.npmmirror.com/@types/babel__core/-/babel__core-7.20.5.tgz 0ms (cache hit)
384 http cache @sinonjs/commons@https://registry.npmmirror.com/@sinonjs/commons/-/commons-3.0.1.tgz 0ms (cache hit)
385 http cache @sinonjs/fake-timers@https://registry.npmmirror.com/@sinonjs/fake-timers/-/fake-timers-10.3.0.tgz 0ms (cache hit)
386 http cache @noble/hashes@https://registry.npmmirror.com/@noble/hashes/-/hashes-1.8.0.tgz 0ms (cache hit)
387 http cache @paralleldrive/cuid2@https://registry.npmmirror.com/@paralleldrive/cuid2/-/cuid2-2.3.1.tgz 0ms (cache hit)
388 http cache @sinclair/typebox@https://registry.npmmirror.com/@sinclair/typebox/-/typebox-0.27.10.tgz 0ms (cache hit)
389 http cache @jridgewell/trace-mapping@https://registry.npmmirror.com/@jridgewell/trace-mapping/-/trace-mapping-0.3.31.tgz 0ms (cache hit)
390 http cache @jridgewell/resolve-uri@https://registry.npmmirror.com/@jridgewell/resolve-uri/-/resolve-uri-3.1.2.tgz 0ms (cache hit)
391 http cache @jridgewell/sourcemap-codec@https://registry.npmmirror.com/@jridgewell/sourcemap-codec/-/sourcemap-codec-1.5.5.tgz 0ms (cache hit)
392 http cache @jridgewell/remapping@https://registry.npmmirror.com/@jridgewell/remapping/-/remapping-2.3.5.tgz 0ms (cache hit)
393 http cache @jest/transform@https://registry.npmmirror.com/@jest/transform/-/transform-29.7.0.tgz 0ms (cache hit)
394 http cache @jest/types@https://registry.npmmirror.com/@jest/types/-/types-29.6.3.tgz 0ms (cache hit)
395 http cache @jest/test-sequencer@https://registry.npmmirror.com/@jest/test-sequencer/-/test-sequencer-29.7.0.tgz 0ms (cache hit)
396 http cache @jest/source-map@https://registry.npmmirror.com/@jest/source-map/-/source-map-29.6.3.tgz 0ms (cache hit)
397 http cache @jridgewell/gen-mapping@https://registry.npmmirror.com/@jridgewell/gen-mapping/-/gen-mapping-0.3.13.tgz 0ms (cache hit)
398 http cache @jest/reporters@https://registry.npmmirror.com/@jest/reporters/-/reporters-29.7.0.tgz 0ms (cache hit)
399 http cache @jest/test-result@https://registry.npmmirror.com/@jest/test-result/-/test-result-29.7.0.tgz 0ms (cache hit)
400 http cache @jest/fake-timers@https://registry.npmmirror.com/@jest/fake-timers/-/fake-timers-29.7.0.tgz 0ms (cache hit)
401 http cache @jest/globals@https://registry.npmmirror.com/@jest/globals/-/globals-29.7.0.tgz 0ms (cache hit)
402 http cache @jest/environment@https://registry.npmmirror.com/@jest/environment/-/environment-29.7.0.tgz 0ms (cache hit)
403 http cache @jest/expect-utils@https://registry.npmmirror.com/@jest/expect-utils/-/expect-utils-29.7.0.tgz 0ms (cache hit)
404 http cache @istanbuljs/load-nyc-config@https://registry.npmmirror.com/@istanbuljs/load-nyc-config/-/load-nyc-config-1.1.0.tgz 0ms (cache hit)
405 http cache @jest/schemas@https://registry.npmmirror.com/@jest/schemas/-/schemas-29.6.3.tgz 0ms (cache hit)
406 http cache @jest/expect@https://registry.npmmirror.com/@jest/expect/-/expect-29.7.0.tgz 0ms (cache hit)
407 http cache @jest/console@https://registry.npmmirror.com/@jest/console/-/console-29.7.0.tgz 0ms (cache hit)
408 http cache @jest/core@https://registry.npmmirror.com/@jest/core/-/core-29.7.0.tgz 0ms (cache hit)
409 http cache @bcoe/v8-coverage@https://registry.npmmirror.com/@bcoe/v8-coverage/-/v8-coverage-0.2.3.tgz 0ms (cache hit)
410 http cache @babel/types@https://registry.npmmirror.com/@babel/types/-/types-7.29.0.tgz 0ms (cache hit)
411 http cache @istanbuljs/schema@https://registry.npmmirror.com/@istanbuljs/schema/-/schema-0.1.3.tgz 0ms (cache hit)
412 http cache @babel/traverse@https://registry.npmmirror.com/@babel/traverse/-/traverse-7.29.0.tgz 0ms (cache hit)
413 http cache @babel/plugin-syntax-typescript@https://registry.npmmirror.com/@babel/plugin-syntax-typescript/-/plugin-syntax-typescript-7.28.6.tgz 0ms (cache hit)
414 http cache @babel/template@https://registry.npmmirror.com/@babel/template/-/template-7.28.6.tgz 0ms (cache hit)
415 http cache @babel/plugin-syntax-top-level-await@https://registry.npmmirror.com/@babel/plugin-syntax-top-level-await/-/plugin-syntax-top-level-await-7.14.5.tgz 0ms (cache hit)
416 http cache @babel/plugin-syntax-private-property-in-object@https://registry.npmmirror.com/@babel/plugin-syntax-private-property-in-object/-/plugin-syntax-private-property-in-object-7.14.5.tgz 0ms (cache hit)
417 http cache @babel/plugin-syntax-optional-chaining@https://registry.npmmirror.com/@babel/plugin-syntax-optional-chaining/-/plugin-syntax-optional-chaining-7.8.3.tgz 0ms (cache hit)
418 http cache @babel/plugin-syntax-optional-catch-binding@https://registry.npmmirror.com/@babel/plugin-syntax-optional-catch-binding/-/plugin-syntax-optional-catch-binding-7.8.3.tgz 0ms (cache hit)
419 http cache @babel/plugin-syntax-object-rest-spread@https://registry.npmmirror.com/@babel/plugin-syntax-object-rest-spread/-/plugin-syntax-object-rest-spread-7.8.3.tgz 0ms (cache hit)
420 http cache @babel/plugin-syntax-numeric-separator@https://registry.npmmirror.com/@babel/plugin-syntax-numeric-separator/-/plugin-syntax-numeric-separator-7.10.4.tgz 1ms (cache hit)
421 http cache @babel/plugin-syntax-nullish-coalescing-operator@https://registry.npmmirror.com/@babel/plugin-syntax-nullish-coalescing-operator/-/plugin-syntax-nullish-coalescing-operator-7.8.3.tgz 0ms (cache hit)
422 http cache @babel/plugin-syntax-logical-assignment-operators@https://registry.npmmirror.com/@babel/plugin-syntax-logical-assignment-operators/-/plugin-syntax-logical-assignment-operators-7.10.4.tgz 0ms (cache hit)
423 http cache @babel/plugin-syntax-jsx@https://registry.npmmirror.com/@babel/plugin-syntax-jsx/-/plugin-syntax-jsx-7.28.6.tgz 0ms (cache hit)
424 http cache @babel/plugin-syntax-json-strings@https://registry.npmmirror.com/@babel/plugin-syntax-json-strings/-/plugin-syntax-json-strings-7.8.3.tgz 0ms (cache hit)
425 http cache @babel/plugin-syntax-import-meta@https://registry.npmmirror.com/@babel/plugin-syntax-import-meta/-/plugin-syntax-import-meta-7.10.4.tgz 0ms (cache hit)
426 http cache @babel/plugin-syntax-import-attributes@https://registry.npmmirror.com/@babel/plugin-syntax-import-attributes/-/plugin-syntax-import-attributes-7.28.6.tgz 0ms (cache hit)
427 http cache @babel/plugin-syntax-class-properties@https://registry.npmmirror.com/@babel/plugin-syntax-class-properties/-/plugin-syntax-class-properties-7.12.13.tgz 0ms (cache hit)
428 http cache @babel/plugin-syntax-bigint@https://registry.npmmirror.com/@babel/plugin-syntax-bigint/-/plugin-syntax-bigint-7.8.3.tgz 0ms (cache hit)
429 http cache @babel/plugin-syntax-class-static-block@https://registry.npmmirror.com/@babel/plugin-syntax-class-static-block/-/plugin-syntax-class-static-block-7.14.5.tgz 0ms (cache hit)
430 http cache @babel/plugin-syntax-async-generators@https://registry.npmmirror.com/@babel/plugin-syntax-async-generators/-/plugin-syntax-async-generators-7.8.4.tgz 0ms (cache hit)
431 http cache @babel/parser@https://registry.npmmirror.com/@babel/parser/-/parser-7.29.2.tgz 0ms (cache hit)
432 http cache @babel/helpers@https://registry.npmmirror.com/@babel/helpers/-/helpers-7.29.2.tgz 0ms (cache hit)
433 http cache @babel/helper-validator-option@https://registry.npmmirror.com/@babel/helper-validator-option/-/helper-validator-option-7.27.1.tgz 0ms (cache hit)
434 http cache @babel/helper-validator-identifier@https://registry.npmmirror.com/@babel/helper-validator-identifier/-/helper-validator-identifier-7.28.5.tgz 0ms (cache hit)
435 http cache @babel/helper-string-parser@https://registry.npmmirror.com/@babel/helper-string-parser/-/helper-string-parser-7.27.1.tgz 0ms (cache hit)
436 http cache @babel/helper-plugin-utils@https://registry.npmmirror.com/@babel/helper-plugin-utils/-/helper-plugin-utils-7.28.6.tgz 0ms (cache hit)
437 http cache @babel/helper-module-transforms@https://registry.npmmirror.com/@babel/helper-module-transforms/-/helper-module-transforms-7.28.6.tgz 0ms (cache hit)
438 http cache @babel/helper-module-imports@https://registry.npmmirror.com/@babel/helper-module-imports/-/helper-module-imports-7.28.6.tgz 0ms (cache hit)
439 http cache @babel/helper-globals@https://registry.npmmirror.com/@babel/helper-globals/-/helper-globals-7.28.0.tgz 0ms (cache hit)
440 http cache @babel/generator@https://registry.npmmirror.com/@babel/generator/-/generator-7.29.1.tgz 0ms (cache hit)
441 http cache @babel/helper-compilation-targets@https://registry.npmmirror.com/@babel/helper-compilation-targets/-/helper-compilation-targets-7.28.6.tgz 0ms (cache hit)
442 http cache @babel/core@https://registry.npmmirror.com/@babel/core/-/core-7.29.0.tgz 0ms (cache hit)
443 http cache @babel/compat-data@https://registry.npmmirror.com/@babel/compat-data/-/compat-data-7.29.0.tgz 0ms (cache hit)
444 http cache @babel/code-frame@https://registry.npmmirror.com/@babel/code-frame/-/code-frame-7.29.0.tgz 0ms (cache hit)
445 http cache yargs-parser@https://registry.npmmirror.com/yargs-parser/-/yargs-parser-21.1.1.tgz 0ms (cache hit)
446 http cache yocto-queue@https://registry.npmmirror.com/yocto-queue/-/yocto-queue-0.1.0.tgz 0ms (cache hit)
447 http cache yargs@https://registry.npmmirror.com/yargs/-/yargs-17.7.2.tgz 0ms (cache hit)
448 http cache yallist@https://registry.npmmirror.com/yallist/-/yallist-3.1.1.tgz 0ms (cache hit)
449 http cache y18n@https://registry.npmmirror.com/y18n/-/y18n-5.0.8.tgz 0ms (cache hit)
450 http cache wrappy@https://registry.npmmirror.com/wrappy/-/wrappy-1.0.2.tgz 0ms (cache hit)
451 http cache wrap-ansi@https://registry.npmmirror.com/wrap-ansi/-/wrap-ansi-7.0.0.tgz 0ms (cache hit)
452 http cache walker@https://registry.npmmirror.com/walker/-/walker-1.0.8.tgz 0ms (cache hit)
453 http cache which@https://registry.npmmirror.com/which/-/which-2.0.2.tgz 0ms (cache hit)
454 http cache v8-to-istanbul@https://registry.npmmirror.com/v8-to-istanbul/-/v8-to-istanbul-9.3.0.tgz 0ms (cache hit)
455 http cache utils-merge@https://registry.npmmirror.com/utils-merge/-/utils-merge-1.0.1.tgz 0ms (cache hit)
456 http cache vary@https://registry.npmmirror.com/vary/-/vary-1.1.2.tgz 0ms (cache hit)
457 http cache update-browserslist-db@https://registry.npmmirror.com/update-browserslist-db/-/update-browserslist-db-1.2.3.tgz 0ms (cache hit)
458 http cache unpipe@https://registry.npmmirror.com/unpipe/-/unpipe-1.0.0.tgz 0ms (cache hit)
459 http cache undici-types@https://registry.npmmirror.com/undici-types/-/undici-types-7.18.2.tgz 0ms (cache hit)
460 http cache type-is@https://registry.npmmirror.com/type-is/-/type-is-1.6.18.tgz 0ms (cache hit)
461 http cache undefsafe@https://registry.npmmirror.com/undefsafe/-/undefsafe-2.0.5.tgz 0ms (cache hit)
462 http cache type-fest@https://registry.npmmirror.com/type-fest/-/type-fest-0.21.3.tgz 0ms (cache hit)
463 http cache touch@https://registry.npmmirror.com/touch/-/touch-3.1.1.tgz 0ms (cache hit)
464 http cache toidentifier@https://registry.npmmirror.com/toidentifier/-/toidentifier-1.0.1.tgz 0ms (cache hit)
465 http cache type-detect@https://registry.npmmirror.com/type-detect/-/type-detect-4.0.8.tgz 0ms (cache hit)
466 http cache write-file-atomic@https://registry.npmmirror.com/write-file-atomic/-/write-file-atomic-4.0.2.tgz 0ms (cache hit)
467 http cache supports-preserve-symlinks-flag@https://registry.npmmirror.com/supports-preserve-symlinks-flag/-/supports-preserve-symlinks-flag-1.0.0.tgz 0ms (cache hit)
468 http cache test-exclude@https://registry.npmmirror.com/test-exclude/-/test-exclude-6.0.0.tgz 0ms (cache hit)
469 http cache tmpl@https://registry.npmmirror.com/tmpl/-/tmpl-1.0.5.tgz 0ms (cache hit)
470 http cache supports-color@https://registry.npmmirror.com/supports-color/-/supports-color-7.2.0.tgz 0ms (cache hit)
471 http cache to-regex-range@https://registry.npmmirror.com/to-regex-range/-/to-regex-range-5.0.1.tgz 0ms (cache hit)
472 http cache strip-json-comments@https://registry.npmmirror.com/strip-json-comments/-/strip-json-comments-3.1.1.tgz 0ms (cache hit)
473 http cache superagent@https://registry.npmmirror.com/superagent/-/superagent-8.1.2.tgz 0ms (cache hit)
474 http cache strip-bom@https://registry.npmmirror.com/strip-bom/-/strip-bom-4.0.0.tgz 0ms (cache hit)
475 http cache strip-final-newline@https://registry.npmmirror.com/strip-final-newline/-/strip-final-newline-2.0.0.tgz 0ms (cache hit)
476 http cache string-width@https://registry.npmmirror.com/string-width/-/string-width-4.2.3.tgz 0ms (cache hit)
477 http cache string-length@https://registry.npmmirror.com/string-length/-/string-length-4.0.2.tgz 0ms (cache hit)
478 http cache stack-utils@https://registry.npmmirror.com/stack-utils/-/stack-utils-2.0.6.tgz 0ms (cache hit)
479 http cache supertest@https://registry.npmmirror.com/supertest/-/supertest-6.3.4.tgz 0ms (cache hit)
480 http cache strip-ansi@https://registry.npmmirror.com/strip-ansi/-/strip-ansi-6.0.1.tgz 0ms (cache hit)
481 http cache sprintf-js@https://registry.npmmirror.com/sprintf-js/-/sprintf-js-1.0.3.tgz 0ms (cache hit)
482 http cache statuses@https://registry.npmmirror.com/statuses/-/statuses-2.0.2.tgz 0ms (cache hit)
483 http cache source-map@https://registry.npmmirror.com/source-map/-/source-map-0.6.1.tgz 0ms (cache hit)
484 http cache slash@https://registry.npmmirror.com/slash/-/slash-3.0.0.tgz 0ms (cache hit)
485 http cache source-map-support@https://registry.npmmirror.com/source-map-support/-/source-map-support-0.5.13.tgz 0ms (cache hit)
486 http cache simple-update-notifier@https://registry.npmmirror.com/simple-update-notifier/-/simple-update-notifier-2.0.0.tgz 0ms (cache hit)
487 http cache sisteransi@https://registry.npmmirror.com/sisteransi/-/sisteransi-1.0.5.tgz 0ms (cache hit)
488 http cache side-channel-weakmap@https://registry.npmmirror.com/side-channel-weakmap/-/side-channel-weakmap-1.0.2.tgz 0ms (cache hit)
489 http cache signal-exit@https://registry.npmmirror.com/signal-exit/-/signal-exit-3.0.7.tgz 0ms (cache hit)
490 http cache side-channel-map@https://registry.npmmirror.com/side-channel-map/-/side-channel-map-1.0.1.tgz 0ms (cache hit)
491 http cache side-channel-list@https://registry.npmmirror.com/side-channel-list/-/side-channel-list-1.0.0.tgz 0ms (cache hit)
492 http cache side-channel@https://registry.npmmirror.com/side-channel/-/side-channel-1.1.0.tgz 0ms (cache hit)
493 http cache shebang-regex@https://registry.npmmirror.com/shebang-regex/-/shebang-regex-3.0.0.tgz 0ms (cache hit)
494 http cache shebang-command@https://registry.npmmirror.com/shebang-command/-/shebang-command-2.0.0.tgz 0ms (cache hit)
495 http cache setprototypeof@https://registry.npmmirror.com/setprototypeof/-/setprototypeof-1.2.0.tgz 0ms (cache hit)
496 http cache serve-static@https://registry.npmmirror.com/serve-static/-/serve-static-1.16.3.tgz 0ms (cache hit)
497 http cache send@https://registry.npmmirror.com/send/-/send-0.19.2.tgz 0ms (cache hit)
498 http cache semver@https://registry.npmmirror.com/semver/-/semver-6.3.1.tgz 0ms (cache hit)
499 http cache safer-buffer@https://registry.npmmirror.com/safer-buffer/-/safer-buffer-2.1.2.tgz 0ms (cache hit)
500 http cache resolve-from@https://registry.npmmirror.com/resolve-from/-/resolve-from-5.0.0.tgz 0ms (cache hit)
501 http cache resolve-cwd@https://registry.npmmirror.com/resolve-cwd/-/resolve-cwd-3.0.0.tgz 0ms (cache hit)
502 http cache resolve.exports@https://registry.npmmirror.com/resolve.exports/-/resolve.exports-2.0.3.tgz 0ms (cache hit)
503 http cache safe-buffer@https://registry.npmmirror.com/safe-buffer/-/safe-buffer-5.2.1.tgz 0ms (cache hit)
504 http cache resolve@https://registry.npmmirror.com/resolve/-/resolve-1.22.11.tgz 0ms (cache hit)
505 http cache require-directory@https://registry.npmmirror.com/require-directory/-/require-directory-2.1.1.tgz 0ms (cache hit)
506 http cache react-is@https://registry.npmmirror.com/react-is/-/react-is-18.3.1.tgz 0ms (cache hit)
507 http cache readdirp@https://registry.npmmirror.com/readdirp/-/readdirp-3.6.0.tgz 0ms (cache hit)
508 http cache raw-body@https://registry.npmmirror.com/raw-body/-/raw-body-2.5.3.tgz 0ms (cache hit)
509 http cache range-parser@https://registry.npmmirror.com/range-parser/-/range-parser-1.2.1.tgz 0ms (cache hit)
510 http cache qs@https://registry.npmmirror.com/qs/-/qs-6.14.2.tgz 0ms (cache hit)
511 http cache pure-rand@https://registry.npmmirror.com/pure-rand/-/pure-rand-6.1.0.tgz 0ms (cache hit)
512 http cache proxy-addr@https://registry.npmmirror.com/proxy-addr/-/proxy-addr-2.0.7.tgz 0ms (cache hit)
513 http cache prompts@https://registry.npmmirror.com/prompts/-/prompts-2.4.2.tgz 0ms (cache hit)
514 http cache pretty-format@https://registry.npmmirror.com/pretty-format/-/pretty-format-29.7.0.tgz 0ms (cache hit)
515 http cache pkg-dir@https://registry.npmmirror.com/pkg-dir/-/pkg-dir-4.2.0.tgz 0ms (cache hit)
516 http cache pstree.remy@https://registry.npmmirror.com/pstree.remy/-/pstree.remy-1.1.8.tgz 0ms (cache hit)
517 http cache pirates@https://registry.npmmirror.com/pirates/-/pirates-4.0.7.tgz 0ms (cache hit)
518 http cache picomatch@https://registry.npmmirror.com/picomatch/-/picomatch-2.3.1.tgz 0ms (cache hit)
519 http cache picocolors@https://registry.npmmirror.com/picocolors/-/picocolors-1.1.1.tgz 0ms (cache hit)
520 http cache path-to-regexp@https://registry.npmmirror.com/path-to-regexp/-/path-to-regexp-0.1.12.tgz 0ms (cache hit)
521 http cache path-is-absolute@https://registry.npmmirror.com/path-is-absolute/-/path-is-absolute-1.0.1.tgz 0ms (cache hit)
522 http cache path-parse@https://registry.npmmirror.com/path-parse/-/path-parse-1.0.7.tgz 0ms (cache hit)
523 http cache path-key@https://registry.npmmirror.com/path-key/-/path-key-3.1.1.tgz 0ms (cache hit)
524 http cache path-exists@https://registry.npmmirror.com/path-exists/-/path-exists-4.0.0.tgz 0ms (cache hit)
525 http cache parseurl@https://registry.npmmirror.com/parseurl/-/parseurl-1.3.3.tgz 0ms (cache hit)
526 http cache parse-json@https://registry.npmmirror.com/parse-json/-/parse-json-5.2.0.tgz 0ms (cache hit)
527 http cache p-limit@https://registry.npmmirror.com/p-limit/-/p-limit-3.1.0.tgz 0ms (cache hit)
528 http cache p-try@https://registry.npmmirror.com/p-try/-/p-try-2.2.0.tgz 0ms (cache hit)
529 http cache p-locate@https://registry.npmmirror.com/p-locate/-/p-locate-4.1.0.tgz 0ms (cache hit)
530 http cache onetime@https://registry.npmmirror.com/onetime/-/onetime-5.1.2.tgz 0ms (cache hit)
531 http cache once@https://registry.npmmirror.com/once/-/once-1.4.0.tgz 0ms (cache hit)
532 http cache on-finished@https://registry.npmmirror.com/on-finished/-/on-finished-2.4.1.tgz 0ms (cache hit)
533 http cache on-headers@https://registry.npmmirror.com/on-headers/-/on-headers-1.1.0.tgz 0ms (cache hit)
534 http cache node-int64@https://registry.npmmirror.com/node-int64/-/node-int64-0.4.0.tgz 0ms (cache hit)
535 http cache object-inspect@https://registry.npmmirror.com/object-inspect/-/object-inspect-1.13.4.tgz 0ms (cache hit)
536 http cache object-assign@https://registry.npmmirror.com/object-assign/-/object-assign-4.1.1.tgz 0ms (cache hit)
537 http cache npm-run-path@https://registry.npmmirror.com/npm-run-path/-/npm-run-path-4.0.1.tgz 0ms (cache hit)
538 http cache normalize-path@https://registry.npmmirror.com/normalize-path/-/normalize-path-3.0.0.tgz 0ms (cache hit)
539 http cache nodemon@https://registry.npmmirror.com/nodemon/-/nodemon-3.1.14.tgz 0ms (cache hit)
540 http cache negotiator@https://registry.npmmirror.com/negotiator/-/negotiator-0.6.3.tgz 0ms (cache hit)
541 http cache node-releases@https://registry.npmmirror.com/node-releases/-/node-releases-2.0.36.tgz 0ms (cache hit)
542 http cache natural-compare@https://registry.npmmirror.com/natural-compare/-/natural-compare-1.4.0.tgz 0ms (cache hit)
543 http cache morgan@https://registry.npmmirror.com/morgan/-/morgan-1.10.1.tgz 0ms (cache hit)
544 http cache ms@https://registry.npmmirror.com/ms/-/ms-2.0.0.tgz 0ms (cache hit)
545 http cache mimic-fn@https://registry.npmmirror.com/mimic-fn/-/mimic-fn-2.1.0.tgz 0ms (cache hit)
546 http cache minimatch@https://registry.npmmirror.com/minimatch/-/minimatch-3.1.5.tgz 0ms (cache hit)
547 http cache mime-types@https://registry.npmmirror.com/mime-types/-/mime-types-2.1.35.tgz 0ms (cache hit)
548 http cache mime-db@https://registry.npmmirror.com/mime-db/-/mime-db-1.52.0.tgz 0ms (cache hit)
549 http cache mime@https://registry.npmmirror.com/mime/-/mime-1.6.0.tgz 0ms (cache hit)
550 http cache micromatch@https://registry.npmmirror.com/micromatch/-/micromatch-4.0.8.tgz 0ms (cache hit)
551 http cache methods@https://registry.npmmirror.com/methods/-/methods-1.1.2.tgz 0ms (cache hit)
552 http cache merge-stream@https://registry.npmmirror.com/merge-stream/-/merge-stream-2.0.0.tgz 0ms (cache hit)
553 http cache media-typer@https://registry.npmmirror.com/media-typer/-/media-typer-0.3.0.tgz 0ms (cache hit)
554 http cache merge-descriptors@https://registry.npmmirror.com/merge-descriptors/-/merge-descriptors-1.0.3.tgz 0ms (cache hit)
555 http cache math-intrinsics@https://registry.npmmirror.com/math-intrinsics/-/math-intrinsics-1.1.0.tgz 0ms (cache hit)
556 http cache make-dir@https://registry.npmmirror.com/make-dir/-/make-dir-4.0.0.tgz 0ms (cache hit)
557 http cache makeerror@https://registry.npmmirror.com/makeerror/-/makeerror-1.0.12.tgz 0ms (cache hit)
558 http cache lru-cache@https://registry.npmmirror.com/lru-cache/-/lru-cache-5.1.1.tgz 0ms (cache hit)
559 http cache locate-path@https://registry.npmmirror.com/locate-path/-/locate-path-5.0.0.tgz 0ms (cache hit)
560 http cache lines-and-columns@https://registry.npmmirror.com/lines-and-columns/-/lines-and-columns-1.2.4.tgz 0ms (cache hit)
561 http cache leven@https://registry.npmmirror.com/leven/-/leven-3.1.0.tgz 0ms (cache hit)
562 http cache kleur@https://registry.npmmirror.com/kleur/-/kleur-3.0.3.tgz 0ms (cache hit)
563 http cache json5@https://registry.npmmirror.com/json5/-/json5-2.2.3.tgz 0ms (cache hit)
564 http cache json-parse-even-better-errors@https://registry.npmmirror.com/json-parse-even-better-errors/-/json-parse-even-better-errors-2.3.1.tgz 0ms (cache hit)
565 http cache jsesc@https://registry.npmmirror.com/jsesc/-/jsesc-3.1.0.tgz 0ms (cache hit)
566 http cache js-yaml@https://registry.npmmirror.com/js-yaml/-/js-yaml-3.14.2.tgz 0ms (cache hit)
567 http cache js-tokens@https://registry.npmmirror.com/js-tokens/-/js-tokens-4.0.0.tgz 0ms (cache hit)
568 http cache jest-worker@https://registry.npmmirror.com/jest-worker/-/jest-worker-29.7.0.tgz 0ms (cache hit)
569 http cache jest-validate@https://registry.npmmirror.com/jest-validate/-/jest-validate-29.7.0.tgz 0ms (cache hit)
570 http cache jest-watcher@https://registry.npmmirror.com/jest-watcher/-/jest-watcher-29.7.0.tgz 0ms (cache hit)
571 http cache jest-util@https://registry.npmmirror.com/jest-util/-/jest-util-29.7.0.tgz 0ms (cache hit)
572 http cache jest-snapshot@https://registry.npmmirror.com/jest-snapshot/-/jest-snapshot-29.7.0.tgz 0ms (cache hit)
573 http cache jest-runtime@https://registry.npmmirror.com/jest-runtime/-/jest-runtime-29.7.0.tgz 0ms (cache hit)
574 http cache jest-runner@https://registry.npmmirror.com/jest-runner/-/jest-runner-29.7.0.tgz 0ms (cache hit)
575 http cache jest-resolve-dependencies@https://registry.npmmirror.com/jest-resolve-dependencies/-/jest-resolve-dependencies-29.7.0.tgz 0ms (cache hit)
576 http cache jest-resolve@https://registry.npmmirror.com/jest-resolve/-/jest-resolve-29.7.0.tgz 0ms (cache hit)
577 http cache jest-regex-util@https://registry.npmmirror.com/jest-regex-util/-/jest-regex-util-29.6.3.tgz 0ms (cache hit)
578 http cache jest-pnp-resolver@https://registry.npmmirror.com/jest-pnp-resolver/-/jest-pnp-resolver-1.2.3.tgz 0ms (cache hit)
579 http cache jest-mock@https://registry.npmmirror.com/jest-mock/-/jest-mock-29.7.0.tgz 0ms (cache hit)
580 http cache jest-message-util@https://registry.npmmirror.com/jest-message-util/-/jest-message-util-29.7.0.tgz 0ms (cache hit)
581 http cache jest-leak-detector@https://registry.npmmirror.com/jest-leak-detector/-/jest-leak-detector-29.7.0.tgz 0ms (cache hit)
582 http cache jest-haste-map@https://registry.npmmirror.com/jest-haste-map/-/jest-haste-map-29.7.0.tgz 0ms (cache hit)
583 http cache jest-get-type@https://registry.npmmirror.com/jest-get-type/-/jest-get-type-29.6.3.tgz 0ms (cache hit)
584 http cache jest-environment-node@https://registry.npmmirror.com/jest-environment-node/-/jest-environment-node-29.6.4.tgz 0ms (cache hit)
585 http cache jest-docblock@https://registry.npmmirror.com/jest-docblock/-/jest-docblock-29.7.0.tgz 0ms (cache hit)
586 http cache jest-config@https://registry.npmmirror.com/jest-config/-/jest-config-29.7.0.tgz 0ms (cache hit)
587 http cache jest-diff@https://registry.npmmirror.com/jest-diff/-/jest-diff-29.7.0.tgz 0ms (cache hit)
588 http cache jest-each@https://registry.npmmirror.com/jest-each/-/jest-each-29.7.0.tgz 0ms (cache hit)
589 http cache jest-cli@https://registry.npmmirror.com/jest-cli/-/jest-cli-29.7.0.tgz 0ms (cache hit)
590 http cache jest-matcher-utils@https://registry.npmmirror.com/jest-matcher-utils/-/jest-matcher-utils-29.7.0.tgz 0ms (cache hit)
591 http cache jest-changed-files@https://registry.npmmirror.com/jest-changed-files/-/jest-changed-files-29.7.0.tgz 0ms (cache hit)
592 http cache jest@https://registry.npmmirror.com/jest/-/jest-29.7.0.tgz 0ms (cache hit)
593 http cache jest-circus@https://registry.npmmirror.com/jest-circus/-/jest-circus-29.7.0.tgz 0ms (cache hit)
594 http cache istanbul-lib-report@https://registry.npmmirror.com/istanbul-lib-report/-/istanbul-lib-report-3.0.1.tgz 0ms (cache hit)
595 http cache istanbul-lib-source-maps@https://registry.npmmirror.com/istanbul-lib-source-maps/-/istanbul-lib-source-maps-4.0.1.tgz 0ms (cache hit)
596 http cache istanbul-reports@https://registry.npmmirror.com/istanbul-reports/-/istanbul-reports-3.2.0.tgz 0ms (cache hit)
597 http cache istanbul-lib-instrument@https://registry.npmmirror.com/istanbul-lib-instrument/-/istanbul-lib-instrument-6.0.3.tgz 0ms (cache hit)
598 http cache istanbul-lib-coverage@https://registry.npmmirror.com/istanbul-lib-coverage/-/istanbul-lib-coverage-3.2.2.tgz 0ms (cache hit)
599 http cache is-stream@https://registry.npmmirror.com/is-stream/-/is-stream-2.0.1.tgz 0ms (cache hit)
600 http cache isexe@https://registry.npmmirror.com/isexe/-/isexe-2.0.0.tgz 0ms (cache hit)
601 http cache is-glob@https://registry.npmmirror.com/is-glob/-/is-glob-4.0.3.tgz 0ms (cache hit)
602 http cache is-generator-fn@https://registry.npmmirror.com/is-generator-fn/-/is-generator-fn-2.1.0.tgz 0ms (cache hit)
603 http cache import-local@https://registry.npmmirror.com/import-local/-/import-local-3.2.0.tgz 0ms (cache hit)
604 http cache is-fullwidth-code-point@https://registry.npmmirror.com/is-fullwidth-code-point/-/is-fullwidth-code-point-3.0.0.tgz 0ms (cache hit)
605 http cache is-extglob@https://registry.npmmirror.com/is-extglob/-/is-extglob-2.1.1.tgz 0ms (cache hit)
606 http cache is-core-module@https://registry.npmmirror.com/is-core-module/-/is-core-module-2.16.1.tgz 0ms (cache hit)
607 http cache is-number@https://registry.npmmirror.com/is-number/-/is-number-7.0.0.tgz 0ms (cache hit)
608 http cache is-binary-path@https://registry.npmmirror.com/is-binary-path/-/is-binary-path-2.1.0.tgz 0ms (cache hit)
609 http cache is-arrayish@https://registry.npmmirror.com/is-arrayish/-/is-arrayish-0.2.1.tgz 0ms (cache hit)
610 http cache ipaddr.js@https://registry.npmmirror.com/ipaddr.js/-/ipaddr.js-1.9.1.tgz 0ms (cache hit)
611 http cache inherits@https://registry.npmmirror.com/inherits/-/inherits-2.0.4.tgz 0ms (cache hit)
612 http cache inflight@https://registry.npmmirror.com/inflight/-/inflight-1.0.6.tgz 0ms (cache hit)
613 http cache imurmurhash@https://registry.npmmirror.com/imurmurhash/-/imurmurhash-0.1.4.tgz 0ms (cache hit)
614 http cache ignore-by-default@https://registry.npmmirror.com/ignore-by-default/-/ignore-by-default-1.0.1.tgz 0ms (cache hit)
615 http cache iconv-lite@https://registry.npmmirror.com/iconv-lite/-/iconv-lite-0.4.24.tgz 0ms (cache hit)
616 http cache human-signals@https://registry.npmmirror.com/human-signals/-/human-signals-2.1.0.tgz 0ms (cache hit)
617 http cache http-errors@https://registry.npmmirror.com/http-errors/-/http-errors-2.0.1.tgz 0ms (cache hit)
618 http cache html-escaper@https://registry.npmmirror.com/html-escaper/-/html-escaper-2.0.2.tgz 0ms (cache hit)
619 http cache hasown@https://registry.npmmirror.com/hasown/-/hasown-2.0.2.tgz 0ms (cache hit)
620 http cache has-tostringtag@https://registry.npmmirror.com/has-tostringtag/-/has-tostringtag-1.0.2.tgz 0ms (cache hit)
621 http cache has-symbols@https://registry.npmmirror.com/has-symbols/-/has-symbols-1.1.0.tgz 0ms (cache hit)
622 http cache has-flag@https://registry.npmmirror.com/has-flag/-/has-flag-4.0.0.tgz 0ms (cache hit)
623 http cache graceful-fs@https://registry.npmmirror.com/graceful-fs/-/graceful-fs-4.2.11.tgz 0ms (cache hit)
624 http cache glob-parent@https://registry.npmmirror.com/glob-parent/-/glob-parent-5.1.2.tgz 0ms (cache hit)
625 http cache gopd@https://registry.npmmirror.com/gopd/-/gopd-1.2.0.tgz 0ms (cache hit)
626 http cache glob@https://registry.npmmirror.com/glob/-/glob-7.2.3.tgz 0ms (cache hit)
627 http cache get-stream@https://registry.npmmirror.com/get-stream/-/get-stream-6.0.1.tgz 0ms (cache hit)
628 http cache get-proto@https://registry.npmmirror.com/get-proto/-/get-proto-1.0.1.tgz 0ms (cache hit)
629 http cache get-package-type@https://registry.npmmirror.com/get-package-type/-/get-package-type-0.1.0.tgz 0ms (cache hit)
630 http cache get-intrinsic@https://registry.npmmirror.com/get-intrinsic/-/get-intrinsic-1.3.0.tgz 0ms (cache hit)
631 http cache get-caller-file@https://registry.npmmirror.com/get-caller-file/-/get-caller-file-2.0.5.tgz 0ms (cache hit)
632 http cache gensync@https://registry.npmmirror.com/gensync/-/gensync-1.0.0-beta.2.tgz 0ms (cache hit)
633 http cache fsevents@https://registry.npmmirror.com/fsevents/-/fsevents-2.3.3.tgz 0ms (cache hit)
634 http cache fs.realpath@https://registry.npmmirror.com/fs.realpath/-/fs.realpath-1.0.0.tgz 0ms (cache hit)
635 http cache function-bind@https://registry.npmmirror.com/function-bind/-/function-bind-1.1.2.tgz 0ms (cache hit)
636 http cache forwarded@https://registry.npmmirror.com/forwarded/-/forwarded-0.2.0.tgz 0ms (cache hit)
637 http cache fresh@https://registry.npmmirror.com/fresh/-/fresh-0.5.2.tgz 0ms (cache hit)
638 http cache formidable@https://registry.npmmirror.com/formidable/-/formidable-2.1.5.tgz 0ms (cache hit)
639 http cache form-data@https://registry.npmmirror.com/form-data/-/form-data-4.0.5.tgz 0ms (cache hit)
640 http cache finalhandler@https://registry.npmmirror.com/finalhandler/-/finalhandler-1.3.2.tgz 1ms (cache hit)
641 http cache fill-range@https://registry.npmmirror.com/fill-range/-/fill-range-7.1.1.tgz 0ms (cache hit)
642 http cache fb-watchman@https://registry.npmmirror.com/fb-watchman/-/fb-watchman-2.0.2.tgz 0ms (cache hit)
643 http cache fast-safe-stringify@https://registry.npmmirror.com/fast-safe-stringify/-/fast-safe-stringify-2.1.1.tgz 0ms (cache hit)
644 http cache find-up@https://registry.npmmirror.com/find-up/-/find-up-4.1.0.tgz 0ms (cache hit)
645 http cache express@https://registry.npmmirror.com/express/-/express-4.22.1.tgz 0ms (cache hit)
646 http cache fast-json-stable-stringify@https://registry.npmmirror.com/fast-json-stable-stringify/-/fast-json-stable-stringify-2.1.0.tgz 0ms (cache hit)
647 http cache expect@https://registry.npmmirror.com/expect/-/expect-29.7.0.tgz 0ms (cache hit)
648 http cache execa@https://registry.npmmirror.com/execa/-/execa-5.1.1.tgz 0ms (cache hit)
649 http cache etag@https://registry.npmmirror.com/etag/-/etag-1.8.1.tgz 0ms (cache hit)
650 http cache exit@https://registry.npmmirror.com/exit/-/exit-0.1.2.tgz 0ms (cache hit)
651 http cache esprima@https://registry.npmmirror.com/esprima/-/esprima-4.0.1.tgz 0ms (cache hit)
652 http cache escape-string-regexp@https://registry.npmmirror.com/escape-string-regexp/-/escape-string-regexp-2.0.0.tgz 0ms (cache hit)
653 http cache escape-html@https://registry.npmmirror.com/escape-html/-/escape-html-1.0.3.tgz 0ms (cache hit)
654 http cache escalade@https://registry.npmmirror.com/escalade/-/escalade-3.2.0.tgz 0ms (cache hit)
655 http cache es-set-tostringtag@https://registry.npmmirror.com/es-set-tostringtag/-/es-set-tostringtag-2.1.0.tgz 0ms (cache hit)
656 http cache es-errors@https://registry.npmmirror.com/es-errors/-/es-errors-1.3.0.tgz 0ms (cache hit)
657 http cache es-object-atoms@https://registry.npmmirror.com/es-object-atoms/-/es-object-atoms-1.1.1.tgz 0ms (cache hit)
658 http cache es-define-property@https://registry.npmmirror.com/es-define-property/-/es-define-property-1.0.1.tgz 0ms (cache hit)
659 http cache error-ex@https://registry.npmmirror.com/error-ex/-/error-ex-1.3.4.tgz 0ms (cache hit)
660 http cache encodeurl@https://registry.npmmirror.com/encodeurl/-/encodeurl-2.0.0.tgz 0ms (cache hit)
661 http cache emittery@https://registry.npmmirror.com/emittery/-/emittery-0.13.1.tgz 0ms (cache hit)
662 http cache emoji-regex@https://registry.npmmirror.com/emoji-regex/-/emoji-regex-8.0.0.tgz 0ms (cache hit)
663 http cache electron-to-chromium@https://registry.npmmirror.com/electron-to-chromium/-/electron-to-chromium-1.5.321.tgz 0ms (cache hit)
664 http cache ee-first@https://registry.npmmirror.com/ee-first/-/ee-first-1.1.1.tgz 0ms (cache hit)
665 http cache dunder-proto@https://registry.npmmirror.com/dunder-proto/-/dunder-proto-1.0.1.tgz 0ms (cache hit)
666 http cache diff-sequences@https://registry.npmmirror.com/diff-sequences/-/diff-sequences-29.6.3.tgz 0ms (cache hit)
667 http cache detect-newline@https://registry.npmmirror.com/detect-newline/-/detect-newline-3.1.0.tgz 0ms (cache hit)
668 http cache dezalgo@https://registry.npmmirror.com/dezalgo/-/dezalgo-1.0.4.tgz 0ms (cache hit)
669 http cache destroy@https://registry.npmmirror.com/destroy/-/destroy-1.2.0.tgz 0ms (cache hit)
670 http cache depd@https://registry.npmmirror.com/depd/-/depd-2.0.0.tgz 0ms (cache hit)
671 http cache delayed-stream@https://registry.npmmirror.com/delayed-stream/-/delayed-stream-1.0.0.tgz 0ms (cache hit)
672 http cache deepmerge@https://registry.npmmirror.com/deepmerge/-/deepmerge-4.3.1.tgz 0ms (cache hit)
673 http cache debug@https://registry.npmmirror.com/debug/-/debug-2.6.9.tgz 0ms (cache hit)
674 http cache dedent@https://registry.npmmirror.com/dedent/-/dedent-1.7.2.tgz 0ms (cache hit)
675 http cache cross-spawn@https://registry.npmmirror.com/cross-spawn/-/cross-spawn-7.0.6.tgz 0ms (cache hit)
676 http cache create-jest@https://registry.npmmirror.com/create-jest/-/create-jest-29.7.0.tgz 0ms (cache hit)
677 http cache cookiejar@https://registry.npmmirror.com/cookiejar/-/cookiejar-2.1.4.tgz 0ms (cache hit)
678 http cache cors@https://registry.npmmirror.com/cors/-/cors-2.8.6.tgz 0ms (cache hit)
679 http cache cookie-signature@https://registry.npmmirror.com/cookie-signature/-/cookie-signature-1.0.7.tgz 0ms (cache hit)
680 http cache cookie@https://registry.npmmirror.com/cookie/-/cookie-0.7.2.tgz 0ms (cache hit)
681 http cache convert-source-map@https://registry.npmmirror.com/convert-source-map/-/convert-source-map-2.0.0.tgz 0ms (cache hit)
682 http cache content-disposition@https://registry.npmmirror.com/content-disposition/-/content-disposition-0.5.4.tgz 0ms (cache hit)
683 http cache concat-map@https://registry.npmmirror.com/concat-map/-/concat-map-0.0.1.tgz 0ms (cache hit)
684 http cache content-type@https://registry.npmmirror.com/content-type/-/content-type-1.0.5.tgz 0ms (cache hit)
685 http cache component-emitter@https://registry.npmmirror.com/component-emitter/-/component-emitter-1.3.1.tgz 0ms (cache hit)
686 http cache color-name@https://registry.npmmirror.com/color-name/-/color-name-1.1.4.tgz 0ms (cache hit)
687 http cache color-convert@https://registry.npmmirror.com/color-convert/-/color-convert-2.0.1.tgz 0ms (cache hit)
688 http cache collect-v8-coverage@https://registry.npmmirror.com/collect-v8-coverage/-/collect-v8-coverage-1.0.3.tgz 0ms (cache hit)
689 http cache combined-stream@https://registry.npmmirror.com/combined-stream/-/combined-stream-1.0.8.tgz 0ms (cache hit)
690 http cache cliui@https://registry.npmmirror.com/cliui/-/cliui-8.0.1.tgz 0ms (cache hit)
691 http cache cjs-module-lexer@https://registry.npmmirror.com/cjs-module-lexer/-/cjs-module-lexer-1.4.3.tgz 0ms (cache hit)
692 http cache ci-info@https://registry.npmmirror.com/ci-info/-/ci-info-3.9.0.tgz 0ms (cache hit)
693 http cache chokidar@https://registry.npmmirror.com/chokidar/-/chokidar-3.6.0.tgz 0ms (cache hit)
694 http cache co@https://registry.npmmirror.com/co/-/co-4.6.0.tgz 0ms (cache hit)
695 http cache char-regex@https://registry.npmmirror.com/char-regex/-/char-regex-1.0.2.tgz 0ms (cache hit)
696 http cache chalk@https://registry.npmmirror.com/chalk/-/chalk-4.1.2.tgz 0ms (cache hit)
697 http cache caniuse-lite@https://registry.npmmirror.com/caniuse-lite/-/caniuse-lite-1.0.30001780.tgz 0ms (cache hit)
698 http cache camelcase@https://registry.npmmirror.com/camelcase/-/camelcase-5.3.1.tgz 0ms (cache hit)
699 http cache call-bound@https://registry.npmmirror.com/call-bound/-/call-bound-1.0.4.tgz 0ms (cache hit)
700 http cache callsites@https://registry.npmmirror.com/callsites/-/callsites-3.1.0.tgz 0ms (cache hit)
701 http cache call-bind-apply-helpers@https://registry.npmmirror.com/call-bind-apply-helpers/-/call-bind-apply-helpers-1.0.2.tgz 0ms (cache hit)
702 http cache bytes@https://registry.npmmirror.com/bytes/-/bytes-3.1.2.tgz 0ms (cache hit)
703 http cache buffer-from@https://registry.npmmirror.com/buffer-from/-/buffer-from-1.1.2.tgz 0ms (cache hit)
704 http cache browserslist@https://registry.npmmirror.com/browserslist/-/browserslist-4.28.1.tgz 0ms (cache hit)
705 http cache bser@https://registry.npmmirror.com/bser/-/bser-2.1.1.tgz 0ms (cache hit)
706 http cache braces@https://registry.npmmirror.com/braces/-/braces-3.0.3.tgz 0ms (cache hit)
707 http cache brace-expansion@https://registry.npmmirror.com/brace-expansion/-/brace-expansion-1.1.12.tgz 0ms (cache hit)
708 http cache body-parser@https://registry.npmmirror.com/body-parser/-/body-parser-1.20.4.tgz 0ms (cache hit)
709 http cache binary-extensions@https://registry.npmmirror.com/binary-extensions/-/binary-extensions-2.3.0.tgz 0ms (cache hit)
710 http cache basic-auth@https://registry.npmmirror.com/basic-auth/-/basic-auth-2.0.1.tgz 0ms (cache hit)
711 http cache baseline-browser-mapping@https://registry.npmmirror.com/baseline-browser-mapping/-/baseline-browser-mapping-2.10.8.tgz 0ms (cache hit)
712 http cache balanced-match@https://registry.npmmirror.com/balanced-match/-/balanced-match-1.0.2.tgz 0ms (cache hit)
713 http cache babel-preset-jest@https://registry.npmmirror.com/babel-preset-jest/-/babel-preset-jest-29.6.3.tgz 0ms (cache hit)
714 http cache babel-preset-current-node-syntax@https://registry.npmmirror.com/babel-preset-current-node-syntax/-/babel-preset-current-node-syntax-1.2.0.tgz 0ms (cache hit)
715 http cache babel-plugin-istanbul@https://registry.npmmirror.com/babel-plugin-istanbul/-/babel-plugin-istanbul-6.1.1.tgz 0ms (cache hit)
716 http cache babel-jest@https://registry.npmmirror.com/babel-jest/-/babel-jest-29.7.0.tgz 0ms (cache hit)
717 http cache asynckit@https://registry.npmmirror.com/asynckit/-/asynckit-0.4.0.tgz 0ms (cache hit)
718 http cache babel-plugin-jest-hoist@https://registry.npmmirror.com/babel-plugin-jest-hoist/-/babel-plugin-jest-hoist-29.6.3.tgz 0ms (cache hit)
719 http cache asap@https://registry.npmmirror.com/asap/-/asap-2.0.6.tgz 0ms (cache hit)
720 http cache array-flatten@https://registry.npmmirror.com/array-flatten/-/array-flatten-1.1.1.tgz 0ms (cache hit)
721 http cache argparse@https://registry.npmmirror.com/argparse/-/argparse-1.0.10.tgz 0ms (cache hit)
722 http cache ansi-styles@https://registry.npmmirror.com/ansi-styles/-/ansi-styles-4.3.0.tgz 0ms (cache hit)
723 http cache anymatch@https://registry.npmmirror.com/anymatch/-/anymatch-3.1.3.tgz 0ms (cache hit)
724 http cache ansi-regex@https://registry.npmmirror.com/ansi-regex/-/ansi-regex-5.0.1.tgz 0ms (cache hit)
725 http cache ansi-escapes@https://registry.npmmirror.com/ansi-escapes/-/ansi-escapes-4.3.2.tgz 0ms (cache hit)
726 http cache accepts@https://registry.npmmirror.com/accepts/-/accepts-1.3.8.tgz 0ms (cache hit)
727 http cache ms@https://registry.npmmirror.com/ms/-/ms-2.1.3.tgz 0ms (cache hit)
728 http cache debug@https://registry.npmmirror.com/debug/-/debug-4.4.3.tgz 0ms (cache hit)
729 http cache dotenv@https://registry.npmmirror.com/dotenv/-/dotenv-16.6.1.tgz 0ms (cache hit)
730 http cache ms@https://registry.npmmirror.com/ms/-/ms-2.1.3.tgz 0ms (cache hit)
731 http cache debug@https://registry.npmmirror.com/debug/-/debug-4.4.3.tgz 0ms (cache hit)
732 http cache ms@https://registry.npmmirror.com/ms/-/ms-2.1.3.tgz 0ms (cache hit)
733 http cache semver@https://registry.npmmirror.com/semver/-/semver-7.7.4.tgz 0ms (cache hit)
734 http cache debug@https://registry.npmmirror.com/debug/-/debug-4.4.3.tgz 0ms (cache hit)
735 http cache mime@https://registry.npmmirror.com/mime/-/mime-2.6.0.tgz 0ms (cache hit)
736 http cache semver@https://registry.npmmirror.com/semver/-/semver-7.7.4.tgz 0ms (cache hit)
737 http cache ms@https://registry.npmmirror.com/ms/-/ms-2.1.3.tgz 0ms (cache hit)
738 http cache ansi-styles@https://registry.npmmirror.com/ansi-styles/-/ansi-styles-5.2.0.tgz 0ms (cache hit)
739 http cache p-limit@https://registry.npmmirror.com/p-limit/-/p-limit-2.3.0.tgz 0ms (cache hit)
740 http cache semver@https://registry.npmmirror.com/semver/-/semver-7.7.4.tgz 0ms (cache hit)
741 http cache supports-color@https://registry.npmmirror.com/supports-color/-/supports-color-5.5.0.tgz 0ms (cache hit)
742 http cache ms@https://registry.npmmirror.com/ms/-/ms-2.1.3.tgz 0ms (cache hit)
743 http cache minimatch@https://registry.npmmirror.com/minimatch/-/minimatch-10.2.4.tgz 0ms (cache hit)
744 http cache has-flag@https://registry.npmmirror.com/has-flag/-/has-flag-3.0.0.tgz 0ms (cache hit)
745 http cache debug@https://registry.npmmirror.com/debug/-/debug-4.4.3.tgz 0ms (cache hit)
746 http cache brace-expansion@https://registry.npmmirror.com/brace-expansion/-/brace-expansion-5.0.4.tgz 0ms (cache hit)
747 http cache balanced-match@https://registry.npmmirror.com/balanced-match/-/balanced-match-4.0.4.tgz 0ms (cache hit)
748 http cache on-finished@https://registry.npmmirror.com/on-finished/-/on-finished-2.3.0.tgz 0ms (cache hit)
749 http cache semver@https://registry.npmmirror.com/semver/-/semver-7.7.4.tgz 0ms (cache hit)
750 http cache supports-color@https://registry.npmmirror.com/supports-color/-/supports-color-8.1.1.tgz 0ms (cache hit)
751 http cache camelcase@https://registry.npmmirror.com/camelcase/-/camelcase-6.3.0.tgz 0ms (cache hit)
752 http cache jest-environment-node@https://registry.npmmirror.com/jest-environment-node/-/jest-environment-node-29.7.0.tgz 0ms (cache hit)
753 http cache semver@https://registry.npmmirror.com/semver/-/semver-7.7.4.tgz 0ms (cache hit)
754 http cache jest-environment-node@https://registry.npmmirror.com/jest-environment-node/-/jest-environment-node-29.7.0.tgz 0ms (cache hit)
755 http cache ms@https://registry.npmmirror.com/ms/-/ms-2.1.3.tgz 0ms (cache hit)
756 http cache debug@https://registry.npmmirror.com/debug/-/debug-4.4.3.tgz 0ms (cache hit)
757 http cache semver@https://registry.npmmirror.com/semver/-/semver-7.7.4.tgz 0ms (cache hit)
758 http cache safe-buffer@https://registry.npmmirror.com/safe-buffer/-/safe-buffer-5.1.2.tgz 0ms (cache hit)
759 http cache istanbul-lib-instrument@https://registry.npmmirror.com/istanbul-lib-instrument/-/istanbul-lib-instrument-5.2.1.tgz 0ms (cache hit)
760 silly tarball no local data for @types/yargs-parser@https://registry.npmmirror.com/@types/yargs-parser/-/yargs-parser-21.0.3.tgz. Extracting by manifest.
761 silly tarball no local data for @types/yargs@https://registry.npmmirror.com/@types/yargs/-/yargs-17.0.35.tgz. Extracting by manifest.
762 silly tarball no local data for @types/stack-utils@https://registry.npmmirror.com/@types/stack-utils/-/stack-utils-2.0.3.tgz. Extracting by manifest.
763 silly tarball no local data for @types/istanbul-reports@https://registry.npmmirror.com/@types/istanbul-reports/-/istanbul-reports-3.0.4.tgz. Extracting by manifest.
764 silly tarball no local data for @types/node@https://registry.npmmirror.com/@types/node/-/node-25.5.0.tgz. Extracting by manifest.
765 silly tarball no local data for @types/graceful-fs@https://registry.npmmirror.com/@types/graceful-fs/-/graceful-fs-4.1.9.tgz. Extracting by manifest.
766 silly tarball no local data for @types/istanbul-lib-coverage@https://registry.npmmirror.com/@types/istanbul-lib-coverage/-/istanbul-lib-coverage-2.0.6.tgz. Extracting by manifest.
767 silly tarball no local data for @types/istanbul-lib-report@https://registry.npmmirror.com/@types/istanbul-lib-report/-/istanbul-lib-report-3.0.3.tgz. Extracting by manifest.
768 silly tarball no local data for @types/babel__traverse@https://registry.npmmirror.com/@types/babel__traverse/-/babel__traverse-7.28.0.tgz. Extracting by manifest.
769 silly tarball no local data for @types/babel__generator@https://registry.npmmirror.com/@types/babel__generator/-/babel__generator-7.27.0.tgz. Extracting by manifest.
770 silly tarball no local data for @types/babel__template@https://registry.npmmirror.com/@types/babel__template/-/babel__template-7.4.4.tgz. Extracting by manifest.
771 silly tarball no local data for @types/babel__core@https://registry.npmmirror.com/@types/babel__core/-/babel__core-7.20.5.tgz. Extracting by manifest.
772 silly tarball no local data for @sinonjs/commons@https://registry.npmmirror.com/@sinonjs/commons/-/commons-3.0.1.tgz. Extracting by manifest.
773 silly tarball no local data for @sinonjs/fake-timers@https://registry.npmmirror.com/@sinonjs/fake-timers/-/fake-timers-10.3.0.tgz. Extracting by manifest.
774 silly tarball no local data for @noble/hashes@https://registry.npmmirror.com/@noble/hashes/-/hashes-1.8.0.tgz. Extracting by manifest.
775 silly tarball no local data for @paralleldrive/cuid2@https://registry.npmmirror.com/@paralleldrive/cuid2/-/cuid2-2.3.1.tgz. Extracting by manifest.
776 silly tarball no local data for @sinclair/typebox@https://registry.npmmirror.com/@sinclair/typebox/-/typebox-0.27.10.tgz. Extracting by manifest.
777 silly tarball no local data for @jridgewell/trace-mapping@https://registry.npmmirror.com/@jridgewell/trace-mapping/-/trace-mapping-0.3.31.tgz. Extracting by manifest.
778 silly tarball no local data for @jridgewell/resolve-uri@https://registry.npmmirror.com/@jridgewell/resolve-uri/-/resolve-uri-3.1.2.tgz. Extracting by manifest.
779 silly tarball no local data for @jridgewell/sourcemap-codec@https://registry.npmmirror.com/@jridgewell/sourcemap-codec/-/sourcemap-codec-1.5.5.tgz. Extracting by manifest.
780 silly tarball no local data for @jridgewell/remapping@https://registry.npmmirror.com/@jridgewell/remapping/-/remapping-2.3.5.tgz. Extracting by manifest.
781 silly tarball no local data for @jest/transform@https://registry.npmmirror.com/@jest/transform/-/transform-29.7.0.tgz. Extracting by manifest.
782 silly tarball no local data for @jest/types@https://registry.npmmirror.com/@jest/types/-/types-29.6.3.tgz. Extracting by manifest.
783 silly tarball no local data for @jest/test-sequencer@https://registry.npmmirror.com/@jest/test-sequencer/-/test-sequencer-29.7.0.tgz. Extracting by manifest.
784 silly tarball no local data for @jest/source-map@https://registry.npmmirror.com/@jest/source-map/-/source-map-29.6.3.tgz. Extracting by manifest.
785 silly tarball no local data for @jridgewell/gen-mapping@https://registry.npmmirror.com/@jridgewell/gen-mapping/-/gen-mapping-0.3.13.tgz. Extracting by manifest.
786 silly tarball no local data for @jest/reporters@https://registry.npmmirror.com/@jest/reporters/-/reporters-29.7.0.tgz. Extracting by manifest.
787 silly tarball no local data for @jest/test-result@https://registry.npmmirror.com/@jest/test-result/-/test-result-29.7.0.tgz. Extracting by manifest.
788 silly tarball no local data for @jest/fake-timers@https://registry.npmmirror.com/@jest/fake-timers/-/fake-timers-29.7.0.tgz. Extracting by manifest.
789 silly tarball no local data for @jest/globals@https://registry.npmmirror.com/@jest/globals/-/globals-29.7.0.tgz. Extracting by manifest.
790 silly tarball no local data for @jest/environment@https://registry.npmmirror.com/@jest/environment/-/environment-29.7.0.tgz. Extracting by manifest.
791 silly tarball no local data for @jest/expect-utils@https://registry.npmmirror.com/@jest/expect-utils/-/expect-utils-29.7.0.tgz. Extracting by manifest.
792 silly tarball no local data for @istanbuljs/load-nyc-config@https://registry.npmmirror.com/@istanbuljs/load-nyc-config/-/load-nyc-config-1.1.0.tgz. Extracting by manifest.
793 silly tarball no local data for @jest/schemas@https://registry.npmmirror.com/@jest/schemas/-/schemas-29.6.3.tgz. Extracting by manifest.
794 silly tarball no local data for @jest/expect@https://registry.npmmirror.com/@jest/expect/-/expect-29.7.0.tgz. Extracting by manifest.
795 silly tarball no local data for @jest/console@https://registry.npmmirror.com/@jest/console/-/console-29.7.0.tgz. Extracting by manifest.
796 silly tarball no local data for @jest/core@https://registry.npmmirror.com/@jest/core/-/core-29.7.0.tgz. Extracting by manifest.
797 silly tarball no local data for @bcoe/v8-coverage@https://registry.npmmirror.com/@bcoe/v8-coverage/-/v8-coverage-0.2.3.tgz. Extracting by manifest.
798 silly tarball no local data for @babel/types@https://registry.npmmirror.com/@babel/types/-/types-7.29.0.tgz. Extracting by manifest.
799 silly tarball no local data for @istanbuljs/schema@https://registry.npmmirror.com/@istanbuljs/schema/-/schema-0.1.3.tgz. Extracting by manifest.
800 silly tarball no local data for @babel/traverse@https://registry.npmmirror.com/@babel/traverse/-/traverse-7.29.0.tgz. Extracting by manifest.
801 silly tarball no local data for @babel/plugin-syntax-typescript@https://registry.npmmirror.com/@babel/plugin-syntax-typescript/-/plugin-syntax-typescript-7.28.6.tgz. Extracting by manifest.
802 silly tarball no local data for @babel/template@https://registry.npmmirror.com/@babel/template/-/template-7.28.6.tgz. Extracting by manifest.
803 silly tarball no local data for @babel/plugin-syntax-top-level-await@https://registry.npmmirror.com/@babel/plugin-syntax-top-level-await/-/plugin-syntax-top-level-await-7.14.5.tgz. Extracting by manifest.
804 silly tarball no local data for @babel/plugin-syntax-private-property-in-object@https://registry.npmmirror.com/@babel/plugin-syntax-private-property-in-object/-/plugin-syntax-private-property-in-object-7.14.5.tgz. Extracting by manifest.
805 silly tarball no local data for @babel/plugin-syntax-optional-chaining@https://registry.npmmirror.com/@babel/plugin-syntax-optional-chaining/-/plugin-syntax-optional-chaining-7.8.3.tgz. Extracting by manifest.
806 silly tarball no local data for @babel/plugin-syntax-optional-catch-binding@https://registry.npmmirror.com/@babel/plugin-syntax-optional-catch-binding/-/plugin-syntax-optional-catch-binding-7.8.3.tgz. Extracting by manifest.
807 silly tarball no local data for @babel/plugin-syntax-object-rest-spread@https://registry.npmmirror.com/@babel/plugin-syntax-object-rest-spread/-/plugin-syntax-object-rest-spread-7.8.3.tgz. Extracting by manifest.
808 silly tarball no local data for @babel/plugin-syntax-numeric-separator@https://registry.npmmirror.com/@babel/plugin-syntax-numeric-separator/-/plugin-syntax-numeric-separator-7.10.4.tgz. Extracting by manifest.
809 silly tarball no local data for @babel/plugin-syntax-nullish-coalescing-operator@https://registry.npmmirror.com/@babel/plugin-syntax-nullish-coalescing-operator/-/plugin-syntax-nullish-coalescing-operator-7.8.3.tgz. Extracting by manifest.
810 silly tarball no local data for @babel/plugin-syntax-logical-assignment-operators@https://registry.npmmirror.com/@babel/plugin-syntax-logical-assignment-operators/-/plugin-syntax-logical-assignment-operators-7.10.4.tgz. Extracting by manifest.
811 silly tarball no local data for @babel/plugin-syntax-jsx@https://registry.npmmirror.com/@babel/plugin-syntax-jsx/-/plugin-syntax-jsx-7.28.6.tgz. Extracting by manifest.
812 silly tarball no local data for @babel/plugin-syntax-json-strings@https://registry.npmmirror.com/@babel/plugin-syntax-json-strings/-/plugin-syntax-json-strings-7.8.3.tgz. Extracting by manifest.
813 silly tarball no local data for @babel/plugin-syntax-import-meta@https://registry.npmmirror.com/@babel/plugin-syntax-import-meta/-/plugin-syntax-import-meta-7.10.4.tgz. Extracting by manifest.
814 silly tarball no local data for @babel/plugin-syntax-import-attributes@https://registry.npmmirror.com/@babel/plugin-syntax-import-attributes/-/plugin-syntax-import-attributes-7.28.6.tgz. Extracting by manifest.
815 silly tarball no local data for @babel/plugin-syntax-class-properties@https://registry.npmmirror.com/@babel/plugin-syntax-class-properties/-/plugin-syntax-class-properties-7.12.13.tgz. Extracting by manifest.
816 silly tarball no local data for @babel/plugin-syntax-bigint@https://registry.npmmirror.com/@babel/plugin-syntax-bigint/-/plugin-syntax-bigint-7.8.3.tgz. Extracting by manifest.
817 silly tarball no local data for @babel/plugin-syntax-class-static-block@https://registry.npmmirror.com/@babel/plugin-syntax-class-static-block/-/plugin-syntax-class-static-block-7.14.5.tgz. Extracting by manifest.
818 silly tarball no local data for @babel/plugin-syntax-async-generators@https://registry.npmmirror.com/@babel/plugin-syntax-async-generators/-/plugin-syntax-async-generators-7.8.4.tgz. Extracting by manifest.
819 silly tarball no local data for @babel/parser@https://registry.npmmirror.com/@babel/parser/-/parser-7.29.2.tgz. Extracting by manifest.
820 silly tarball no local data for @babel/helpers@https://registry.npmmirror.com/@babel/helpers/-/helpers-7.29.2.tgz. Extracting by manifest.
821 silly tarball no local data for @babel/helper-validator-option@https://registry.npmmirror.com/@babel/helper-validator-option/-/helper-validator-option-7.27.1.tgz. Extracting by manifest.
822 silly tarball no local data for @babel/helper-validator-identifier@https://registry.npmmirror.com/@babel/helper-validator-identifier/-/helper-validator-identifier-7.28.5.tgz. Extracting by manifest.
823 silly tarball no local data for @babel/helper-string-parser@https://registry.npmmirror.com/@babel/helper-string-parser/-/helper-string-parser-7.27.1.tgz. Extracting by manifest.
824 silly tarball no local data for @babel/helper-plugin-utils@https://registry.npmmirror.com/@babel/helper-plugin-utils/-/helper-plugin-utils-7.28.6.tgz. Extracting by manifest.
825 silly tarball no local data for @babel/helper-module-transforms@https://registry.npmmirror.com/@babel/helper-module-transforms/-/helper-module-transforms-7.28.6.tgz. Extracting by manifest.
826 silly tarball no local data for @babel/helper-module-imports@https://registry.npmmirror.com/@babel/helper-module-imports/-/helper-module-imports-7.28.6.tgz. Extracting by manifest.
827 silly tarball no local data for @babel/helper-globals@https://registry.npmmirror.com/@babel/helper-globals/-/helper-globals-7.28.0.tgz. Extracting by manifest.
828 silly tarball no local data for @babel/generator@https://registry.npmmirror.com/@babel/generator/-/generator-7.29.1.tgz. Extracting by manifest.
829 silly tarball no local data for @babel/helper-compilation-targets@https://registry.npmmirror.com/@babel/helper-compilation-targets/-/helper-compilation-targets-7.28.6.tgz. Extracting by manifest.
830 silly tarball no local data for @babel/core@https://registry.npmmirror.com/@babel/core/-/core-7.29.0.tgz. Extracting by manifest.
831 silly tarball no local data for @babel/compat-data@https://registry.npmmirror.com/@babel/compat-data/-/compat-data-7.29.0.tgz. Extracting by manifest.
832 silly tarball no local data for @babel/code-frame@https://registry.npmmirror.com/@babel/code-frame/-/code-frame-7.29.0.tgz. Extracting by manifest.
833 silly tarball no local data for yargs-parser@https://registry.npmmirror.com/yargs-parser/-/yargs-parser-21.1.1.tgz. Extracting by manifest.
834 silly tarball no local data for yocto-queue@https://registry.npmmirror.com/yocto-queue/-/yocto-queue-0.1.0.tgz. Extracting by manifest.
835 silly tarball no local data for yargs@https://registry.npmmirror.com/yargs/-/yargs-17.7.2.tgz. Extracting by manifest.
836 silly tarball no local data for yallist@https://registry.npmmirror.com/yallist/-/yallist-3.1.1.tgz. Extracting by manifest.
837 silly tarball no local data for y18n@https://registry.npmmirror.com/y18n/-/y18n-5.0.8.tgz. Extracting by manifest.
838 silly tarball no local data for wrappy@https://registry.npmmirror.com/wrappy/-/wrappy-1.0.2.tgz. Extracting by manifest.
839 silly tarball no local data for wrap-ansi@https://registry.npmmirror.com/wrap-ansi/-/wrap-ansi-7.0.0.tgz. Extracting by manifest.
840 silly tarball no local data for walker@https://registry.npmmirror.com/walker/-/walker-1.0.8.tgz. Extracting by manifest.
841 silly tarball no local data for which@https://registry.npmmirror.com/which/-/which-2.0.2.tgz. Extracting by manifest.
842 silly tarball no local data for v8-to-istanbul@https://registry.npmmirror.com/v8-to-istanbul/-/v8-to-istanbul-9.3.0.tgz. Extracting by manifest.
843 silly tarball no local data for utils-merge@https://registry.npmmirror.com/utils-merge/-/utils-merge-1.0.1.tgz. Extracting by manifest.
844 silly tarball no local data for vary@https://registry.npmmirror.com/vary/-/vary-1.1.2.tgz. Extracting by manifest.
845 silly tarball no local data for update-browserslist-db@https://registry.npmmirror.com/update-browserslist-db/-/update-browserslist-db-1.2.3.tgz. Extracting by manifest.
846 silly tarball no local data for unpipe@https://registry.npmmirror.com/unpipe/-/unpipe-1.0.0.tgz. Extracting by manifest.
847 silly tarball no local data for undici-types@https://registry.npmmirror.com/undici-types/-/undici-types-7.18.2.tgz. Extracting by manifest.
848 silly tarball no local data for type-is@https://registry.npmmirror.com/type-is/-/type-is-1.6.18.tgz. Extracting by manifest.
849 silly tarball no local data for undefsafe@https://registry.npmmirror.com/undefsafe/-/undefsafe-2.0.5.tgz. Extracting by manifest.
850 silly tarball no local data for type-fest@https://registry.npmmirror.com/type-fest/-/type-fest-0.21.3.tgz. Extracting by manifest.
851 silly tarball no local data for touch@https://registry.npmmirror.com/touch/-/touch-3.1.1.tgz. Extracting by manifest.
852 silly tarball no local data for toidentifier@https://registry.npmmirror.com/toidentifier/-/toidentifier-1.0.1.tgz. Extracting by manifest.
853 silly tarball no local data for type-detect@https://registry.npmmirror.com/type-detect/-/type-detect-4.0.8.tgz. Extracting by manifest.
854 silly tarball no local data for write-file-atomic@https://registry.npmmirror.com/write-file-atomic/-/write-file-atomic-4.0.2.tgz. Extracting by manifest.
855 silly tarball no local data for supports-preserve-symlinks-flag@https://registry.npmmirror.com/supports-preserve-symlinks-flag/-/supports-preserve-symlinks-flag-1.0.0.tgz. Extracting by manifest.
856 silly tarball no local data for test-exclude@https://registry.npmmirror.com/test-exclude/-/test-exclude-6.0.0.tgz. Extracting by manifest.
857 silly tarball no local data for tmpl@https://registry.npmmirror.com/tmpl/-/tmpl-1.0.5.tgz. Extracting by manifest.
858 silly tarball no local data for supports-color@https://registry.npmmirror.com/supports-color/-/supports-color-7.2.0.tgz. Extracting by manifest.
859 silly tarball no local data for to-regex-range@https://registry.npmmirror.com/to-regex-range/-/to-regex-range-5.0.1.tgz. Extracting by manifest.
860 silly tarball no local data for strip-json-comments@https://registry.npmmirror.com/strip-json-comments/-/strip-json-comments-3.1.1.tgz. Extracting by manifest.
861 silly tarball no local data for superagent@https://registry.npmmirror.com/superagent/-/superagent-8.1.2.tgz. Extracting by manifest.
862 silly tarball no local data for strip-bom@https://registry.npmmirror.com/strip-bom/-/strip-bom-4.0.0.tgz. Extracting by manifest.
863 silly tarball no local data for strip-final-newline@https://registry.npmmirror.com/strip-final-newline/-/strip-final-newline-2.0.0.tgz. Extracting by manifest.
864 silly tarball no local data for string-width@https://registry.npmmirror.com/string-width/-/string-width-4.2.3.tgz. Extracting by manifest.
865 silly tarball no local data for string-length@https://registry.npmmirror.com/string-length/-/string-length-4.0.2.tgz. Extracting by manifest.
866 silly tarball no local data for stack-utils@https://registry.npmmirror.com/stack-utils/-/stack-utils-2.0.6.tgz. Extracting by manifest.
867 silly tarball no local data for supertest@https://registry.npmmirror.com/supertest/-/supertest-6.3.4.tgz. Extracting by manifest.
868 silly tarball no local data for strip-ansi@https://registry.npmmirror.com/strip-ansi/-/strip-ansi-6.0.1.tgz. Extracting by manifest.
869 silly tarball no local data for sprintf-js@https://registry.npmmirror.com/sprintf-js/-/sprintf-js-1.0.3.tgz. Extracting by manifest.
870 silly tarball no local data for statuses@https://registry.npmmirror.com/statuses/-/statuses-2.0.2.tgz. Extracting by manifest.
871 silly tarball no local data for source-map@https://registry.npmmirror.com/source-map/-/source-map-0.6.1.tgz. Extracting by manifest.
872 silly tarball no local data for slash@https://registry.npmmirror.com/slash/-/slash-3.0.0.tgz. Extracting by manifest.
873 silly tarball no local data for source-map-support@https://registry.npmmirror.com/source-map-support/-/source-map-support-0.5.13.tgz. Extracting by manifest.
874 silly tarball no local data for simple-update-notifier@https://registry.npmmirror.com/simple-update-notifier/-/simple-update-notifier-2.0.0.tgz. Extracting by manifest.
875 silly tarball no local data for sisteransi@https://registry.npmmirror.com/sisteransi/-/sisteransi-1.0.5.tgz. Extracting by manifest.
876 silly tarball no local data for side-channel-weakmap@https://registry.npmmirror.com/side-channel-weakmap/-/side-channel-weakmap-1.0.2.tgz. Extracting by manifest.
877 silly tarball no local data for signal-exit@https://registry.npmmirror.com/signal-exit/-/signal-exit-3.0.7.tgz. Extracting by manifest.
878 silly tarball no local data for side-channel-map@https://registry.npmmirror.com/side-channel-map/-/side-channel-map-1.0.1.tgz. Extracting by manifest.
879 silly tarball no local data for side-channel-list@https://registry.npmmirror.com/side-channel-list/-/side-channel-list-1.0.0.tgz. Extracting by manifest.
880 silly tarball no local data for side-channel@https://registry.npmmirror.com/side-channel/-/side-channel-1.1.0.tgz. Extracting by manifest.
881 silly tarball no local data for shebang-regex@https://registry.npmmirror.com/shebang-regex/-/shebang-regex-3.0.0.tgz. Extracting by manifest.
882 silly tarball no local data for shebang-command@https://registry.npmmirror.com/shebang-command/-/shebang-command-2.0.0.tgz. Extracting by manifest.
883 silly tarball no local data for setprototypeof@https://registry.npmmirror.com/setprototypeof/-/setprototypeof-1.2.0.tgz. Extracting by manifest.
884 silly tarball no local data for serve-static@https://registry.npmmirror.com/serve-static/-/serve-static-1.16.3.tgz. Extracting by manifest.
885 silly tarball no local data for send@https://registry.npmmirror.com/send/-/send-0.19.2.tgz. Extracting by manifest.
886 silly tarball no local data for semver@https://registry.npmmirror.com/semver/-/semver-6.3.1.tgz. Extracting by manifest.
887 silly tarball no local data for safer-buffer@https://registry.npmmirror.com/safer-buffer/-/safer-buffer-2.1.2.tgz. Extracting by manifest.
888 silly tarball no local data for resolve-from@https://registry.npmmirror.com/resolve-from/-/resolve-from-5.0.0.tgz. Extracting by manifest.
889 silly tarball no local data for resolve-cwd@https://registry.npmmirror.com/resolve-cwd/-/resolve-cwd-3.0.0.tgz. Extracting by manifest.
890 silly tarball no local data for resolve.exports@https://registry.npmmirror.com/resolve.exports/-/resolve.exports-2.0.3.tgz. Extracting by manifest.
891 silly tarball no local data for safe-buffer@https://registry.npmmirror.com/safe-buffer/-/safe-buffer-5.2.1.tgz. Extracting by manifest.
892 silly tarball no local data for resolve@https://registry.npmmirror.com/resolve/-/resolve-1.22.11.tgz. Extracting by manifest.
893 silly tarball no local data for require-directory@https://registry.npmmirror.com/require-directory/-/require-directory-2.1.1.tgz. Extracting by manifest.
894 silly tarball no local data for react-is@https://registry.npmmirror.com/react-is/-/react-is-18.3.1.tgz. Extracting by manifest.
895 silly tarball no local data for readdirp@https://registry.npmmirror.com/readdirp/-/readdirp-3.6.0.tgz. Extracting by manifest.
896 silly tarball no local data for raw-body@https://registry.npmmirror.com/raw-body/-/raw-body-2.5.3.tgz. Extracting by manifest.
897 silly tarball no local data for range-parser@https://registry.npmmirror.com/range-parser/-/range-parser-1.2.1.tgz. Extracting by manifest.
898 silly tarball no local data for qs@https://registry.npmmirror.com/qs/-/qs-6.14.2.tgz. Extracting by manifest.
899 silly tarball no local data for pure-rand@https://registry.npmmirror.com/pure-rand/-/pure-rand-6.1.0.tgz. Extracting by manifest.
900 silly tarball no local data for proxy-addr@https://registry.npmmirror.com/proxy-addr/-/proxy-addr-2.0.7.tgz. Extracting by manifest.
901 silly tarball no local data for prompts@https://registry.npmmirror.com/prompts/-/prompts-2.4.2.tgz. Extracting by manifest.
902 silly tarball no local data for pretty-format@https://registry.npmmirror.com/pretty-format/-/pretty-format-29.7.0.tgz. Extracting by manifest.
903 silly tarball no local data for pkg-dir@https://registry.npmmirror.com/pkg-dir/-/pkg-dir-4.2.0.tgz. Extracting by manifest.
904 silly tarball no local data for pstree.remy@https://registry.npmmirror.com/pstree.remy/-/pstree.remy-1.1.8.tgz. Extracting by manifest.
905 silly tarball no local data for pirates@https://registry.npmmirror.com/pirates/-/pirates-4.0.7.tgz. Extracting by manifest.
906 silly tarball no local data for picomatch@https://registry.npmmirror.com/picomatch/-/picomatch-2.3.1.tgz. Extracting by manifest.
907 silly tarball no local data for picocolors@https://registry.npmmirror.com/picocolors/-/picocolors-1.1.1.tgz. Extracting by manifest.
908 silly tarball no local data for path-to-regexp@https://registry.npmmirror.com/path-to-regexp/-/path-to-regexp-0.1.12.tgz. Extracting by manifest.
909 silly tarball no local data for path-is-absolute@https://registry.npmmirror.com/path-is-absolute/-/path-is-absolute-1.0.1.tgz. Extracting by manifest.
910 silly tarball no local data for path-parse@https://registry.npmmirror.com/path-parse/-/path-parse-1.0.7.tgz. Extracting by manifest.
911 silly tarball no local data for path-key@https://registry.npmmirror.com/path-key/-/path-key-3.1.1.tgz. Extracting by manifest.
912 silly tarball no local data for path-exists@https://registry.npmmirror.com/path-exists/-/path-exists-4.0.0.tgz. Extracting by manifest.
913 silly tarball no local data for parseurl@https://registry.npmmirror.com/parseurl/-/parseurl-1.3.3.tgz. Extracting by manifest.
914 silly tarball no local data for parse-json@https://registry.npmmirror.com/parse-json/-/parse-json-5.2.0.tgz. Extracting by manifest.
915 silly tarball no local data for p-limit@https://registry.npmmirror.com/p-limit/-/p-limit-3.1.0.tgz. Extracting by manifest.
916 silly tarball no local data for p-try@https://registry.npmmirror.com/p-try/-/p-try-2.2.0.tgz. Extracting by manifest.
917 silly tarball no local data for p-locate@https://registry.npmmirror.com/p-locate/-/p-locate-4.1.0.tgz. Extracting by manifest.
918 silly tarball no local data for onetime@https://registry.npmmirror.com/onetime/-/onetime-5.1.2.tgz. Extracting by manifest.
919 silly tarball no local data for once@https://registry.npmmirror.com/once/-/once-1.4.0.tgz. Extracting by manifest.
920 silly tarball no local data for on-finished@https://registry.npmmirror.com/on-finished/-/on-finished-2.4.1.tgz. Extracting by manifest.
921 silly tarball no local data for on-headers@https://registry.npmmirror.com/on-headers/-/on-headers-1.1.0.tgz. Extracting by manifest.
922 silly tarball no local data for node-int64@https://registry.npmmirror.com/node-int64/-/node-int64-0.4.0.tgz. Extracting by manifest.
923 silly tarball no local data for object-inspect@https://registry.npmmirror.com/object-inspect/-/object-inspect-1.13.4.tgz. Extracting by manifest.
924 silly tarball no local data for object-assign@https://registry.npmmirror.com/object-assign/-/object-assign-4.1.1.tgz. Extracting by manifest.
925 silly tarball no local data for npm-run-path@https://registry.npmmirror.com/npm-run-path/-/npm-run-path-4.0.1.tgz. Extracting by manifest.
926 silly tarball no local data for normalize-path@https://registry.npmmirror.com/normalize-path/-/normalize-path-3.0.0.tgz. Extracting by manifest.
927 silly tarball no local data for nodemon@https://registry.npmmirror.com/nodemon/-/nodemon-3.1.14.tgz. Extracting by manifest.
928 silly tarball no local data for negotiator@https://registry.npmmirror.com/negotiator/-/negotiator-0.6.3.tgz. Extracting by manifest.
929 silly tarball no local data for node-releases@https://registry.npmmirror.com/node-releases/-/node-releases-2.0.36.tgz. Extracting by manifest.
930 silly tarball no local data for natural-compare@https://registry.npmmirror.com/natural-compare/-/natural-compare-1.4.0.tgz. Extracting by manifest.
931 silly tarball no local data for morgan@https://registry.npmmirror.com/morgan/-/morgan-1.10.1.tgz. Extracting by manifest.
932 silly tarball no local data for ms@https://registry.npmmirror.com/ms/-/ms-2.0.0.tgz. Extracting by manifest.
933 silly tarball no local data for mimic-fn@https://registry.npmmirror.com/mimic-fn/-/mimic-fn-2.1.0.tgz. Extracting by manifest.
934 silly tarball no local data for minimatch@https://registry.npmmirror.com/minimatch/-/minimatch-3.1.5.tgz. Extracting by manifest.
935 silly tarball no local data for mime-types@https://registry.npmmirror.com/mime-types/-/mime-types-2.1.35.tgz. Extracting by manifest.
936 silly tarball no local data for mime-db@https://registry.npmmirror.com/mime-db/-/mime-db-1.52.0.tgz. Extracting by manifest.
937 silly tarball no local data for mime@https://registry.npmmirror.com/mime/-/mime-1.6.0.tgz. Extracting by manifest.
938 silly tarball no local data for micromatch@https://registry.npmmirror.com/micromatch/-/micromatch-4.0.8.tgz. Extracting by manifest.
939 silly tarball no local data for methods@https://registry.npmmirror.com/methods/-/methods-1.1.2.tgz. Extracting by manifest.
940 silly tarball no local data for merge-stream@https://registry.npmmirror.com/merge-stream/-/merge-stream-2.0.0.tgz. Extracting by manifest.
941 silly tarball no local data for media-typer@https://registry.npmmirror.com/media-typer/-/media-typer-0.3.0.tgz. Extracting by manifest.
942 silly tarball no local data for merge-descriptors@https://registry.npmmirror.com/merge-descriptors/-/merge-descriptors-1.0.3.tgz. Extracting by manifest.
943 silly tarball no local data for math-intrinsics@https://registry.npmmirror.com/math-intrinsics/-/math-intrinsics-1.1.0.tgz. Extracting by manifest.
944 silly tarball no local data for make-dir@https://registry.npmmirror.com/make-dir/-/make-dir-4.0.0.tgz. Extracting by manifest.
945 silly tarball no local data for makeerror@https://registry.npmmirror.com/makeerror/-/makeerror-1.0.12.tgz. Extracting by manifest.
946 silly tarball no local data for lru-cache@https://registry.npmmirror.com/lru-cache/-/lru-cache-5.1.1.tgz. Extracting by manifest.
947 silly tarball no local data for locate-path@https://registry.npmmirror.com/locate-path/-/locate-path-5.0.0.tgz. Extracting by manifest.
948 silly tarball no local data for lines-and-columns@https://registry.npmmirror.com/lines-and-columns/-/lines-and-columns-1.2.4.tgz. Extracting by manifest.
949 silly tarball no local data for leven@https://registry.npmmirror.com/leven/-/leven-3.1.0.tgz. Extracting by manifest.
950 silly tarball no local data for kleur@https://registry.npmmirror.com/kleur/-/kleur-3.0.3.tgz. Extracting by manifest.
951 silly tarball no local data for json5@https://registry.npmmirror.com/json5/-/json5-2.2.3.tgz. Extracting by manifest.
952 silly tarball no local data for json-parse-even-better-errors@https://registry.npmmirror.com/json-parse-even-better-errors/-/json-parse-even-better-errors-2.3.1.tgz. Extracting by manifest.
953 silly tarball no local data for jsesc@https://registry.npmmirror.com/jsesc/-/jsesc-3.1.0.tgz. Extracting by manifest.
954 silly tarball no local data for js-yaml@https://registry.npmmirror.com/js-yaml/-/js-yaml-3.14.2.tgz. Extracting by manifest.
955 silly tarball no local data for js-tokens@https://registry.npmmirror.com/js-tokens/-/js-tokens-4.0.0.tgz. Extracting by manifest.
956 silly tarball no local data for jest-worker@https://registry.npmmirror.com/jest-worker/-/jest-worker-29.7.0.tgz. Extracting by manifest.
957 silly tarball no local data for jest-validate@https://registry.npmmirror.com/jest-validate/-/jest-validate-29.7.0.tgz. Extracting by manifest.
958 silly tarball no local data for jest-watcher@https://registry.npmmirror.com/jest-watcher/-/jest-watcher-29.7.0.tgz. Extracting by manifest.
959 silly tarball no local data for jest-util@https://registry.npmmirror.com/jest-util/-/jest-util-29.7.0.tgz. Extracting by manifest.
960 silly tarball no local data for jest-snapshot@https://registry.npmmirror.com/jest-snapshot/-/jest-snapshot-29.7.0.tgz. Extracting by manifest.
961 silly tarball no local data for jest-runtime@https://registry.npmmirror.com/jest-runtime/-/jest-runtime-29.7.0.tgz. Extracting by manifest.
962 silly tarball no local data for jest-runner@https://registry.npmmirror.com/jest-runner/-/jest-runner-29.7.0.tgz. Extracting by manifest.
963 silly tarball no local data for jest-resolve-dependencies@https://registry.npmmirror.com/jest-resolve-dependencies/-/jest-resolve-dependencies-29.7.0.tgz. Extracting by manifest.
964 silly tarball no local data for jest-resolve@https://registry.npmmirror.com/jest-resolve/-/jest-resolve-29.7.0.tgz. Extracting by manifest.
965 silly tarball no local data for jest-regex-util@https://registry.npmmirror.com/jest-regex-util/-/jest-regex-util-29.6.3.tgz. Extracting by manifest.
966 silly tarball no local data for jest-pnp-resolver@https://registry.npmmirror.com/jest-pnp-resolver/-/jest-pnp-resolver-1.2.3.tgz. Extracting by manifest.
967 silly tarball no local data for jest-mock@https://registry.npmmirror.com/jest-mock/-/jest-mock-29.7.0.tgz. Extracting by manifest.
968 silly tarball no local data for jest-message-util@https://registry.npmmirror.com/jest-message-util/-/jest-message-util-29.7.0.tgz. Extracting by manifest.
969 silly tarball no local data for jest-leak-detector@https://registry.npmmirror.com/jest-leak-detector/-/jest-leak-detector-29.7.0.tgz. Extracting by manifest.
970 silly tarball no local data for jest-haste-map@https://registry.npmmirror.com/jest-haste-map/-/jest-haste-map-29.7.0.tgz. Extracting by manifest.
971 silly tarball no local data for jest-get-type@https://registry.npmmirror.com/jest-get-type/-/jest-get-type-29.6.3.tgz. Extracting by manifest.
972 silly tarball no local data for jest-environment-node@https://registry.npmmirror.com/jest-environment-node/-/jest-environment-node-29.6.4.tgz. Extracting by manifest.
973 silly tarball no local data for jest-docblock@https://registry.npmmirror.com/jest-docblock/-/jest-docblock-29.7.0.tgz. Extracting by manifest.
974 silly tarball no local data for jest-config@https://registry.npmmirror.com/jest-config/-/jest-config-29.7.0.tgz. Extracting by manifest.
975 silly tarball no local data for jest-diff@https://registry.npmmirror.com/jest-diff/-/jest-diff-29.7.0.tgz. Extracting by manifest.
976 silly tarball no local data for jest-each@https://registry.npmmirror.com/jest-each/-/jest-each-29.7.0.tgz. Extracting by manifest.
977 silly tarball no local data for jest-cli@https://registry.npmmirror.com/jest-cli/-/jest-cli-29.7.0.tgz. Extracting by manifest.
978 silly tarball no local data for jest-matcher-utils@https://registry.npmmirror.com/jest-matcher-utils/-/jest-matcher-utils-29.7.0.tgz. Extracting by manifest.
979 silly tarball no local data for jest-changed-files@https://registry.npmmirror.com/jest-changed-files/-/jest-changed-files-29.7.0.tgz. Extracting by manifest.
980 silly tarball no local data for jest@https://registry.npmmirror.com/jest/-/jest-29.7.0.tgz. Extracting by manifest.
981 silly tarball no local data for jest-circus@https://registry.npmmirror.com/jest-circus/-/jest-circus-29.7.0.tgz. Extracting by manifest.
982 silly tarball no local data for istanbul-lib-report@https://registry.npmmirror.com/istanbul-lib-report/-/istanbul-lib-report-3.0.1.tgz. Extracting by manifest.
983 silly tarball no local data for istanbul-lib-source-maps@https://registry.npmmirror.com/istanbul-lib-source-maps/-/istanbul-lib-source-maps-4.0.1.tgz. Extracting by manifest.
984 silly tarball no local data for istanbul-reports@https://registry.npmmirror.com/istanbul-reports/-/istanbul-reports-3.2.0.tgz. Extracting by manifest.
985 silly tarball no local data for istanbul-lib-instrument@https://registry.npmmirror.com/istanbul-lib-instrument/-/istanbul-lib-instrument-6.0.3.tgz. Extracting by manifest.
986 silly tarball no local data for istanbul-lib-coverage@https://registry.npmmirror.com/istanbul-lib-coverage/-/istanbul-lib-coverage-3.2.2.tgz. Extracting by manifest.
987 silly tarball no local data for is-stream@https://registry.npmmirror.com/is-stream/-/is-stream-2.0.1.tgz. Extracting by manifest.
988 silly tarball no local data for isexe@https://registry.npmmirror.com/isexe/-/isexe-2.0.0.tgz. Extracting by manifest.
989 silly tarball no local data for is-glob@https://registry.npmmirror.com/is-glob/-/is-glob-4.0.3.tgz. Extracting by manifest.
990 silly tarball no local data for is-generator-fn@https://registry.npmmirror.com/is-generator-fn/-/is-generator-fn-2.1.0.tgz. Extracting by manifest.
991 silly tarball no local data for import-local@https://registry.npmmirror.com/import-local/-/import-local-3.2.0.tgz. Extracting by manifest.
992 silly tarball no local data for is-fullwidth-code-point@https://registry.npmmirror.com/is-fullwidth-code-point/-/is-fullwidth-code-point-3.0.0.tgz. Extracting by manifest.
993 silly tarball no local data for is-extglob@https://registry.npmmirror.com/is-extglob/-/is-extglob-2.1.1.tgz. Extracting by manifest.
994 silly tarball no local data for is-core-module@https://registry.npmmirror.com/is-core-module/-/is-core-module-2.16.1.tgz. Extracting by manifest.
995 silly tarball no local data for is-number@https://registry.npmmirror.com/is-number/-/is-number-7.0.0.tgz. Extracting by manifest.
996 silly tarball no local data for is-binary-path@https://registry.npmmirror.com/is-binary-path/-/is-binary-path-2.1.0.tgz. Extracting by manifest.
997 silly tarball no local data for is-arrayish@https://registry.npmmirror.com/is-arrayish/-/is-arrayish-0.2.1.tgz. Extracting by manifest.
998 silly tarball no local data for ipaddr.js@https://registry.npmmirror.com/ipaddr.js/-/ipaddr.js-1.9.1.tgz. Extracting by manifest.
999 silly tarball no local data for inherits@https://registry.npmmirror.com/inherits/-/inherits-2.0.4.tgz. Extracting by manifest.
1000 silly tarball no local data for inflight@https://registry.npmmirror.com/inflight/-/inflight-1.0.6.tgz. Extracting by manifest.
1001 silly tarball no local data for imurmurhash@https://registry.npmmirror.com/imurmurhash/-/imurmurhash-0.1.4.tgz. Extracting by manifest.
1002 silly tarball no local data for ignore-by-default@https://registry.npmmirror.com/ignore-by-default/-/ignore-by-default-1.0.1.tgz. Extracting by manifest.
1003 silly tarball no local data for iconv-lite@https://registry.npmmirror.com/iconv-lite/-/iconv-lite-0.4.24.tgz. Extracting by manifest.
1004 silly tarball no local data for human-signals@https://registry.npmmirror.com/human-signals/-/human-signals-2.1.0.tgz. Extracting by manifest.
1005 silly tarball no local data for http-errors@https://registry.npmmirror.com/http-errors/-/http-errors-2.0.1.tgz. Extracting by manifest.
1006 silly tarball no local data for html-escaper@https://registry.npmmirror.com/html-escaper/-/html-escaper-2.0.2.tgz. Extracting by manifest.
1007 silly tarball no local data for hasown@https://registry.npmmirror.com/hasown/-/hasown-2.0.2.tgz. Extracting by manifest.
1008 silly tarball no local data for has-tostringtag@https://registry.npmmirror.com/has-tostringtag/-/has-tostringtag-1.0.2.tgz. Extracting by manifest.
1009 silly tarball no local data for has-symbols@https://registry.npmmirror.com/has-symbols/-/has-symbols-1.1.0.tgz. Extracting by manifest.
1010 silly tarball no local data for has-flag@https://registry.npmmirror.com/has-flag/-/has-flag-4.0.0.tgz. Extracting by manifest.
1011 silly tarball no local data for graceful-fs@https://registry.npmmirror.com/graceful-fs/-/graceful-fs-4.2.11.tgz. Extracting by manifest.
1012 silly tarball no local data for glob-parent@https://registry.npmmirror.com/glob-parent/-/glob-parent-5.1.2.tgz. Extracting by manifest.
1013 silly tarball no local data for gopd@https://registry.npmmirror.com/gopd/-/gopd-1.2.0.tgz. Extracting by manifest.
1014 silly tarball no local data for glob@https://registry.npmmirror.com/glob/-/glob-7.2.3.tgz. Extracting by manifest.
1015 silly tarball no local data for get-stream@https://registry.npmmirror.com/get-stream/-/get-stream-6.0.1.tgz. Extracting by manifest.
1016 silly tarball no local data for get-proto@https://registry.npmmirror.com/get-proto/-/get-proto-1.0.1.tgz. Extracting by manifest.
1017 silly tarball no local data for get-package-type@https://registry.npmmirror.com/get-package-type/-/get-package-type-0.1.0.tgz. Extracting by manifest.
1018 silly tarball no local data for get-intrinsic@https://registry.npmmirror.com/get-intrinsic/-/get-intrinsic-1.3.0.tgz. Extracting by manifest.
1019 silly tarball no local data for get-caller-file@https://registry.npmmirror.com/get-caller-file/-/get-caller-file-2.0.5.tgz. Extracting by manifest.
1020 silly tarball no local data for gensync@https://registry.npmmirror.com/gensync/-/gensync-1.0.0-beta.2.tgz. Extracting by manifest.
1021 silly tarball no local data for fsevents@https://registry.npmmirror.com/fsevents/-/fsevents-2.3.3.tgz. Extracting by manifest.
1022 silly tarball no local data for fs.realpath@https://registry.npmmirror.com/fs.realpath/-/fs.realpath-1.0.0.tgz. Extracting by manifest.
1023 silly tarball no local data for function-bind@https://registry.npmmirror.com/function-bind/-/function-bind-1.1.2.tgz. Extracting by manifest.
1024 silly tarball no local data for forwarded@https://registry.npmmirror.com/forwarded/-/forwarded-0.2.0.tgz. Extracting by manifest.
1025 silly tarball no local data for fresh@https://registry.npmmirror.com/fresh/-/fresh-0.5.2.tgz. Extracting by manifest.
1026 silly tarball no local data for formidable@https://registry.npmmirror.com/formidable/-/formidable-2.1.5.tgz. Extracting by manifest.
1027 silly tarball no local data for form-data@https://registry.npmmirror.com/form-data/-/form-data-4.0.5.tgz. Extracting by manifest.
1028 silly tarball no local data for finalhandler@https://registry.npmmirror.com/finalhandler/-/finalhandler-1.3.2.tgz. Extracting by manifest.
1029 silly tarball no local data for fill-range@https://registry.npmmirror.com/fill-range/-/fill-range-7.1.1.tgz. Extracting by manifest.
1030 silly tarball no local data for fb-watchman@https://registry.npmmirror.com/fb-watchman/-/fb-watchman-2.0.2.tgz. Extracting by manifest.
1031 silly tarball no local data for fast-safe-stringify@https://registry.npmmirror.com/fast-safe-stringify/-/fast-safe-stringify-2.1.1.tgz. Extracting by manifest.
1032 silly tarball no local data for find-up@https://registry.npmmirror.com/find-up/-/find-up-4.1.0.tgz. Extracting by manifest.
1033 silly tarball no local data for express@https://registry.npmmirror.com/express/-/express-4.22.1.tgz. Extracting by manifest.
1034 silly tarball no local data for fast-json-stable-stringify@https://registry.npmmirror.com/fast-json-stable-stringify/-/fast-json-stable-stringify-2.1.0.tgz. Extracting by manifest.
1035 silly tarball no local data for expect@https://registry.npmmirror.com/expect/-/expect-29.7.0.tgz. Extracting by manifest.
1036 silly tarball no local data for execa@https://registry.npmmirror.com/execa/-/execa-5.1.1.tgz. Extracting by manifest.
1037 silly tarball no local data for etag@https://registry.npmmirror.com/etag/-/etag-1.8.1.tgz. Extracting by manifest.
1038 silly tarball no local data for exit@https://registry.npmmirror.com/exit/-/exit-0.1.2.tgz. Extracting by manifest.
1039 silly tarball no local data for esprima@https://registry.npmmirror.com/esprima/-/esprima-4.0.1.tgz. Extracting by manifest.
1040 silly tarball no local data for escape-string-regexp@https://registry.npmmirror.com/escape-string-regexp/-/escape-string-regexp-2.0.0.tgz. Extracting by manifest.
1041 silly tarball no local data for escape-html@https://registry.npmmirror.com/escape-html/-/escape-html-1.0.3.tgz. Extracting by manifest.
1042 silly tarball no local data for escalade@https://registry.npmmirror.com/escalade/-/escalade-3.2.0.tgz. Extracting by manifest.
1043 silly tarball no local data for es-set-tostringtag@https://registry.npmmirror.com/es-set-tostringtag/-/es-set-tostringtag-2.1.0.tgz. Extracting by manifest.
1044 silly tarball no local data for es-errors@https://registry.npmmirror.com/es-errors/-/es-errors-1.3.0.tgz. Extracting by manifest.
1045 silly tarball no local data for es-object-atoms@https://registry.npmmirror.com/es-object-atoms/-/es-object-atoms-1.1.1.tgz. Extracting by manifest.
1046 silly tarball no local data for es-define-property@https://registry.npmmirror.com/es-define-property/-/es-define-property-1.0.1.tgz. Extracting by manifest.
1047 silly tarball no local data for error-ex@https://registry.npmmirror.com/error-ex/-/error-ex-1.3.4.tgz. Extracting by manifest.
1048 silly tarball no local data for encodeurl@https://registry.npmmirror.com/encodeurl/-/encodeurl-2.0.0.tgz. Extracting by manifest.
1049 silly tarball no local data for emittery@https://registry.npmmirror.com/emittery/-/emittery-0.13.1.tgz. Extracting by manifest.
1050 silly tarball no local data for emoji-regex@https://registry.npmmirror.com/emoji-regex/-/emoji-regex-8.0.0.tgz. Extracting by manifest.
1051 silly tarball no local data for electron-to-chromium@https://registry.npmmirror.com/electron-to-chromium/-/electron-to-chromium-1.5.321.tgz. Extracting by manifest.
1052 silly tarball no local data for ee-first@https://registry.npmmirror.com/ee-first/-/ee-first-1.1.1.tgz. Extracting by manifest.
1053 silly tarball no local data for dunder-proto@https://registry.npmmirror.com/dunder-proto/-/dunder-proto-1.0.1.tgz. Extracting by manifest.
1054 silly tarball no local data for diff-sequences@https://registry.npmmirror.com/diff-sequences/-/diff-sequences-29.6.3.tgz. Extracting by manifest.
1055 silly tarball no local data for detect-newline@https://registry.npmmirror.com/detect-newline/-/detect-newline-3.1.0.tgz. Extracting by manifest.
1056 silly tarball no local data for dezalgo@https://registry.npmmirror.com/dezalgo/-/dezalgo-1.0.4.tgz. Extracting by manifest.
1057 silly tarball no local data for destroy@https://registry.npmmirror.com/destroy/-/destroy-1.2.0.tgz. Extracting by manifest.
1058 silly tarball no local data for depd@https://registry.npmmirror.com/depd/-/depd-2.0.0.tgz. Extracting by manifest.
1059 silly tarball no local data for delayed-stream@https://registry.npmmirror.com/delayed-stream/-/delayed-stream-1.0.0.tgz. Extracting by manifest.
1060 silly tarball no local data for deepmerge@https://registry.npmmirror.com/deepmerge/-/deepmerge-4.3.1.tgz. Extracting by manifest.
1061 silly tarball no local data for debug@https://registry.npmmirror.com/debug/-/debug-2.6.9.tgz. Extracting by manifest.
1062 silly tarball no local data for dedent@https://registry.npmmirror.com/dedent/-/dedent-1.7.2.tgz. Extracting by manifest.
1063 silly tarball no local data for cross-spawn@https://registry.npmmirror.com/cross-spawn/-/cross-spawn-7.0.6.tgz. Extracting by manifest.
1064 silly tarball no local data for create-jest@https://registry.npmmirror.com/create-jest/-/create-jest-29.7.0.tgz. Extracting by manifest.
1065 silly tarball no local data for cookiejar@https://registry.npmmirror.com/cookiejar/-/cookiejar-2.1.4.tgz. Extracting by manifest.
1066 silly tarball no local data for cors@https://registry.npmmirror.com/cors/-/cors-2.8.6.tgz. Extracting by manifest.
1067 silly tarball no local data for cookie-signature@https://registry.npmmirror.com/cookie-signature/-/cookie-signature-1.0.7.tgz. Extracting by manifest.
1068 silly tarball no local data for cookie@https://registry.npmmirror.com/cookie/-/cookie-0.7.2.tgz. Extracting by manifest.
1069 silly tarball no local data for convert-source-map@https://registry.npmmirror.com/convert-source-map/-/convert-source-map-2.0.0.tgz. Extracting by manifest.
1070 silly tarball no local data for content-disposition@https://registry.npmmirror.com/content-disposition/-/content-disposition-0.5.4.tgz. Extracting by manifest.
1071 silly tarball no local data for concat-map@https://registry.npmmirror.com/concat-map/-/concat-map-0.0.1.tgz. Extracting by manifest.
1072 silly tarball no local data for content-type@https://registry.npmmirror.com/content-type/-/content-type-1.0.5.tgz. Extracting by manifest.
1073 silly tarball no local data for component-emitter@https://registry.npmmirror.com/component-emitter/-/component-emitter-1.3.1.tgz. Extracting by manifest.
1074 silly tarball no local data for color-name@https://registry.npmmirror.com/color-name/-/color-name-1.1.4.tgz. Extracting by manifest.
1075 silly tarball no local data for color-convert@https://registry.npmmirror.com/color-convert/-/color-convert-2.0.1.tgz. Extracting by manifest.
1076 silly tarball no local data for collect-v8-coverage@https://registry.npmmirror.com/collect-v8-coverage/-/collect-v8-coverage-1.0.3.tgz. Extracting by manifest.
1077 silly tarball no local data for combined-stream@https://registry.npmmirror.com/combined-stream/-/combined-stream-1.0.8.tgz. Extracting by manifest.
1078 silly tarball no local data for cliui@https://registry.npmmirror.com/cliui/-/cliui-8.0.1.tgz. Extracting by manifest.
1079 silly tarball no local data for cjs-module-lexer@https://registry.npmmirror.com/cjs-module-lexer/-/cjs-module-lexer-1.4.3.tgz. Extracting by manifest.
1080 silly tarball no local data for ci-info@https://registry.npmmirror.com/ci-info/-/ci-info-3.9.0.tgz. Extracting by manifest.
1081 silly tarball no local data for chokidar@https://registry.npmmirror.com/chokidar/-/chokidar-3.6.0.tgz. Extracting by manifest.
1082 silly tarball no local data for co@https://registry.npmmirror.com/co/-/co-4.6.0.tgz. Extracting by manifest.
1083 silly tarball no local data for char-regex@https://registry.npmmirror.com/char-regex/-/char-regex-1.0.2.tgz. Extracting by manifest.
1084 silly tarball no local data for chalk@https://registry.npmmirror.com/chalk/-/chalk-4.1.2.tgz. Extracting by manifest.
1085 silly tarball no local data for caniuse-lite@https://registry.npmmirror.com/caniuse-lite/-/caniuse-lite-1.0.30001780.tgz. Extracting by manifest.
1086 silly tarball no local data for camelcase@https://registry.npmmirror.com/camelcase/-/camelcase-5.3.1.tgz. Extracting by manifest.
1087 silly tarball no local data for call-bound@https://registry.npmmirror.com/call-bound/-/call-bound-1.0.4.tgz. Extracting by manifest.
1088 silly tarball no local data for callsites@https://registry.npmmirror.com/callsites/-/callsites-3.1.0.tgz. Extracting by manifest.
1089 silly tarball no local data for call-bind-apply-helpers@https://registry.npmmirror.com/call-bind-apply-helpers/-/call-bind-apply-helpers-1.0.2.tgz. Extracting by manifest.
1090 silly tarball no local data for bytes@https://registry.npmmirror.com/bytes/-/bytes-3.1.2.tgz. Extracting by manifest.
1091 silly tarball no local data for buffer-from@https://registry.npmmirror.com/buffer-from/-/buffer-from-1.1.2.tgz. Extracting by manifest.
1092 silly tarball no local data for browserslist@https://registry.npmmirror.com/browserslist/-/browserslist-4.28.1.tgz. Extracting by manifest.
1093 silly tarball no local data for bser@https://registry.npmmirror.com/bser/-/bser-2.1.1.tgz. Extracting by manifest.
1094 silly tarball no local data for braces@https://registry.npmmirror.com/braces/-/braces-3.0.3.tgz. Extracting by manifest.
1095 silly tarball no local data for brace-expansion@https://registry.npmmirror.com/brace-expansion/-/brace-expansion-1.1.12.tgz. Extracting by manifest.
1096 silly tarball no local data for body-parser@https://registry.npmmirror.com/body-parser/-/body-parser-1.20.4.tgz. Extracting by manifest.
1097 silly tarball no local data for binary-extensions@https://registry.npmmirror.com/binary-extensions/-/binary-extensions-2.3.0.tgz. Extracting by manifest.
1098 silly tarball no local data for basic-auth@https://registry.npmmirror.com/basic-auth/-/basic-auth-2.0.1.tgz. Extracting by manifest.
1099 silly tarball no local data for baseline-browser-mapping@https://registry.npmmirror.com/baseline-browser-mapping/-/baseline-browser-mapping-2.10.8.tgz. Extracting by manifest.
1100 silly tarball no local data for balanced-match@https://registry.npmmirror.com/balanced-match/-/balanced-match-1.0.2.tgz. Extracting by manifest.
1101 silly tarball no local data for babel-preset-jest@https://registry.npmmirror.com/babel-preset-jest/-/babel-preset-jest-29.6.3.tgz. Extracting by manifest.
1102 silly tarball no local data for babel-preset-current-node-syntax@https://registry.npmmirror.com/babel-preset-current-node-syntax/-/babel-preset-current-node-syntax-1.2.0.tgz. Extracting by manifest.
1103 silly tarball no local data for babel-plugin-istanbul@https://registry.npmmirror.com/babel-plugin-istanbul/-/babel-plugin-istanbul-6.1.1.tgz. Extracting by manifest.
1104 silly tarball no local data for babel-jest@https://registry.npmmirror.com/babel-jest/-/babel-jest-29.7.0.tgz. Extracting by manifest.
1105 silly tarball no local data for asynckit@https://registry.npmmirror.com/asynckit/-/asynckit-0.4.0.tgz. Extracting by manifest.
1106 silly tarball no local data for babel-plugin-jest-hoist@https://registry.npmmirror.com/babel-plugin-jest-hoist/-/babel-plugin-jest-hoist-29.6.3.tgz. Extracting by manifest.
1107 silly tarball no local data for asap@https://registry.npmmirror.com/asap/-/asap-2.0.6.tgz. Extracting by manifest.
1108 silly tarball no local data for array-flatten@https://registry.npmmirror.com/array-flatten/-/array-flatten-1.1.1.tgz. Extracting by manifest.
1109 silly tarball no local data for argparse@https://registry.npmmirror.com/argparse/-/argparse-1.0.10.tgz. Extracting by manifest.
1110 silly tarball no local data for ansi-styles@https://registry.npmmirror.com/ansi-styles/-/ansi-styles-4.3.0.tgz. Extracting by manifest.
1111 silly tarball no local data for anymatch@https://registry.npmmirror.com/anymatch/-/anymatch-3.1.3.tgz. Extracting by manifest.
1112 silly tarball no local data for ansi-regex@https://registry.npmmirror.com/ansi-regex/-/ansi-regex-5.0.1.tgz. Extracting by manifest.
1113 silly tarball no local data for ansi-escapes@https://registry.npmmirror.com/ansi-escapes/-/ansi-escapes-4.3.2.tgz. Extracting by manifest.
1114 silly tarball no local data for accepts@https://registry.npmmirror.com/accepts/-/accepts-1.3.8.tgz. Extracting by manifest.
1115 silly tarball no local data for ms@https://registry.npmmirror.com/ms/-/ms-2.1.3.tgz. Extracting by manifest.
1116 silly tarball no local data for debug@https://registry.npmmirror.com/debug/-/debug-4.4.3.tgz. Extracting by manifest.
1117 silly tarball no local data for dotenv@https://registry.npmmirror.com/dotenv/-/dotenv-16.6.1.tgz. Extracting by manifest.
1118 silly tarball no local data for ms@https://registry.npmmirror.com/ms/-/ms-2.1.3.tgz. Extracting by manifest.
1119 silly tarball no local data for debug@https://registry.npmmirror.com/debug/-/debug-4.4.3.tgz. Extracting by manifest.
1120 silly tarball no local data for ms@https://registry.npmmirror.com/ms/-/ms-2.1.3.tgz. Extracting by manifest.
1121 silly tarball no local data for semver@https://registry.npmmirror.com/semver/-/semver-7.7.4.tgz. Extracting by manifest.
1122 silly tarball no local data for debug@https://registry.npmmirror.com/debug/-/debug-4.4.3.tgz. Extracting by manifest.
1123 silly tarball no local data for mime@https://registry.npmmirror.com/mime/-/mime-2.6.0.tgz. Extracting by manifest.
1124 silly tarball no local data for semver@https://registry.npmmirror.com/semver/-/semver-7.7.4.tgz. Extracting by manifest.
1125 silly tarball no local data for ms@https://registry.npmmirror.com/ms/-/ms-2.1.3.tgz. Extracting by manifest.
1126 silly tarball no local data for ansi-styles@https://registry.npmmirror.com/ansi-styles/-/ansi-styles-5.2.0.tgz. Extracting by manifest.
1127 silly tarball no local data for p-limit@https://registry.npmmirror.com/p-limit/-/p-limit-2.3.0.tgz. Extracting by manifest.
1128 silly tarball no local data for semver@https://registry.npmmirror.com/semver/-/semver-7.7.4.tgz. Extracting by manifest.
1129 silly tarball no local data for supports-color@https://registry.npmmirror.com/supports-color/-/supports-color-5.5.0.tgz. Extracting by manifest.
1130 silly tarball no local data for ms@https://registry.npmmirror.com/ms/-/ms-2.1.3.tgz. Extracting by manifest.
1131 silly tarball no local data for minimatch@https://registry.npmmirror.com/minimatch/-/minimatch-10.2.4.tgz. Extracting by manifest.
1132 silly tarball no local data for has-flag@https://registry.npmmirror.com/has-flag/-/has-flag-3.0.0.tgz. Extracting by manifest.
1133 silly tarball no local data for debug@https://registry.npmmirror.com/debug/-/debug-4.4.3.tgz. Extracting by manifest.
1134 silly tarball no local data for brace-expansion@https://registry.npmmirror.com/brace-expansion/-/brace-expansion-5.0.4.tgz. Extracting by manifest.
1135 silly tarball no local data for balanced-match@https://registry.npmmirror.com/balanced-match/-/balanced-match-4.0.4.tgz. Extracting by manifest.
1136 silly tarball no local data for on-finished@https://registry.npmmirror.com/on-finished/-/on-finished-2.3.0.tgz. Extracting by manifest.
1137 silly tarball no local data for semver@https://registry.npmmirror.com/semver/-/semver-7.7.4.tgz. Extracting by manifest.
1138 silly tarball no local data for supports-color@https://registry.npmmirror.com/supports-color/-/supports-color-8.1.1.tgz. Extracting by manifest.
1139 silly tarball no local data for camelcase@https://registry.npmmirror.com/camelcase/-/camelcase-6.3.0.tgz. Extracting by manifest.
1140 silly tarball no local data for jest-environment-node@https://registry.npmmirror.com/jest-environment-node/-/jest-environment-node-29.7.0.tgz. Extracting by manifest.
1141 silly tarball no local data for semver@https://registry.npmmirror.com/semver/-/semver-7.7.4.tgz. Extracting by manifest.
1142 silly tarball no local data for jest-environment-node@https://registry.npmmirror.com/jest-environment-node/-/jest-environment-node-29.7.0.tgz. Extracting by manifest.
1143 silly tarball no local data for ms@https://registry.npmmirror.com/ms/-/ms-2.1.3.tgz. Extracting by manifest.
1144 silly tarball no local data for debug@https://registry.npmmirror.com/debug/-/debug-4.4.3.tgz. Extracting by manifest.
1145 silly tarball no local data for semver@https://registry.npmmirror.com/semver/-/semver-7.7.4.tgz. Extracting by manifest.
1146 silly tarball no local data for safe-buffer@https://registry.npmmirror.com/safe-buffer/-/safe-buffer-5.1.2.tgz. Extracting by manifest.
1147 silly tarball no local data for istanbul-lib-instrument@https://registry.npmmirror.com/istanbul-lib-instrument/-/istanbul-lib-instrument-5.2.1.tgz. Extracting by manifest.
1148 http fetch POST 200 https://registry.npmjs.org/-/npm/v1/security/advisories/bulk 480ms
1149 silly audit report {
1149 silly audit report   'brace-expansion': [
1149 silly audit report     {
1149 silly audit report       id: 1115540,
1149 silly audit report       url: 'https://github.com/advisories/GHSA-f886-m6hf-6m8v',
1149 silly audit report       title: 'brace-expansion: Zero-step sequence causes process hang and memory exhaustion',
1149 silly audit report       severity: 'moderate',
1149 silly audit report       vulnerable_versions: '<1.1.13',
1149 silly audit report       cwe: [Array],
1149 silly audit report       cvss: [Object]
1149 silly audit report     },
1149 silly audit report     {
1149 silly audit report       id: 1115543,
1149 silly audit report       url: 'https://github.com/advisories/GHSA-f886-m6hf-6m8v',
1149 silly audit report       title: 'brace-expansion: Zero-step sequence causes process hang and memory exhaustion',
1149 silly audit report       severity: 'moderate',
1149 silly audit report       vulnerable_versions: '>=4.0.0 <5.0.5',
1149 silly audit report       cwe: [Array],
1149 silly audit report       cvss: [Object]
1149 silly audit report     }
1149 silly audit report   ],
1149 silly audit report   'path-to-regexp': [
1149 silly audit report     {
1149 silly audit report       id: 1115527,
1149 silly audit report       url: 'https://github.com/advisories/GHSA-37ch-88jc-xwx2',
1149 silly audit report       title: 'path-to-regexp vulnerable to Regular Expression Denial of Service via multiple route parameters',
1149 silly audit report       severity: 'high',
1149 silly audit report       vulnerable_versions: '<0.1.13',
1149 silly audit report       cwe: [Array],
1149 silly audit report       cvss: [Object]
1149 silly audit report     }
1149 silly audit report   ],
1149 silly audit report   picomatch: [
1149 silly audit report     {
1149 silly audit report       id: 1115549,
1149 silly audit report       url: 'https://github.com/advisories/GHSA-3v7f-55p6-f55p',
1149 silly audit report       title: 'Picomatch: Method Injection in POSIX Character Classes causes incorrect Glob Matching',
1149 silly audit report       severity: 'moderate',
1149 silly audit report       vulnerable_versions: '<2.3.2',
1149 silly audit report       cwe: [Array],
1149 silly audit report       cvss: [Object]
1149 silly audit report     },
1149 silly audit report     {
1149 silly audit report       id: 1115552,
1149 silly audit report       url: 'https://github.com/advisories/GHSA-c2c7-rcm5-vvqj',
1149 silly audit report       title: 'Picomatch has a ReDoS vulnerability via extglob quantifiers',
1149 silly audit report       severity: 'high',
1149 silly audit report       vulnerable_versions: '<2.3.2',
1149 silly audit report       cwe: [Array],
1149 silly audit report       cvss: [Object]
1149 silly audit report     }
1149 silly audit report   ]
1149 silly audit report }
1150 silly packumentCache corgi:https://registry.npmjs.org/brace-expansion cache-miss
1151 silly packumentCache corgi:https://registry.npmjs.org/path-to-regexp cache-miss
1152 silly packumentCache corgi:https://registry.npmjs.org/picomatch cache-miss
1153 http fetch GET 200 https://registry.npmjs.org/brace-expansion 63ms (cache miss)
1154 silly packumentCache corgi:https://registry.npmjs.org/brace-expansion set size:undefined disposed:false
1155 http fetch GET 200 https://registry.npmjs.org/path-to-regexp 127ms (cache miss)
1156 silly packumentCache corgi:https://registry.npmjs.org/path-to-regexp set size:undefined disposed:false
1157 http fetch GET 200 https://registry.npmjs.org/picomatch 152ms (cache miss)
1158 silly packumentCache corgi:https://registry.npmjs.org/picomatch set size:undefined disposed:false
1159 silly packumentCache corgi:https://registry.npmjs.org/minimatch cache-miss
1160 http fetch GET 200 https://registry.npmjs.org/minimatch 43ms (cache miss)
1161 silly packumentCache corgi:https://registry.npmjs.org/minimatch set size:undefined disposed:false
1162 silly packumentCache corgi:https://registry.npmjs.org/express cache-miss
1163 http fetch GET 200 https://registry.npmjs.org/express 61ms (cache miss)
1164 silly packumentCache corgi:https://registry.npmjs.org/express set size:undefined disposed:false
1165 silly packumentCache corgi:https://registry.npmjs.org/anymatch cache-miss
1166 silly packumentCache corgi:https://registry.npmjs.org/jest-util cache-miss
1167 silly packumentCache corgi:https://registry.npmjs.org/micromatch cache-miss
1168 silly packumentCache corgi:https://registry.npmjs.org/readdirp cache-miss
1169 http fetch GET 200 https://registry.npmjs.org/micromatch 41ms (cache miss)
1170 silly packumentCache corgi:https://registry.npmjs.org/micromatch set size:undefined disposed:false
1171 http fetch GET 200 https://registry.npmjs.org/anymatch 44ms (cache miss)
1172 silly packumentCache corgi:https://registry.npmjs.org/anymatch set size:undefined disposed:false
1173 http fetch GET 200 https://registry.npmjs.org/jest-util 45ms (cache miss)
1174 silly packumentCache corgi:https://registry.npmjs.org/jest-util set size:undefined disposed:false
1175 http fetch GET 200 https://registry.npmjs.org/readdirp 91ms (cache miss)
1176 silly packumentCache corgi:https://registry.npmjs.org/readdirp set size:undefined disposed:false
1177 http fetch GET 200 https://cdn.npmmirror.com/packages/%40types/stack-utils/2.0.3/stack-utils-2.0.3.tgz 2140ms (cache miss)
1178 http fetch GET 200 https://cdn.npmmirror.com/packages/%40types/istanbul-lib-coverage/2.0.6/istanbul-lib-coverage-2.0.6.tgz 2140ms (cache miss)
1179 http fetch GET 200 https://cdn.npmmirror.com/packages/%40types/graceful-fs/4.1.9/graceful-fs-4.1.9.tgz 2140ms (cache miss)
1180 http fetch GET 200 https://cdn.npmmirror.com/packages/%40types/yargs-parser/21.0.3/yargs-parser-21.0.3.tgz 2142ms (cache miss)
1181 http fetch GET 200 https://cdn.npmmirror.com/packages/%40types/babel__template/7.4.4/babel__template-7.4.4.tgz 2140ms (cache miss)
1182 http fetch GET 200 https://cdn.npmmirror.com/packages/%40types/istanbul-reports/3.0.4/istanbul-reports-3.0.4.tgz 2141ms (cache miss)
1183 http fetch GET 200 https://cdn.npmmirror.com/packages/%40sinonjs/commons/3.0.1/commons-3.0.1.tgz 2147ms (cache miss)
1184 http fetch GET 200 https://cdn.npmmirror.com/packages/%40types/babel__generator/7.27.0/babel__generator-7.27.0.tgz 2175ms (cache miss)
1185 http fetch GET 200 https://cdn.npmmirror.com/packages/%40types/istanbul-lib-report/3.0.3/istanbul-lib-report-3.0.3.tgz 2178ms (cache miss)
1186 http fetch GET 200 https://cdn.npmmirror.com/packages/%40types/babel__core/7.20.5/babel__core-7.20.5.tgz 2202ms (cache miss)
1187 http fetch GET 200 https://cdn.npmmirror.com/packages/%40types/babel__traverse/7.28.0/babel__traverse-7.28.0.tgz 2202ms (cache miss)
1188 http fetch GET 200 https://cdn.npmmirror.com/packages/%40jridgewell/resolve-uri/3.1.2/resolve-uri-3.1.2.tgz 2248ms (cache miss)
1189 http fetch GET 200 https://cdn.npmmirror.com/packages/%40jest/types/29.6.3/types-29.6.3.tgz 2261ms (cache miss)
1190 http fetch GET 200 https://cdn.npmmirror.com/packages/%40types/yargs/17.0.35/yargs-17.0.35.tgz 2266ms (cache miss)
1191 http fetch GET 200 https://cdn.npmmirror.com/packages/%40jest/source-map/29.6.3/source-map-29.6.3.tgz 2334ms (cache miss)
1192 http fetch GET 200 https://cdn.npmmirror.com/packages/%40paralleldrive/cuid2/2.3.1/cuid2-2.3.1.tgz 2335ms (cache miss)
1193 http fetch GET 200 https://cdn.npmmirror.com/packages/%40jest/test-sequencer/29.7.0/test-sequencer-29.7.0.tgz 2334ms (cache miss)
1194 http fetch GET 200 https://cdn.npmmirror.com/packages/%40jridgewell/remapping/2.3.5/remapping-2.3.5.tgz 2336ms (cache miss)
1195 http fetch GET 200 https://cdn.npmmirror.com/packages/%40sinonjs/fake-timers/10.3.0/fake-timers-10.3.0.tgz 2336ms (cache miss)
1196 http fetch GET 200 https://cdn.npmmirror.com/packages/%40jest/transform/29.7.0/transform-29.7.0.tgz 2338ms (cache miss)
1197 http fetch GET 200 https://cdn.npmmirror.com/packages/%40jest/test-result/29.7.0/test-result-29.7.0.tgz 2365ms (cache miss)
1198 http fetch GET 200 https://cdn.npmmirror.com/packages/%40jridgewell/trace-mapping/0.3.31/trace-mapping-0.3.31.tgz 2367ms (cache miss)
1199 http fetch GET 200 https://cdn.npmmirror.com/packages/%40jridgewell/sourcemap-codec/1.5.5/sourcemap-codec-1.5.5.tgz 2367ms (cache miss)
1200 http fetch GET 200 https://cdn.npmmirror.com/packages/%40jridgewell/gen-mapping/0.3.13/gen-mapping-0.3.13.tgz 2380ms (cache miss)
1201 http fetch GET 200 https://cdn.npmmirror.com/packages/%40jest/fake-timers/29.7.0/fake-timers-29.7.0.tgz 2384ms (cache miss)
1202 http fetch GET 200 https://cdn.npmmirror.com/packages/%40sinclair/typebox/0.27.10/typebox-0.27.10.tgz 2417ms (cache miss)
1203 http fetch GET 200 https://cdn.npmmirror.com/packages/%40jest/expect-utils/29.7.0/expect-utils-29.7.0.tgz 2421ms (cache miss)
1204 http fetch GET 200 https://cdn.npmmirror.com/packages/%40istanbuljs/load-nyc-config/1.1.0/load-nyc-config-1.1.0.tgz 2421ms (cache miss)
1205 http fetch GET 200 https://cdn.npmmirror.com/packages/%40jest/environment/29.7.0/environment-29.7.0.tgz 2423ms (cache miss)
1206 http fetch GET 200 https://cdn.npmmirror.com/packages/%40jest/schemas/29.6.3/schemas-29.6.3.tgz 2429ms (cache miss)
1207 http fetch GET 200 https://cdn.npmmirror.com/packages/%40jest/globals/29.7.0/globals-29.7.0.tgz 2441ms (cache miss)
1208 http fetch GET 200 https://cdn.npmmirror.com/packages/%40jest/reporters/29.7.0/reporters-29.7.0.tgz 2441ms (cache miss)
1209 http fetch GET 200 https://cdn.npmmirror.com/packages/%40jest/expect/29.7.0/expect-29.7.0.tgz 2455ms (cache miss)
1210 http fetch GET 200 https://cdn.npmmirror.com/packages/%40jest/console/29.7.0/console-29.7.0.tgz 2456ms (cache miss)
1211 http fetch GET 200 https://cdn.npmmirror.com/packages/%40jest/core/29.7.0/core-29.7.0.tgz 2462ms (cache miss)
1212 http fetch GET 200 https://cdn.npmmirror.com/packages/%40istanbuljs/schema/0.1.3/schema-0.1.3.tgz 2469ms (cache miss)
1213 http fetch GET 200 https://cdn.npmmirror.com/packages/%40babel/plugin-syntax-top-level-await/7.14.5/plugin-syntax-top-level-await-7.14.5.tgz 2529ms (cache miss)
1214 http fetch GET 200 https://cdn.npmmirror.com/packages/%40babel/plugin-syntax-typescript/7.28.6/plugin-syntax-typescript-7.28.6.tgz 2530ms (cache miss)
1215 http fetch GET 200 https://cdn.npmmirror.com/packages/%40babel/plugin-syntax-private-property-in-object/7.14.5/plugin-syntax-private-property-in-object-7.14.5.tgz 2538ms (cache miss)
1216 http fetch GET 200 https://cdn.npmmirror.com/packages/%40noble/hashes/1.8.0/hashes-1.8.0.tgz 2542ms (cache miss)
1217 http fetch GET 200 https://cdn.npmmirror.com/packages/%40babel/template/7.28.6/template-7.28.6.tgz 2540ms (cache miss)
1218 http fetch GET 200 https://cdn.npmmirror.com/packages/%40bcoe/v8-coverage/0.2.3/v8-coverage-0.2.3.tgz 2601ms (cache miss)
1219 http fetch GET 200 https://cdn.npmmirror.com/packages/%40babel/traverse/7.29.0/traverse-7.29.0.tgz 2771ms (cache miss)
1220 http fetch GET 200 https://cdn.npmmirror.com/packages/%40babel/plugin-syntax-optional-chaining/7.8.3/plugin-syntax-optional-chaining-7.8.3.tgz 2777ms (cache miss)
1221 http fetch GET 200 https://cdn.npmmirror.com/packages/%40babel/plugin-syntax-object-rest-spread/7.8.3/plugin-syntax-object-rest-spread-7.8.3.tgz 2839ms (cache miss)
1222 http fetch GET 200 https://cdn.npmmirror.com/packages/%40babel/plugin-syntax-optional-catch-binding/7.8.3/plugin-syntax-optional-catch-binding-7.8.3.tgz 2852ms (cache miss)
1223 http fetch GET 200 https://cdn.npmmirror.com/packages/%40babel/plugin-syntax-json-strings/7.8.3/plugin-syntax-json-strings-7.8.3.tgz 2864ms (cache miss)
1224 http fetch GET 200 https://cdn.npmmirror.com/packages/%40babel/plugin-syntax-jsx/7.28.6/plugin-syntax-jsx-7.28.6.tgz 2866ms (cache miss)
1225 http fetch GET 200 https://cdn.npmmirror.com/packages/%40babel/plugin-syntax-numeric-separator/7.10.4/plugin-syntax-numeric-separator-7.10.4.tgz 2875ms (cache miss)
1226 http fetch GET 200 https://cdn.npmmirror.com/packages/%40babel/plugin-syntax-nullish-coalescing-operator/7.8.3/plugin-syntax-nullish-coalescing-operator-7.8.3.tgz 2880ms (cache miss)
1227 http fetch GET 200 https://cdn.npmmirror.com/packages/%40babel/types/7.29.0/types-7.29.0.tgz 2881ms (cache miss)
1228 http fetch GET 200 https://cdn.npmmirror.com/packages/%40babel/plugin-syntax-logical-assignment-operators/7.10.4/plugin-syntax-logical-assignment-operators-7.10.4.tgz 2882ms (cache miss)
1229 http fetch GET 200 https://cdn.npmmirror.com/packages/%40babel/plugin-syntax-class-properties/7.12.13/plugin-syntax-class-properties-7.12.13.tgz 2935ms (cache miss)
1230 http fetch GET 200 https://cdn.npmmirror.com/packages/%40babel/plugin-syntax-import-attributes/7.28.6/plugin-syntax-import-attributes-7.28.6.tgz 2944ms (cache miss)
1231 http fetch GET 200 https://cdn.npmmirror.com/packages/%40babel/plugin-syntax-import-meta/7.10.4/plugin-syntax-import-meta-7.10.4.tgz 2945ms (cache miss)
1232 http fetch GET 200 https://cdn.npmmirror.com/packages/%40babel/plugin-syntax-async-generators/7.8.4/plugin-syntax-async-generators-7.8.4.tgz 2951ms (cache miss)
1233 http fetch GET 200 https://cdn.npmmirror.com/packages/%40types/node/25.5.0/node-25.5.0.tgz 2961ms (cache miss)
1234 http fetch GET 200 https://cdn.npmmirror.com/packages/%40babel/plugin-syntax-bigint/7.8.3/plugin-syntax-bigint-7.8.3.tgz 2963ms (cache miss)
1235 http fetch GET 200 https://cdn.npmmirror.com/packages/%40babel/plugin-syntax-class-static-block/7.14.5/plugin-syntax-class-static-block-7.14.5.tgz 2979ms (cache miss)
1236 http fetch GET 200 https://cdn.npmmirror.com/packages/%40babel/helper-validator-option/7.27.1/helper-validator-option-7.27.1.tgz 3281ms (cache miss)
1237 http fetch GET 200 https://cdn.npmmirror.com/packages/%40babel/helper-validator-identifier/7.28.5/helper-validator-identifier-7.28.5.tgz 3283ms (cache miss)
1238 http fetch GET 200 https://cdn.npmmirror.com/packages/%40babel/helpers/7.29.2/helpers-7.29.2.tgz 3296ms (cache miss)
1239 http fetch GET 200 https://cdn.npmmirror.com/packages/%40babel/helper-plugin-utils/7.28.6/helper-plugin-utils-7.28.6.tgz 3349ms (cache miss)
1240 http fetch GET 200 https://cdn.npmmirror.com/packages/%40babel/helper-string-parser/7.27.1/helper-string-parser-7.27.1.tgz 3355ms (cache miss)
1241 http fetch GET 200 https://cdn.npmmirror.com/packages/%40babel/helper-globals/7.28.0/helper-globals-7.28.0.tgz 3357ms (cache miss)
1242 http fetch GET 200 https://cdn.npmmirror.com/packages/%40babel/helper-module-imports/7.28.6/helper-module-imports-7.28.6.tgz 3362ms (cache miss)
1243 http fetch GET 200 https://cdn.npmmirror.com/packages/%40babel/helper-compilation-targets/7.28.6/helper-compilation-targets-7.28.6.tgz 3405ms (cache miss)
1244 http fetch GET 200 https://cdn.npmmirror.com/packages/%40babel/parser/7.29.2/parser-7.29.2.tgz 3422ms (cache miss)
1245 http fetch GET 200 https://cdn.npmmirror.com/packages/%40babel/compat-data/7.29.0/compat-data-7.29.0.tgz 3426ms (cache miss)
1246 http fetch GET 200 https://cdn.npmmirror.com/packages/%40babel/helper-module-transforms/7.28.6/helper-module-transforms-7.28.6.tgz 3463ms (cache miss)
1247 http fetch GET 200 https://cdn.npmmirror.com/packages/yargs-parser/21.1.1/yargs-parser-21.1.1.tgz 3493ms (cache miss)
1248 http fetch GET 200 https://cdn.npmmirror.com/packages/%40babel/generator/7.29.1/generator-7.29.1.tgz 3494ms (cache miss)
1249 http fetch GET 200 https://cdn.npmmirror.com/packages/yocto-queue/0.1.0/yocto-queue-0.1.0.tgz 3569ms (cache miss)
1250 http fetch GET 200 https://cdn.npmmirror.com/packages/%40babel/core/7.29.0/core-7.29.0.tgz 3591ms (cache miss)
1251 http fetch GET 200 https://cdn.npmmirror.com/packages/y18n/5.0.8/y18n-5.0.8.tgz 3753ms (cache miss)
1252 http fetch GET 200 https://cdn.npmmirror.com/packages/wrappy/1.0.2/wrappy-1.0.2.tgz 3754ms (cache miss)
1253 http fetch GET 200 https://cdn.npmmirror.com/packages/yallist/3.1.1/yallist-3.1.1.tgz 3756ms (cache miss)
1254 http fetch GET 200 https://cdn.npmmirror.com/packages/walker/1.0.8/walker-1.0.8.tgz 3770ms (cache miss)
1255 http fetch GET 200 https://cdn.npmmirror.com/packages/which/2.0.2/which-2.0.2.tgz 3778ms (cache miss)
1256 http fetch GET 200 https://cdn.npmmirror.com/packages/yargs/17.7.2/yargs-17.7.2.tgz 3787ms (cache miss)
1257 http fetch GET 200 https://cdn.npmmirror.com/packages/wrap-ansi/7.0.0/wrap-ansi-7.0.0.tgz 3789ms (cache miss)
1258 http fetch GET 200 https://cdn.npmmirror.com/packages/v8-to-istanbul/9.3.0/v8-to-istanbul-9.3.0.tgz 3803ms (cache miss)
1259 http fetch GET 200 https://cdn.npmmirror.com/packages/utils-merge/1.0.1/utils-merge-1.0.1.tgz 3850ms (cache miss)
1260 http fetch GET 200 https://cdn.npmmirror.com/packages/update-browserslist-db/1.2.3/update-browserslist-db-1.2.3.tgz 3881ms (cache miss)
1261 http fetch GET 200 https://cdn.npmmirror.com/packages/unpipe/1.0.0/unpipe-1.0.0.tgz 3958ms (cache miss)
1262 http fetch GET 200 https://cdn.npmmirror.com/packages/vary/1.1.2/vary-1.1.2.tgz 3960ms (cache miss)
1263 http fetch GET 200 https://cdn.npmmirror.com/packages/undici-types/7.18.2/undici-types-7.18.2.tgz 3972ms (cache miss)
1264 http fetch GET 200 https://cdn.npmmirror.com/packages/type-is/1.6.18/type-is-1.6.18.tgz 3982ms (cache miss)
1265 http fetch GET 200 https://cdn.npmmirror.com/packages/undefsafe/2.0.5/undefsafe-2.0.5.tgz 4166ms (cache miss)
1266 http fetch GET 200 https://cdn.npmmirror.com/packages/touch/3.1.1/touch-3.1.1.tgz 4172ms (cache miss)
1267 http fetch GET 200 https://cdn.npmmirror.com/packages/toidentifier/1.0.1/toidentifier-1.0.1.tgz 4191ms (cache miss)
1268 http fetch GET 200 https://cdn.npmmirror.com/packages/type-fest/0.21.3/type-fest-0.21.3.tgz 4225ms (cache miss)
1269 http fetch GET 200 https://cdn.npmmirror.com/packages/test-exclude/6.0.0/test-exclude-6.0.0.tgz 4262ms (cache miss)
1270 http fetch GET 200 https://cdn.npmmirror.com/packages/supports-preserve-symlinks-flag/1.0.0/supports-preserve-symlinks-flag-1.0.0.tgz 4268ms (cache miss)
1271 http fetch GET 200 https://cdn.npmmirror.com/packages/write-file-atomic/4.0.2/write-file-atomic-4.0.2.tgz 4285ms (cache miss)
1272 http fetch GET 200 https://cdn.npmmirror.com/packages/type-detect/4.0.8/type-detect-4.0.8.tgz 4318ms (cache miss)
1273 http fetch GET 200 https://cdn.npmmirror.com/packages/tmpl/1.0.5/tmpl-1.0.5.tgz 4362ms (cache miss)
1274 http fetch GET 200 https://cdn.npmmirror.com/packages/to-regex-range/5.0.1/to-regex-range-5.0.1.tgz 4363ms (cache miss)
1275 http fetch GET 200 https://cdn.npmmirror.com/packages/strip-json-comments/3.1.1/strip-json-comments-3.1.1.tgz 4378ms (cache miss)
1276 http fetch GET 200 https://cdn.npmmirror.com/packages/supports-color/7.2.0/supports-color-7.2.0.tgz 4378ms (cache miss)
1277 http fetch GET 200 https://cdn.npmmirror.com/packages/strip-bom/4.0.0/strip-bom-4.0.0.tgz 4462ms (cache miss)
1278 http fetch GET 200 https://cdn.npmmirror.com/packages/superagent/8.1.2/superagent-8.1.2.tgz 4489ms (cache miss)
1279 warn deprecated superagent@8.1.2: Please upgrade to superagent v10.2.2+, see release notes at https://github.com/forwardemail/superagent/releases/tag/v10.2.2 - maintenance is supported by Forward Email @ https://forwardemail.net
1280 http fetch GET 200 https://cdn.npmmirror.com/packages/strip-final-newline/2.0.0/strip-final-newline-2.0.0.tgz 4572ms (cache miss)
1281 http fetch GET 200 https://cdn.npmmirror.com/packages/%40babel/code-frame/7.29.0/code-frame-7.29.0.tgz 4578ms (cache miss)
1282 http fetch GET 200 https://cdn.npmmirror.com/packages/string-length/4.0.2/string-length-4.0.2.tgz 4580ms (cache miss)
1283 http fetch GET 200 https://cdn.npmmirror.com/packages/string-width/4.2.3/string-width-4.2.3.tgz 4603ms (cache miss)
1284 http fetch GET 200 https://cdn.npmmirror.com/packages/supertest/6.3.4/supertest-6.3.4.tgz 4701ms (cache miss)
1285 warn deprecated supertest@6.3.4: Please upgrade to supertest v7.1.3+, see release notes at https://github.com/forwardemail/supertest/releases/tag/v7.1.3 - maintenance is supported by Forward Email @ https://forwardemail.net
1286 http fetch GET 200 https://cdn.npmmirror.com/packages/statuses/2.0.2/statuses-2.0.2.tgz 4709ms (cache miss)
1287 http fetch GET 200 https://cdn.npmmirror.com/packages/sprintf-js/1.0.3/sprintf-js-1.0.3.tgz 4775ms (cache miss)
1288 http fetch GET 200 https://cdn.npmmirror.com/packages/slash/3.0.0/slash-3.0.0.tgz 4779ms (cache miss)
1289 http fetch GET 200 https://cdn.npmmirror.com/packages/source-map-support/0.5.13/source-map-support-0.5.13.tgz 4783ms (cache miss)
1290 http fetch GET 200 https://cdn.npmmirror.com/packages/simple-update-notifier/2.0.0/simple-update-notifier-2.0.0.tgz 4815ms (cache miss)
1291 http fetch GET 200 https://cdn.npmmirror.com/packages/source-map/0.6.1/source-map-0.6.1.tgz 4882ms (cache miss)
1292 http fetch GET 200 https://cdn.npmmirror.com/packages/signal-exit/3.0.7/signal-exit-3.0.7.tgz 4977ms (cache miss)
1293 http fetch GET 200 https://cdn.npmmirror.com/packages/side-channel-weakmap/1.0.2/side-channel-weakmap-1.0.2.tgz 4977ms (cache miss)
1294 http fetch GET 200 https://cdn.npmmirror.com/packages/side-channel-map/1.0.1/side-channel-map-1.0.1.tgz 5000ms (cache miss)
1295 http fetch GET 200 https://cdn.npmmirror.com/packages/side-channel/1.1.0/side-channel-1.1.0.tgz 5071ms (cache miss)
1296 http fetch GET 200 https://cdn.npmmirror.com/packages/strip-ansi/6.0.1/strip-ansi-6.0.1.tgz 5102ms (cache miss)
1297 http fetch GET 200 https://cdn.npmmirror.com/packages/shebang-regex/3.0.0/shebang-regex-3.0.0.tgz 5178ms (cache miss)
1298 http fetch GET 200 https://cdn.npmmirror.com/packages/side-channel-list/1.0.0/side-channel-list-1.0.0.tgz 5178ms (cache miss)
1299 http fetch GET 200 https://cdn.npmmirror.com/packages/shebang-command/2.0.0/shebang-command-2.0.0.tgz 5194ms (cache miss)
1300 http fetch GET 200 https://cdn.npmmirror.com/packages/serve-static/1.16.3/serve-static-1.16.3.tgz 5200ms (cache miss)
1301 http fetch GET 200 https://cdn.npmmirror.com/packages/semver/6.3.1/semver-6.3.1.tgz 5205ms (cache miss)
1302 http fetch GET 200 https://cdn.npmmirror.com/packages/send/0.19.2/send-0.19.2.tgz 5288ms (cache miss)
1303 http fetch GET 200 https://cdn.npmmirror.com/packages/resolve-from/5.0.0/resolve-from-5.0.0.tgz 5383ms (cache miss)
1304 http fetch GET 200 https://cdn.npmmirror.com/packages/setprototypeof/1.2.0/setprototypeof-1.2.0.tgz 5383ms (cache miss)
1305 http fetch GET 200 https://cdn.npmmirror.com/packages/safer-buffer/2.1.2/safer-buffer-2.1.2.tgz 5392ms (cache miss)
1306 http fetch GET 200 https://cdn.npmmirror.com/packages/resolve-cwd/3.0.0/resolve-cwd-3.0.0.tgz 5411ms (cache miss)
1307 http fetch GET 200 https://cdn.npmmirror.com/packages/require-directory/2.1.1/require-directory-2.1.1.tgz 5509ms (cache miss)
1308 http fetch GET 200 https://cdn.npmmirror.com/packages/safe-buffer/5.2.1/safe-buffer-5.2.1.tgz 5514ms (cache miss)
1309 http fetch GET 200 https://cdn.npmmirror.com/packages/resolve.exports/2.0.3/resolve.exports-2.0.3.tgz 5524ms (cache miss)
1310 http fetch GET 200 https://cdn.npmmirror.com/packages/resolve/1.22.11/resolve-1.22.11.tgz 5613ms (cache miss)
1311 http fetch GET 200 https://cdn.npmmirror.com/packages/react-is/18.3.1/react-is-18.3.1.tgz 5632ms (cache miss)
1312 http fetch GET 200 https://cdn.npmmirror.com/packages/stack-utils/2.0.6/stack-utils-2.0.6.tgz 5703ms (cache miss)
1313 http fetch GET 200 https://cdn.npmmirror.com/packages/readdirp/3.6.0/readdirp-3.6.0.tgz 5707ms (cache miss)
1314 http fetch GET 200 https://cdn.npmmirror.com/packages/raw-body/2.5.3/raw-body-2.5.3.tgz 5723ms (cache miss)
1315 http fetch GET 200 https://cdn.npmmirror.com/packages/sisteransi/1.0.5/sisteransi-1.0.5.tgz 5796ms (cache miss)
1316 http fetch GET 200 https://cdn.npmmirror.com/packages/qs/6.14.2/qs-6.14.2.tgz 5805ms (cache miss)
1317 http fetch GET 200 https://cdn.npmmirror.com/packages/prompts/2.4.2/prompts-2.4.2.tgz 5818ms (cache miss)
1318 http fetch GET 200 https://cdn.npmmirror.com/packages/pure-rand/6.1.0/pure-rand-6.1.0.tgz 5825ms (cache miss)
1319 http fetch GET 200 https://cdn.npmmirror.com/packages/range-parser/1.2.1/range-parser-1.2.1.tgz 5899ms (cache miss)
1320 http fetch GET 200 https://cdn.npmmirror.com/packages/proxy-addr/2.0.7/proxy-addr-2.0.7.tgz 5899ms (cache miss)
1321 http fetch GET 200 https://cdn.npmmirror.com/packages/pretty-format/29.7.0/pretty-format-29.7.0.tgz 5913ms (cache miss)
1322 http fetch GET 200 https://cdn.npmmirror.com/packages/pkg-dir/4.2.0/pkg-dir-4.2.0.tgz 5933ms (cache miss)
1323 http fetch GET 200 https://cdn.npmmirror.com/packages/pirates/4.0.7/pirates-4.0.7.tgz 6001ms (cache miss)
1324 http fetch GET 200 https://cdn.npmmirror.com/packages/pstree.remy/1.1.8/pstree.remy-1.1.8.tgz 6001ms (cache miss)
1325 http fetch GET 200 https://cdn.npmmirror.com/packages/picomatch/2.3.1/picomatch-2.3.1.tgz 6008ms (cache miss)
1326 http fetch GET 200 https://cdn.npmmirror.com/packages/picocolors/1.1.1/picocolors-1.1.1.tgz 6060ms (cache miss)
1327 http fetch GET 200 https://cdn.npmmirror.com/packages/path-to-regexp/0.1.12/path-to-regexp-0.1.12.tgz 6205ms (cache miss)
1328 http fetch GET 200 https://cdn.npmmirror.com/packages/path-key/3.1.1/path-key-3.1.1.tgz 6204ms (cache miss)
1329 http fetch GET 200 https://cdn.npmmirror.com/packages/path-is-absolute/1.0.1/path-is-absolute-1.0.1.tgz 6206ms (cache miss)
1330 http fetch GET 200 https://cdn.npmmirror.com/packages/path-exists/4.0.0/path-exists-4.0.0.tgz 6226ms (cache miss)
1331 http fetch GET 200 https://cdn.npmmirror.com/packages/parse-json/5.2.0/parse-json-5.2.0.tgz 6230ms (cache miss)
1332 http fetch GET 200 https://cdn.npmmirror.com/packages/parseurl/1.3.3/parseurl-1.3.3.tgz 6300ms (cache miss)
1333 http fetch GET 200 https://cdn.npmmirror.com/packages/p-limit/3.1.0/p-limit-3.1.0.tgz 6351ms (cache miss)
1334 http fetch GET 200 https://cdn.npmmirror.com/packages/p-locate/4.1.0/p-locate-4.1.0.tgz 6410ms (cache miss)
1335 http fetch GET 200 https://cdn.npmmirror.com/packages/p-try/2.2.0/p-try-2.2.0.tgz 6410ms (cache miss)
1336 http fetch GET 200 https://cdn.npmmirror.com/packages/onetime/5.1.2/onetime-5.1.2.tgz 6410ms (cache miss)
1337 http fetch GET 200 https://cdn.npmmirror.com/packages/once/1.4.0/once-1.4.0.tgz 6409ms (cache miss)
1338 http fetch GET 200 https://cdn.npmmirror.com/packages/on-finished/2.4.1/on-finished-2.4.1.tgz 6422ms (cache miss)
1339 http fetch GET 200 https://cdn.npmmirror.com/packages/on-headers/1.1.0/on-headers-1.1.0.tgz 6429ms (cache miss)
1340 http fetch GET 200 https://cdn.npmmirror.com/packages/node-int64/0.4.0/node-int64-0.4.0.tgz 6528ms (cache miss)
1341 http fetch GET 200 https://cdn.npmmirror.com/packages/object-inspect/1.13.4/object-inspect-1.13.4.tgz 6617ms (cache miss)
1342 http fetch GET 200 https://cdn.npmmirror.com/packages/normalize-path/3.0.0/normalize-path-3.0.0.tgz 6628ms (cache miss)
1343 http fetch GET 200 https://cdn.npmmirror.com/packages/npm-run-path/4.0.1/npm-run-path-4.0.1.tgz 6636ms (cache miss)
1344 http fetch GET 200 https://cdn.npmmirror.com/packages/object-assign/4.1.1/object-assign-4.1.1.tgz 6642ms (cache miss)
1345 http fetch GET 200 https://cdn.npmmirror.com/packages/negotiator/0.6.3/negotiator-0.6.3.tgz 6728ms (cache miss)
1346 http fetch GET 200 https://cdn.npmmirror.com/packages/nodemon/3.1.14/nodemon-3.1.14.tgz 6737ms (cache miss)
1347 http fetch GET 200 https://cdn.npmmirror.com/packages/node-releases/2.0.36/node-releases-2.0.36.tgz 6752ms (cache miss)
1348 http fetch GET 200 https://cdn.npmmirror.com/packages/ms/2.0.0/ms-2.0.0.tgz 6813ms (cache miss)
1349 http fetch GET 200 https://cdn.npmmirror.com/packages/minimatch/3.1.5/minimatch-3.1.5.tgz 6819ms (cache miss)
1350 http fetch GET 200 https://cdn.npmmirror.com/packages/mime-types/2.1.35/mime-types-2.1.35.tgz 6846ms (cache miss)
1351 http fetch GET 200 https://cdn.npmmirror.com/packages/natural-compare/1.4.0/natural-compare-1.4.0.tgz 6847ms (cache miss)
1352 http fetch GET 200 https://cdn.npmmirror.com/packages/mimic-fn/2.1.0/mimic-fn-2.1.0.tgz 6847ms (cache miss)
1353 http fetch GET 200 https://cdn.npmmirror.com/packages/morgan/1.10.1/morgan-1.10.1.tgz 6847ms (cache miss)
1354 http fetch GET 200 https://cdn.npmmirror.com/packages/mime-db/1.52.0/mime-db-1.52.0.tgz 6908ms (cache miss)
1355 http fetch GET 200 https://cdn.npmmirror.com/packages/micromatch/4.0.8/micromatch-4.0.8.tgz 6955ms (cache miss)
1356 http fetch GET 200 https://cdn.npmmirror.com/packages/mime/1.6.0/mime-1.6.0.tgz 7022ms (cache miss)
1357 http fetch GET 200 https://cdn.npmmirror.com/packages/methods/1.1.2/methods-1.1.2.tgz 7053ms (cache miss)
1358 http fetch GET 200 https://cdn.npmmirror.com/packages/media-typer/0.3.0/media-typer-0.3.0.tgz 7117ms (cache miss)
1359 http fetch GET 200 https://cdn.npmmirror.com/packages/merge-stream/2.0.0/merge-stream-2.0.0.tgz 7143ms (cache miss)
1360 http fetch GET 200 https://cdn.npmmirror.com/packages/merge-descriptors/1.0.3/merge-descriptors-1.0.3.tgz 7168ms (cache miss)
1361 http fetch GET 200 https://cdn.npmmirror.com/packages/makeerror/1.0.12/makeerror-1.0.12.tgz 7230ms (cache miss)
1362 http fetch GET 200 https://cdn.npmmirror.com/packages/make-dir/4.0.0/make-dir-4.0.0.tgz 7230ms (cache miss)
1363 http fetch GET 200 https://cdn.npmmirror.com/packages/math-intrinsics/1.1.0/math-intrinsics-1.1.0.tgz 7233ms (cache miss)
1364 http fetch GET 200 https://cdn.npmmirror.com/packages/lru-cache/5.1.1/lru-cache-5.1.1.tgz 7258ms (cache miss)
1365 http fetch GET 200 https://cdn.npmmirror.com/packages/locate-path/5.0.0/locate-path-5.0.0.tgz 7262ms (cache miss)
1366 http fetch GET 200 https://cdn.npmmirror.com/packages/leven/3.1.0/leven-3.1.0.tgz 7345ms (cache miss)
1367 http fetch GET 200 https://cdn.npmmirror.com/packages/kleur/3.0.3/kleur-3.0.3.tgz 7345ms (cache miss)
1368 http fetch GET 200 https://cdn.npmmirror.com/packages/lines-and-columns/1.2.4/lines-and-columns-1.2.4.tgz 7345ms (cache miss)
1369 http fetch GET 200 https://cdn.npmmirror.com/packages/json5/2.2.3/json5-2.2.3.tgz 7352ms (cache miss)
1370 http fetch GET 200 https://cdn.npmmirror.com/packages/jsesc/3.1.0/jsesc-3.1.0.tgz 7370ms (cache miss)
1371 http fetch GET 200 https://cdn.npmmirror.com/packages/json-parse-even-better-errors/2.3.1/json-parse-even-better-errors-2.3.1.tgz 7424ms (cache miss)
1372 http fetch GET 200 https://cdn.npmmirror.com/packages/js-tokens/4.0.0/js-tokens-4.0.0.tgz 7560ms (cache miss)
1373 http fetch GET 200 https://cdn.npmmirror.com/packages/path-parse/1.0.7/path-parse-1.0.7.tgz 7650ms (cache miss)
1374 http fetch GET 200 https://cdn.npmmirror.com/packages/jest-validate/29.7.0/jest-validate-29.7.0.tgz 7649ms (cache miss)
1375 http fetch GET 200 https://cdn.npmmirror.com/packages/jest-snapshot/29.7.0/jest-snapshot-29.7.0.tgz 7649ms (cache miss)
1376 http fetch GET 200 https://cdn.npmmirror.com/packages/jest-worker/29.7.0/jest-worker-29.7.0.tgz 7651ms (cache miss)
1377 http fetch GET 200 https://cdn.npmmirror.com/packages/js-yaml/3.14.2/js-yaml-3.14.2.tgz 7652ms (cache miss)
1378 http fetch GET 200 https://cdn.npmmirror.com/packages/jest-util/29.7.0/jest-util-29.7.0.tgz 7666ms (cache miss)
1379 http fetch GET 200 https://cdn.npmmirror.com/packages/jest-watcher/29.7.0/jest-watcher-29.7.0.tgz 7684ms (cache miss)
1380 http fetch GET 200 https://cdn.npmmirror.com/packages/jest-runtime/29.7.0/jest-runtime-29.7.0.tgz 7737ms (cache miss)
1381 http fetch GET 200 https://cdn.npmmirror.com/packages/jest-regex-util/29.6.3/jest-regex-util-29.6.3.tgz 7766ms (cache miss)
1382 http fetch GET 200 https://cdn.npmmirror.com/packages/jest-runner/29.7.0/jest-runner-29.7.0.tgz 7766ms (cache miss)
1383 http fetch GET 200 https://cdn.npmmirror.com/packages/jest-pnp-resolver/1.2.3/jest-pnp-resolver-1.2.3.tgz 7766ms (cache miss)
1384 http fetch GET 200 https://cdn.npmmirror.com/packages/jest-resolve/29.7.0/jest-resolve-29.7.0.tgz 7770ms (cache miss)
1385 http fetch GET 200 https://cdn.npmmirror.com/packages/jest-mock/29.7.0/jest-mock-29.7.0.tgz 7832ms (cache miss)
1386 http fetch GET 200 https://cdn.npmmirror.com/packages/jest-resolve-dependencies/29.7.0/jest-resolve-dependencies-29.7.0.tgz 7841ms (cache miss)
1387 http fetch GET 200 https://cdn.npmmirror.com/packages/jest-message-util/29.7.0/jest-message-util-29.7.0.tgz 7907ms (cache miss)
1388 http fetch GET 200 https://cdn.npmmirror.com/packages/jest-leak-detector/29.7.0/jest-leak-detector-29.7.0.tgz 8047ms (cache miss)
1389 http fetch GET 200 https://cdn.npmmirror.com/packages/jest-get-type/29.6.3/jest-get-type-29.6.3.tgz 8047ms (cache miss)
1390 http fetch GET 200 https://cdn.npmmirror.com/packages/jest-haste-map/29.7.0/jest-haste-map-29.7.0.tgz 8050ms (cache miss)
1391 http fetch GET 200 https://cdn.npmmirror.com/packages/jest-docblock/29.7.0/jest-docblock-29.7.0.tgz 8168ms (cache miss)
1392 http fetch GET 200 https://cdn.npmmirror.com/packages/jest-diff/29.7.0/jest-diff-29.7.0.tgz 8170ms (cache miss)
1393 http fetch GET 200 https://cdn.npmmirror.com/packages/jest-config/29.7.0/jest-config-29.7.0.tgz 8177ms (cache miss)
1394 http fetch GET 200 https://cdn.npmmirror.com/packages/jest-changed-files/29.7.0/jest-changed-files-29.7.0.tgz 8180ms (cache miss)
1395 http fetch GET 200 https://cdn.npmmirror.com/packages/jest-each/29.7.0/jest-each-29.7.0.tgz 8181ms (cache miss)
1396 http fetch GET 200 https://cdn.npmmirror.com/packages/jest/29.7.0/jest-29.7.0.tgz 8240ms (cache miss)
1397 http fetch GET 200 https://cdn.npmmirror.com/packages/jest-cli/29.7.0/jest-cli-29.7.0.tgz 8266ms (cache miss)
1398 http fetch GET 200 https://cdn.npmmirror.com/packages/jest-matcher-utils/29.7.0/jest-matcher-utils-29.7.0.tgz 8268ms (cache miss)
1399 http fetch GET 200 https://cdn.npmmirror.com/packages/istanbul-lib-report/3.0.1/istanbul-lib-report-3.0.1.tgz 8272ms (cache miss)
1400 http fetch GET 200 https://cdn.npmmirror.com/packages/jest-circus/29.7.0/jest-circus-29.7.0.tgz 8272ms (cache miss)
1401 http fetch GET 200 https://cdn.npmmirror.com/packages/istanbul-lib-source-maps/4.0.1/istanbul-lib-source-maps-4.0.1.tgz 8456ms (cache miss)
1402 http fetch GET 200 https://cdn.npmmirror.com/packages/istanbul-lib-instrument/6.0.3/istanbul-lib-instrument-6.0.3.tgz 8458ms (cache miss)
1403 http fetch GET 200 https://cdn.npmmirror.com/packages/istanbul-lib-coverage/3.2.2/istanbul-lib-coverage-3.2.2.tgz 8475ms (cache miss)
1404 http fetch GET 200 https://cdn.npmmirror.com/packages/istanbul-reports/3.2.0/istanbul-reports-3.2.0.tgz 8492ms (cache miss)
1405 http fetch GET 200 https://cdn.npmmirror.com/packages/is-stream/2.0.1/is-stream-2.0.1.tgz 8564ms (cache miss)
1406 http fetch GET 200 https://cdn.npmmirror.com/packages/is-generator-fn/2.1.0/is-generator-fn-2.1.0.tgz 8657ms (cache miss)
1407 http fetch GET 200 https://cdn.npmmirror.com/packages/is-glob/4.0.3/is-glob-4.0.3.tgz 8657ms (cache miss)
1408 http fetch GET 200 https://cdn.npmmirror.com/packages/isexe/2.0.0/isexe-2.0.0.tgz 8658ms (cache miss)
1409 http fetch GET 200 https://cdn.npmmirror.com/packages/is-extglob/2.1.1/is-extglob-2.1.1.tgz 8658ms (cache miss)
1410 http fetch GET 200 https://cdn.npmmirror.com/packages/import-local/3.2.0/import-local-3.2.0.tgz 8658ms (cache miss)
1411 http fetch GET 200 https://cdn.npmmirror.com/packages/is-core-module/2.16.1/is-core-module-2.16.1.tgz 8658ms (cache miss)
1412 http fetch GET 200 https://cdn.npmmirror.com/packages/is-fullwidth-code-point/3.0.0/is-fullwidth-code-point-3.0.0.tgz 8659ms (cache miss)
1413 http fetch GET 200 https://cdn.npmmirror.com/packages/is-binary-path/2.1.0/is-binary-path-2.1.0.tgz 8660ms (cache miss)
1414 http fetch GET 200 https://cdn.npmmirror.com/packages/is-number/7.0.0/is-number-7.0.0.tgz 8673ms (cache miss)
1415 http fetch GET 200 https://cdn.npmmirror.com/packages/is-arrayish/0.2.1/is-arrayish-0.2.1.tgz 8855ms (cache miss)
1416 http fetch GET 200 https://cdn.npmmirror.com/packages/ipaddr.js/1.9.1/ipaddr.js-1.9.1.tgz 8855ms (cache miss)
1417 http fetch GET 200 https://cdn.npmmirror.com/packages/inflight/1.0.6/inflight-1.0.6.tgz 8946ms (cache miss)
1418 warn deprecated inflight@1.0.6: This module is not supported, and leaks memory. Do not use it. Check out lru-cache if you want a good and tested way to coalesce async requests by a key value, which is much more comprehensive and powerful.
1419 http fetch GET 200 https://cdn.npmmirror.com/packages/inherits/2.0.4/inherits-2.0.4.tgz 8963ms (cache miss)
1420 http fetch GET 200 https://cdn.npmmirror.com/packages/ignore-by-default/1.0.1/ignore-by-default-1.0.1.tgz 8972ms (cache miss)
1421 http fetch GET 200 https://cdn.npmmirror.com/packages/imurmurhash/0.1.4/imurmurhash-0.1.4.tgz 8972ms (cache miss)
1422 http fetch GET 200 https://cdn.npmmirror.com/packages/html-escaper/2.0.2/html-escaper-2.0.2.tgz 9056ms (cache miss)
1423 http fetch GET 200 https://cdn.npmmirror.com/packages/hasown/2.0.2/hasown-2.0.2.tgz 9073ms (cache miss)
1424 http fetch GET 200 https://cdn.npmmirror.com/packages/has-symbols/1.1.0/has-symbols-1.1.0.tgz 9082ms (cache miss)
1425 http fetch GET 200 https://cdn.npmmirror.com/packages/http-errors/2.0.1/http-errors-2.0.1.tgz 9091ms (cache miss)
1426 http fetch GET 200 https://cdn.npmmirror.com/packages/human-signals/2.1.0/human-signals-2.1.0.tgz 9102ms (cache miss)
1427 http fetch GET 200 https://cdn.npmmirror.com/packages/has-tostringtag/1.0.2/has-tostringtag-1.0.2.tgz 9106ms (cache miss)
1428 http fetch GET 200 https://cdn.npmmirror.com/packages/graceful-fs/4.2.11/graceful-fs-4.2.11.tgz 9157ms (cache miss)
1429 http fetch GET 200 https://cdn.npmmirror.com/packages/iconv-lite/0.4.24/iconv-lite-0.4.24.tgz 9159ms (cache miss)
1430 http fetch GET 200 https://cdn.npmmirror.com/packages/glob-parent/5.1.2/glob-parent-5.1.2.tgz 9200ms (cache miss)
1431 http fetch GET 200 https://cdn.npmmirror.com/packages/has-flag/4.0.0/has-flag-4.0.0.tgz 9206ms (cache miss)
1432 http fetch GET 200 https://cdn.npmmirror.com/packages/gopd/1.2.0/gopd-1.2.0.tgz 9290ms (cache miss)
1433 http fetch GET 200 https://cdn.npmmirror.com/packages/jest-environment-node/29.6.4/jest-environment-node-29.6.4.tgz 9353ms (cache miss)
1434 http fetch GET 200 https://cdn.npmmirror.com/packages/glob/7.2.3/glob-7.2.3.tgz 9385ms (cache miss)
1435 warn deprecated glob@7.2.3: Glob versions prior to v9 are no longer supported
1436 http fetch GET 200 https://cdn.npmmirror.com/packages/get-stream/6.0.1/get-stream-6.0.1.tgz 9398ms (cache miss)
1437 http fetch GET 200 https://cdn.npmmirror.com/packages/get-package-type/0.1.0/get-package-type-0.1.0.tgz 9470ms (cache miss)
1438 http fetch GET 200 https://cdn.npmmirror.com/packages/get-intrinsic/1.3.0/get-intrinsic-1.3.0.tgz 9515ms (cache miss)
1439 http fetch GET 200 https://cdn.npmmirror.com/packages/forwarded/0.2.0/forwarded-0.2.0.tgz 9554ms (cache miss)
1440 http fetch GET 200 https://cdn.npmmirror.com/packages/fs.realpath/1.0.0/fs.realpath-1.0.0.tgz 9557ms (cache miss)
1441 http fetch GET 200 https://cdn.npmmirror.com/packages/get-caller-file/2.0.5/get-caller-file-2.0.5.tgz 9578ms (cache miss)
1442 http fetch GET 200 https://cdn.npmmirror.com/packages/gensync/1.0.0-beta.2/gensync-1.0.0-beta.2.tgz 9584ms (cache miss)
1443 http fetch GET 200 https://cdn.npmmirror.com/packages/function-bind/1.1.2/function-bind-1.1.2.tgz 9587ms (cache miss)
1444 http fetch GET 200 https://cdn.npmmirror.com/packages/fsevents/2.3.3/fsevents-2.3.3.tgz 9599ms (cache miss)
1445 http fetch GET 200 https://cdn.npmmirror.com/packages/fresh/0.5.2/fresh-0.5.2.tgz 9608ms (cache miss)
1446 http fetch GET 200 https://cdn.npmmirror.com/packages/formidable/2.1.5/formidable-2.1.5.tgz 9614ms (cache miss)
1447 http fetch GET 200 https://cdn.npmmirror.com/packages/form-data/4.0.5/form-data-4.0.5.tgz 9694ms (cache miss)
1448 http fetch GET 200 https://cdn.npmmirror.com/packages/fill-range/7.1.1/fill-range-7.1.1.tgz 9877ms (cache miss)
1449 http fetch GET 200 https://cdn.npmmirror.com/packages/finalhandler/1.3.2/finalhandler-1.3.2.tgz 9878ms (cache miss)
1450 http fetch GET 200 https://cdn.npmmirror.com/packages/fb-watchman/2.0.2/fb-watchman-2.0.2.tgz 9878ms (cache miss)
1451 http fetch GET 200 https://cdn.npmmirror.com/packages/fast-safe-stringify/2.1.1/fast-safe-stringify-2.1.1.tgz 9992ms (cache miss)
1452 http fetch GET 200 https://cdn.npmmirror.com/packages/find-up/4.1.0/find-up-4.1.0.tgz 9994ms (cache miss)
1453 http fetch GET 200 https://cdn.npmmirror.com/packages/etag/1.8.1/etag-1.8.1.tgz 10006ms (cache miss)
1454 http fetch GET 200 https://cdn.npmmirror.com/packages/escape-string-regexp/2.0.0/escape-string-regexp-2.0.0.tgz 10087ms (cache miss)
1455 http fetch GET 200 https://cdn.npmmirror.com/packages/fast-json-stable-stringify/2.1.0/fast-json-stable-stringify-2.1.0.tgz 10089ms (cache miss)
1456 http fetch GET 200 https://cdn.npmmirror.com/packages/express/4.22.1/express-4.22.1.tgz 10089ms (cache miss)
1457 http fetch GET 200 https://cdn.npmmirror.com/packages/execa/5.1.1/execa-5.1.1.tgz 10089ms (cache miss)
1458 http fetch GET 200 https://cdn.npmmirror.com/packages/escape-html/1.0.3/escape-html-1.0.3.tgz 10088ms (cache miss)
1459 http fetch GET 200 https://cdn.npmmirror.com/packages/exit/0.1.2/exit-0.1.2.tgz 10090ms (cache miss)
1460 http fetch GET 200 https://cdn.npmmirror.com/packages/esprima/4.0.1/esprima-4.0.1.tgz 10092ms (cache miss)
1461 http fetch GET 200 https://cdn.npmmirror.com/packages/expect/29.7.0/expect-29.7.0.tgz 10093ms (cache miss)
1462 http fetch GET 200 https://cdn.npmmirror.com/packages/es-set-tostringtag/2.1.0/es-set-tostringtag-2.1.0.tgz 10305ms (cache miss)
1463 http fetch GET 200 https://cdn.npmmirror.com/packages/es-errors/1.3.0/es-errors-1.3.0.tgz 10324ms (cache miss)
1464 http fetch GET 200 https://cdn.npmmirror.com/packages/escalade/3.2.0/escalade-3.2.0.tgz 10325ms (cache miss)
1465 http fetch GET 200 https://cdn.npmmirror.com/packages/es-object-atoms/1.1.1/es-object-atoms-1.1.1.tgz 10396ms (cache miss)
1466 http fetch GET 200 https://cdn.npmmirror.com/packages/es-define-property/1.0.1/es-define-property-1.0.1.tgz 10418ms (cache miss)
1467 http fetch GET 200 https://cdn.npmmirror.com/packages/error-ex/1.3.4/error-ex-1.3.4.tgz 10513ms (cache miss)
1468 http fetch GET 200 https://cdn.npmmirror.com/packages/encodeurl/2.0.0/encodeurl-2.0.0.tgz 10513ms (cache miss)
1469 http fetch GET 200 https://cdn.npmmirror.com/packages/ee-first/1.1.1/ee-first-1.1.1.tgz 10514ms (cache miss)
1470 http fetch GET 200 https://cdn.npmmirror.com/packages/emittery/0.13.1/emittery-0.13.1.tgz 10514ms (cache miss)
1471 http fetch GET 200 https://cdn.npmmirror.com/packages/dunder-proto/1.0.1/dunder-proto-1.0.1.tgz 10515ms (cache miss)
1472 http fetch GET 200 https://cdn.npmmirror.com/packages/electron-to-chromium/1.5.321/electron-to-chromium-1.5.321.tgz 10515ms (cache miss)
1473 http fetch GET 200 https://cdn.npmmirror.com/packages/emoji-regex/8.0.0/emoji-regex-8.0.0.tgz 10515ms (cache miss)
1474 http fetch GET 200 https://cdn.npmmirror.com/packages/get-proto/1.0.1/get-proto-1.0.1.tgz 10521ms (cache miss)
1475 http fetch GET 200 https://cdn.npmmirror.com/packages/detect-newline/3.1.0/detect-newline-3.1.0.tgz 10515ms (cache miss)
1476 http fetch GET 200 https://cdn.npmmirror.com/packages/diff-sequences/29.6.3/diff-sequences-29.6.3.tgz 10615ms (cache miss)
1477 http fetch GET 200 https://cdn.npmmirror.com/packages/dezalgo/1.0.4/dezalgo-1.0.4.tgz 10780ms (cache miss)
1478 http fetch GET 200 https://cdn.npmmirror.com/packages/delayed-stream/1.0.0/delayed-stream-1.0.0.tgz 10815ms (cache miss)
1479 http fetch GET 200 https://cdn.npmmirror.com/packages/depd/2.0.0/depd-2.0.0.tgz 10815ms (cache miss)
1480 http fetch GET 200 https://cdn.npmmirror.com/packages/destroy/1.2.0/destroy-1.2.0.tgz 10829ms (cache miss)
1481 http fetch GET 200 https://cdn.npmmirror.com/packages/deepmerge/4.3.1/deepmerge-4.3.1.tgz 10836ms (cache miss)
1482 http fetch GET 200 https://cdn.npmmirror.com/packages/create-jest/29.7.0/create-jest-29.7.0.tgz 10901ms (cache miss)
1483 http fetch GET 200 https://cdn.npmmirror.com/packages/cross-spawn/7.0.6/cross-spawn-7.0.6.tgz 10902ms (cache miss)
1484 http fetch GET 200 https://cdn.npmmirror.com/packages/cookiejar/2.1.4/cookiejar-2.1.4.tgz 10903ms (cache miss)
1485 http fetch GET 200 https://cdn.npmmirror.com/packages/debug/2.6.9/debug-2.6.9.tgz 10905ms (cache miss)
1486 http fetch GET 200 https://cdn.npmmirror.com/packages/dedent/1.7.2/dedent-1.7.2.tgz 10920ms (cache miss)
1487 http fetch GET 200 https://cdn.npmmirror.com/packages/cookie-signature/1.0.7/cookie-signature-1.0.7.tgz 10997ms (cache miss)
1488 http fetch GET 200 https://cdn.npmmirror.com/packages/convert-source-map/2.0.0/convert-source-map-2.0.0.tgz 11020ms (cache miss)
1489 http fetch GET 200 https://cdn.npmmirror.com/packages/cors/2.8.6/cors-2.8.6.tgz 11020ms (cache miss)
1490 http fetch GET 200 https://cdn.npmmirror.com/packages/cookie/0.7.2/cookie-0.7.2.tgz 11022ms (cache miss)
1491 http fetch GET 200 https://cdn.npmmirror.com/packages/content-disposition/0.5.4/content-disposition-0.5.4.tgz 11097ms (cache miss)
1492 http fetch GET 200 https://cdn.npmmirror.com/packages/content-type/1.0.5/content-type-1.0.5.tgz 11241ms (cache miss)
1493 http fetch GET 200 https://cdn.npmmirror.com/packages/concat-map/0.0.1/concat-map-0.0.1.tgz 11244ms (cache miss)
1494 http fetch GET 200 https://cdn.npmmirror.com/packages/color-convert/2.0.1/color-convert-2.0.1.tgz 11306ms (cache miss)
1495 http fetch GET 200 https://cdn.npmmirror.com/packages/collect-v8-coverage/1.0.3/collect-v8-coverage-1.0.3.tgz 11305ms (cache miss)
1496 http fetch GET 200 https://cdn.npmmirror.com/packages/color-name/1.1.4/color-name-1.1.4.tgz 11319ms (cache miss)
1497 http fetch GET 200 https://cdn.npmmirror.com/packages/cliui/8.0.1/cliui-8.0.1.tgz 11329ms (cache miss)
1498 http fetch GET 200 https://cdn.npmmirror.com/packages/component-emitter/1.3.1/component-emitter-1.3.1.tgz 11347ms (cache miss)
1499 http fetch GET 200 https://cdn.npmmirror.com/packages/combined-stream/1.0.8/combined-stream-1.0.8.tgz 11349ms (cache miss)
1500 http fetch GET 200 https://cdn.npmmirror.com/packages/ci-info/3.9.0/ci-info-3.9.0.tgz 11402ms (cache miss)
1501 http fetch GET 200 https://cdn.npmmirror.com/packages/cjs-module-lexer/1.4.3/cjs-module-lexer-1.4.3.tgz 11403ms (cache miss)
1502 http fetch GET 200 https://cdn.npmmirror.com/packages/co/4.6.0/co-4.6.0.tgz 11410ms (cache miss)
1503 http fetch GET 200 https://cdn.npmmirror.com/packages/char-regex/1.0.2/char-regex-1.0.2.tgz 11505ms (cache miss)
1504 http fetch GET 200 https://cdn.npmmirror.com/packages/chokidar/3.6.0/chokidar-3.6.0.tgz 11511ms (cache miss)
1505 http fetch GET 200 https://cdn.npmmirror.com/packages/chalk/4.1.2/chalk-4.1.2.tgz 11510ms (cache miss)
1506 http fetch GET 200 https://cdn.npmmirror.com/packages/callsites/3.1.0/callsites-3.1.0.tgz 11706ms (cache miss)
1507 http fetch GET 200 https://cdn.npmmirror.com/packages/camelcase/5.3.1/camelcase-5.3.1.tgz 11708ms (cache miss)
1508 http fetch GET 200 https://cdn.npmmirror.com/packages/call-bound/1.0.4/call-bound-1.0.4.tgz 11710ms (cache miss)
1509 http fetch GET 200 https://cdn.npmmirror.com/packages/buffer-from/1.1.2/buffer-from-1.1.2.tgz 11715ms (cache miss)
1510 http fetch GET 200 https://cdn.npmmirror.com/packages/bytes/3.1.2/bytes-3.1.2.tgz 11749ms (cache miss)
1511 http fetch GET 200 https://cdn.npmmirror.com/packages/call-bind-apply-helpers/1.0.2/call-bind-apply-helpers-1.0.2.tgz 11751ms (cache miss)
1512 http fetch GET 200 https://cdn.npmmirror.com/packages/caniuse-lite/1.0.30001780/caniuse-lite-1.0.30001780.tgz 11780ms (cache miss)
1513 http fetch GET 200 https://cdn.npmmirror.com/packages/brace-expansion/1.1.12/brace-expansion-1.1.12.tgz 11837ms (cache miss)
1514 http fetch GET 200 https://cdn.npmmirror.com/packages/browserslist/4.28.1/browserslist-4.28.1.tgz 11838ms (cache miss)
1515 http fetch GET 200 https://cdn.npmmirror.com/packages/braces/3.0.3/braces-3.0.3.tgz 11840ms (cache miss)
1516 http fetch GET 200 https://cdn.npmmirror.com/packages/body-parser/1.20.4/body-parser-1.20.4.tgz 11844ms (cache miss)
1517 http fetch GET 200 https://cdn.npmmirror.com/packages/bser/2.1.1/bser-2.1.1.tgz 11909ms (cache miss)
1518 http fetch GET 200 https://cdn.npmmirror.com/packages/binary-extensions/2.3.0/binary-extensions-2.3.0.tgz 11913ms (cache miss)
1519 http fetch GET 200 https://cdn.npmmirror.com/packages/basic-auth/2.0.1/basic-auth-2.0.1.tgz 11958ms (cache miss)
1520 http fetch GET 200 https://cdn.npmmirror.com/packages/baseline-browser-mapping/2.10.8/baseline-browser-mapping-2.10.8.tgz 11959ms (cache miss)
1521 http fetch GET 200 https://cdn.npmmirror.com/packages/balanced-match/1.0.2/balanced-match-1.0.2.tgz 12023ms (cache miss)
1522 http fetch GET 200 https://cdn.npmmirror.com/packages/babel-preset-jest/29.6.3/babel-preset-jest-29.6.3.tgz 12118ms (cache miss)
1523 http fetch GET 200 https://cdn.npmmirror.com/packages/babel-preset-current-node-syntax/1.2.0/babel-preset-current-node-syntax-1.2.0.tgz 12134ms (cache miss)
1524 http fetch GET 200 https://cdn.npmmirror.com/packages/babel-jest/29.7.0/babel-jest-29.7.0.tgz 12134ms (cache miss)
1525 http fetch GET 200 https://cdn.npmmirror.com/packages/asynckit/0.4.0/asynckit-0.4.0.tgz 12166ms (cache miss)
1526 http fetch GET 200 https://cdn.npmmirror.com/packages/babel-plugin-istanbul/6.1.1/babel-plugin-istanbul-6.1.1.tgz 12218ms (cache miss)
1527 http fetch GET 200 https://cdn.npmmirror.com/packages/array-flatten/1.1.1/array-flatten-1.1.1.tgz 12230ms (cache miss)
1528 http fetch GET 200 https://cdn.npmmirror.com/packages/babel-plugin-jest-hoist/29.6.3/babel-plugin-jest-hoist-29.6.3.tgz 12236ms (cache miss)
1529 http fetch GET 200 https://cdn.npmmirror.com/packages/anymatch/3.1.3/anymatch-3.1.3.tgz 12268ms (cache miss)
1530 http fetch GET 200 https://cdn.npmmirror.com/packages/asap/2.0.6/asap-2.0.6.tgz 12334ms (cache miss)
1531 http fetch GET 200 https://cdn.npmmirror.com/packages/argparse/1.0.10/argparse-1.0.10.tgz 12339ms (cache miss)
1532 http fetch GET 200 https://cdn.npmmirror.com/packages/ansi-escapes/4.3.2/ansi-escapes-4.3.2.tgz 12374ms (cache miss)
1533 http fetch GET 200 https://cdn.npmmirror.com/packages/ansi-regex/5.0.1/ansi-regex-5.0.1.tgz 12374ms (cache miss)
1534 http fetch GET 200 https://cdn.npmmirror.com/packages/ansi-styles/4.3.0/ansi-styles-4.3.0.tgz 12381ms (cache miss)
1535 http fetch GET 200 https://cdn.npmmirror.com/packages/accepts/1.3.8/accepts-1.3.8.tgz 12441ms (cache miss)
1536 http fetch GET 200 https://cdn.npmmirror.com/packages/ms/2.1.3/ms-2.1.3.tgz 12473ms (cache miss)
1537 http fetch GET 200 https://cdn.npmmirror.com/packages/debug/4.4.3/debug-4.4.3.tgz 12558ms (cache miss)
1538 http fetch GET 200 https://cdn.npmmirror.com/packages/dotenv/16.6.1/dotenv-16.6.1.tgz 12623ms (cache miss)
1539 http fetch GET 200 https://cdn.npmmirror.com/packages/semver/7.7.4/semver-7.7.4.tgz 12671ms (cache miss)
1540 http cache https://cdn.npmmirror.com/packages/ms/2.1.3/ms-2.1.3.tgz 12733ms (cache hit)
1541 http cache https://cdn.npmmirror.com/packages/debug/4.4.3/debug-4.4.3.tgz 12800ms (cache hit)
1542 http fetch GET 200 https://cdn.npmmirror.com/packages/p-limit/2.3.0/p-limit-2.3.0.tgz 12831ms (cache miss)
1543 http fetch GET 200 https://cdn.npmmirror.com/packages/ansi-styles/5.2.0/ansi-styles-5.2.0.tgz 12837ms (cache miss)
1544 http fetch GET 200 https://cdn.npmmirror.com/packages/mime/2.6.0/mime-2.6.0.tgz 12856ms (cache miss)
1545 http cache https://cdn.npmmirror.com/packages/semver/7.7.4/semver-7.7.4.tgz 12865ms (cache hit)
1546 http fetch GET 200 https://cdn.npmmirror.com/packages/supports-color/5.5.0/supports-color-5.5.0.tgz 12930ms (cache miss)
1547 http cache https://cdn.npmmirror.com/packages/ms/2.1.3/ms-2.1.3.tgz 13011ms (cache hit)
1548 http cache https://cdn.npmmirror.com/packages/ms/2.1.3/ms-2.1.3.tgz 13051ms (cache hit)
1549 http cache https://cdn.npmmirror.com/packages/ms/2.1.3/ms-2.1.3.tgz 13064ms (cache hit)
1550 http fetch GET 200 https://cdn.npmmirror.com/packages/minimatch/10.2.4/minimatch-10.2.4.tgz 13070ms (cache miss)
1551 http fetch GET 200 https://cdn.npmmirror.com/packages/has-flag/3.0.0/has-flag-3.0.0.tgz 13133ms (cache miss)
1552 http cache https://cdn.npmmirror.com/packages/debug/4.4.3/debug-4.4.3.tgz 13156ms (cache hit)
1553 http cache https://cdn.npmmirror.com/packages/debug/4.4.3/debug-4.4.3.tgz 13159ms (cache hit)
1554 http fetch GET 200 https://cdn.npmmirror.com/packages/balanced-match/4.0.4/balanced-match-4.0.4.tgz 13244ms (cache miss)
1555 http fetch GET 200 https://cdn.npmmirror.com/packages/camelcase/6.3.0/camelcase-6.3.0.tgz 13343ms (cache miss)
1556 http fetch GET 200 https://cdn.npmmirror.com/packages/on-finished/2.3.0/on-finished-2.3.0.tgz 13343ms (cache miss)
1557 http fetch GET 200 https://cdn.npmmirror.com/packages/supports-color/8.1.1/supports-color-8.1.1.tgz 13346ms (cache miss)
1558 http fetch GET 200 https://cdn.npmmirror.com/packages/jest-environment-node/29.7.0/jest-environment-node-29.7.0.tgz 13381ms (cache miss)
1559 http cache https://cdn.npmmirror.com/packages/debug/4.4.3/debug-4.4.3.tgz 13546ms (cache hit)
1560 http cache https://cdn.npmmirror.com/packages/ms/2.1.3/ms-2.1.3.tgz 13546ms (cache hit)
1561 http cache https://cdn.npmmirror.com/packages/jest-environment-node/29.7.0/jest-environment-node-29.7.0.tgz 13629ms (cache hit)
1562 http fetch GET 200 https://cdn.npmmirror.com/packages/istanbul-lib-instrument/5.2.1/istanbul-lib-instrument-5.2.1.tgz 13669ms (cache miss)
1563 http fetch GET 200 https://cdn.npmmirror.com/packages/safe-buffer/5.1.2/safe-buffer-5.1.2.tgz 13671ms (cache miss)
1564 http cache https://cdn.npmmirror.com/packages/semver/7.7.4/semver-7.7.4.tgz 14179ms (cache hit)
1565 http cache https://cdn.npmmirror.com/packages/semver/7.7.4/semver-7.7.4.tgz 14200ms (cache hit)
1566 http cache https://cdn.npmmirror.com/packages/semver/7.7.4/semver-7.7.4.tgz 14510ms (cache hit)
1567 http fetch GET 200 https://cdn.npmmirror.com/packages/brace-expansion/5.0.4/brace-expansion-5.0.4.tgz 14607ms (cache miss)
1568 http cache https://cdn.npmmirror.com/packages/semver/7.7.4/semver-7.7.4.tgz 14855ms (cache hit)
1569 silly CHANGE node_modules/@types/yargs-parser
1570 silly CHANGE node_modules/@types/yargs
1571 silly CHANGE node_modules/@types/stack-utils
1572 silly CHANGE node_modules/@types/node
1573 silly CHANGE node_modules/@types/istanbul-reports
1574 silly CHANGE node_modules/@types/istanbul-lib-report
1575 silly CHANGE node_modules/@types/istanbul-lib-coverage
1576 silly CHANGE node_modules/@types/graceful-fs
1577 silly CHANGE node_modules/@types/babel__traverse
1578 silly CHANGE node_modules/@types/babel__template
1579 silly CHANGE node_modules/@types/babel__generator
1580 silly CHANGE node_modules/@types/babel__core
1581 silly CHANGE node_modules/@sinonjs/fake-timers
1582 silly CHANGE node_modules/@sinonjs/commons
1583 silly CHANGE node_modules/@sinclair/typebox
1584 silly CHANGE node_modules/@paralleldrive/cuid2
1585 silly CHANGE node_modules/@noble/hashes
1586 silly CHANGE node_modules/@jridgewell/trace-mapping
1587 silly CHANGE node_modules/@jridgewell/sourcemap-codec
1588 silly CHANGE node_modules/@jridgewell/resolve-uri
1589 silly CHANGE node_modules/@jridgewell/remapping
1590 silly CHANGE node_modules/@jridgewell/gen-mapping
1591 silly CHANGE node_modules/@jest/types
1592 silly CHANGE node_modules/@jest/transform
1593 silly CHANGE node_modules/@jest/test-sequencer
1594 silly CHANGE node_modules/@jest/test-result
1595 silly CHANGE node_modules/@jest/source-map
1596 silly CHANGE node_modules/@jest/schemas
1597 silly CHANGE node_modules/@jest/reporters
1598 silly CHANGE node_modules/@jest/fake-timers
1599 silly CHANGE node_modules/@jest/globals
1600 silly CHANGE node_modules/@jest/environment
1601 silly CHANGE node_modules/@jest/expect-utils
1602 silly CHANGE node_modules/@istanbuljs/load-nyc-config
1603 silly CHANGE node_modules/@jest/expect
1604 silly CHANGE node_modules/@jest/core
1605 silly CHANGE node_modules/@jest/console
1606 silly CHANGE node_modules/@istanbuljs/schema
1607 silly CHANGE node_modules/@bcoe/v8-coverage
1608 silly CHANGE node_modules/@babel/types
1609 silly CHANGE node_modules/@babel/traverse
1610 silly CHANGE node_modules/@babel/traverse/node_modules/ms
1611 silly CHANGE node_modules/@babel/traverse/node_modules/debug
1612 silly CHANGE node_modules/@babel/template
1613 silly CHANGE node_modules/@babel/plugin-syntax-typescript
1614 silly CHANGE node_modules/@babel/plugin-syntax-top-level-await
1615 silly CHANGE node_modules/@babel/plugin-syntax-private-property-in-object
1616 silly CHANGE node_modules/@babel/plugin-syntax-optional-chaining
1617 silly CHANGE node_modules/@babel/plugin-syntax-optional-catch-binding
1618 silly CHANGE node_modules/@babel/plugin-syntax-object-rest-spread
1619 silly CHANGE node_modules/@babel/plugin-syntax-numeric-separator
1620 silly CHANGE node_modules/@babel/plugin-syntax-nullish-coalescing-operator
1621 silly CHANGE node_modules/@babel/plugin-syntax-logical-assignment-operators
1622 silly CHANGE node_modules/@babel/plugin-syntax-jsx
1623 silly CHANGE node_modules/@babel/plugin-syntax-json-strings
1624 silly CHANGE node_modules/@babel/plugin-syntax-import-meta
1625 silly CHANGE node_modules/@babel/plugin-syntax-import-attributes
1626 silly CHANGE node_modules/@babel/plugin-syntax-class-static-block
1627 silly CHANGE node_modules/@babel/plugin-syntax-class-properties
1628 silly CHANGE node_modules/@babel/plugin-syntax-bigint
1629 silly CHANGE node_modules/@babel/plugin-syntax-async-generators
1630 silly CHANGE node_modules/@babel/parser
1631 silly CHANGE node_modules/@babel/helpers
1632 silly CHANGE node_modules/@babel/helper-validator-option
1633 silly CHANGE node_modules/@babel/helper-validator-identifier
1634 silly CHANGE node_modules/@babel/helper-string-parser
1635 silly CHANGE node_modules/@babel/helper-plugin-utils
1636 silly CHANGE node_modules/@babel/helper-module-transforms
1637 silly CHANGE node_modules/@babel/helper-module-imports
1638 silly CHANGE node_modules/@babel/helper-globals
1639 silly CHANGE node_modules/@babel/helper-compilation-targets
1640 silly CHANGE node_modules/@babel/generator
1641 silly CHANGE node_modules/@babel/core
1642 silly CHANGE node_modules/@babel/core/node_modules/ms
1643 silly CHANGE node_modules/@babel/core/node_modules/debug
1644 silly CHANGE node_modules/@babel/compat-data
1645 silly CHANGE node_modules/@babel/code-frame
1646 silly CHANGE node_modules/yocto-queue
1647 silly CHANGE node_modules/yargs-parser
1648 silly CHANGE node_modules/yargs
1649 silly CHANGE node_modules/yallist
1650 silly CHANGE node_modules/y18n
1651 silly CHANGE node_modules/write-file-atomic
1652 silly CHANGE node_modules/wrappy
1653 silly CHANGE node_modules/wrap-ansi
1654 silly CHANGE node_modules/which
1655 silly CHANGE node_modules/walker
1656 silly CHANGE node_modules/vary
1657 silly CHANGE node_modules/v8-to-istanbul
1658 silly CHANGE node_modules/utils-merge
1659 silly CHANGE node_modules/update-browserslist-db
1660 silly CHANGE node_modules/unpipe
1661 silly CHANGE node_modules/undici-types
1662 silly CHANGE node_modules/undefsafe
1663 silly CHANGE node_modules/type-is
1664 silly CHANGE node_modules/type-fest
1665 silly CHANGE node_modules/type-detect
1666 silly CHANGE node_modules/touch
1667 silly CHANGE node_modules/toidentifier
1668 silly CHANGE node_modules/to-regex-range
1669 silly CHANGE node_modules/tmpl
1670 silly CHANGE node_modules/test-exclude
1671 silly CHANGE node_modules/supports-preserve-symlinks-flag
1672 silly CHANGE node_modules/supports-color
1673 silly CHANGE node_modules/supertest
1674 silly CHANGE node_modules/superagent
1675 silly CHANGE node_modules/superagent/node_modules/semver
1676 silly CHANGE node_modules/superagent/node_modules/ms
1677 silly CHANGE node_modules/superagent/node_modules/debug
1678 silly CHANGE node_modules/superagent/node_modules/mime
1679 silly CHANGE node_modules/strip-json-comments
1680 silly CHANGE node_modules/strip-final-newline
1681 silly CHANGE node_modules/strip-bom
1682 silly CHANGE node_modules/strip-ansi
1683 silly CHANGE node_modules/string-width
1684 silly CHANGE node_modules/string-length
1685 silly CHANGE node_modules/statuses
1686 silly CHANGE node_modules/stack-utils
1687 silly CHANGE node_modules/sprintf-js
1688 silly CHANGE node_modules/source-map-support
1689 silly CHANGE node_modules/source-map
1690 silly CHANGE node_modules/slash
1691 silly CHANGE node_modules/sisteransi
1692 silly CHANGE node_modules/simple-update-notifier
1693 silly CHANGE node_modules/simple-update-notifier/node_modules/semver
1694 silly CHANGE node_modules/signal-exit
1695 silly CHANGE node_modules/side-channel-weakmap
1696 silly CHANGE node_modules/side-channel-map
1697 silly CHANGE node_modules/side-channel-list
1698 silly CHANGE node_modules/side-channel
1699 silly CHANGE node_modules/shebang-regex
1700 silly CHANGE node_modules/shebang-command
1701 silly CHANGE node_modules/setprototypeof
1702 silly CHANGE node_modules/serve-static
1703 silly CHANGE node_modules/send
1704 silly CHANGE node_modules/send/node_modules/ms
1705 silly CHANGE node_modules/semver
1706 silly CHANGE node_modules/safer-buffer
1707 silly CHANGE node_modules/safe-buffer
1708 silly CHANGE node_modules/resolve.exports
1709 silly CHANGE node_modules/resolve-from
1710 silly CHANGE node_modules/resolve-cwd
1711 silly CHANGE node_modules/resolve
1712 silly CHANGE node_modules/require-directory
1713 silly CHANGE node_modules/readdirp
1714 silly CHANGE node_modules/react-is
1715 silly CHANGE node_modules/raw-body
1716 silly CHANGE node_modules/range-parser
1717 silly CHANGE node_modules/qs
1718 silly CHANGE node_modules/pure-rand
1719 silly CHANGE node_modules/pstree.remy
1720 silly CHANGE node_modules/proxy-addr
1721 silly CHANGE node_modules/prompts
1722 silly CHANGE node_modules/pretty-format
1723 silly CHANGE node_modules/pretty-format/node_modules/ansi-styles
1724 silly CHANGE node_modules/pkg-dir
1725 silly CHANGE node_modules/pirates
1726 silly CHANGE node_modules/picomatch
1727 silly CHANGE node_modules/picocolors
1728 silly CHANGE node_modules/path-to-regexp
1729 silly CHANGE node_modules/path-is-absolute
1730 silly CHANGE node_modules/path-parse
1731 silly CHANGE node_modules/path-key
1732 silly CHANGE node_modules/path-exists
1733 silly CHANGE node_modules/parseurl
1734 silly CHANGE node_modules/p-limit
1735 silly CHANGE node_modules/parse-json
1736 silly CHANGE node_modules/p-try
1737 silly CHANGE node_modules/p-locate
1738 silly CHANGE node_modules/p-locate/node_modules/p-limit
1739 silly CHANGE node_modules/onetime
1740 silly CHANGE node_modules/once
1741 silly CHANGE node_modules/on-finished
1742 silly CHANGE node_modules/on-headers
1743 silly CHANGE node_modules/node-int64
1744 silly CHANGE node_modules/object-inspect
1745 silly CHANGE node_modules/object-assign
1746 silly CHANGE node_modules/npm-run-path
1747 silly CHANGE node_modules/normalize-path
1748 silly CHANGE node_modules/nodemon
1749 silly CHANGE node_modules/nodemon/node_modules/supports-color
1750 silly CHANGE node_modules/nodemon/node_modules/semver
1751 silly CHANGE node_modules/nodemon/node_modules/ms
1752 silly CHANGE node_modules/nodemon/node_modules/minimatch
1753 silly CHANGE node_modules/nodemon/node_modules/has-flag
1754 silly CHANGE node_modules/nodemon/node_modules/debug
1755 silly CHANGE node_modules/nodemon/node_modules/brace-expansion
1756 silly CHANGE node_modules/nodemon/node_modules/balanced-match
1757 silly CHANGE node_modules/node-releases
1758 silly CHANGE node_modules/negotiator
1759 silly CHANGE node_modules/natural-compare
1760 silly CHANGE node_modules/ms
1761 silly CHANGE node_modules/morgan
1762 silly CHANGE node_modules/morgan/node_modules/on-finished
1763 silly CHANGE node_modules/minimatch
1764 silly CHANGE node_modules/mimic-fn
1765 silly CHANGE node_modules/mime-types
1766 silly CHANGE node_modules/mime-db
1767 silly CHANGE node_modules/mime
1768 silly CHANGE node_modules/micromatch
1769 silly CHANGE node_modules/methods
1770 silly CHANGE node_modules/merge-stream
1771 silly CHANGE node_modules/merge-descriptors
1772 silly CHANGE node_modules/media-typer
1773 silly CHANGE node_modules/math-intrinsics
1774 silly CHANGE node_modules/makeerror
1775 silly CHANGE node_modules/make-dir
1776 silly CHANGE node_modules/make-dir/node_modules/semver
1777 silly CHANGE node_modules/lru-cache
1778 silly CHANGE node_modules/locate-path
1779 silly CHANGE node_modules/lines-and-columns
1780 silly CHANGE node_modules/leven
1781 silly CHANGE node_modules/kleur
1782 silly CHANGE node_modules/json5
1783 silly CHANGE node_modules/json-parse-even-better-errors
1784 silly CHANGE node_modules/jsesc
1785 silly CHANGE node_modules/js-yaml
1786 silly CHANGE node_modules/js-tokens
1787 silly CHANGE node_modules/jest-worker
1788 silly CHANGE node_modules/jest-worker/node_modules/supports-color
1789 silly CHANGE node_modules/jest-watcher
1790 silly CHANGE node_modules/jest-validate
1791 silly CHANGE node_modules/jest-validate/node_modules/camelcase
1792 silly CHANGE node_modules/jest-util
1793 silly CHANGE node_modules/jest-snapshot
1794 silly CHANGE node_modules/jest-snapshot/node_modules/semver
1795 silly CHANGE node_modules/jest-runtime
1796 silly CHANGE node_modules/jest-runner
1797 silly CHANGE node_modules/jest-runner/node_modules/jest-environment-node
1798 silly CHANGE node_modules/jest-resolve-dependencies
1799 silly CHANGE node_modules/jest-resolve
1800 silly CHANGE node_modules/jest-regex-util
1801 silly CHANGE node_modules/jest-pnp-resolver
1802 silly CHANGE node_modules/jest-mock
1803 silly CHANGE node_modules/jest-message-util
1804 silly CHANGE node_modules/jest-matcher-utils
1805 silly CHANGE node_modules/jest-leak-detector
1806 silly CHANGE node_modules/jest-haste-map
1807 silly CHANGE node_modules/jest-get-type
1808 silly CHANGE node_modules/jest-environment-node
1809 silly CHANGE node_modules/jest-each
1810 silly CHANGE node_modules/jest-docblock
1811 silly CHANGE node_modules/jest-diff
1812 silly CHANGE node_modules/jest-config
1813 silly CHANGE node_modules/jest-config/node_modules/jest-environment-node
1814 silly CHANGE node_modules/jest-cli
1815 silly CHANGE node_modules/jest-circus
1816 silly CHANGE node_modules/jest-changed-files
1817 silly CHANGE node_modules/jest
1818 silly CHANGE node_modules/istanbul-reports
1819 silly CHANGE node_modules/istanbul-lib-source-maps
1820 silly CHANGE node_modules/istanbul-lib-source-maps/node_modules/ms
1821 silly CHANGE node_modules/istanbul-lib-source-maps/node_modules/debug
1822 silly CHANGE node_modules/istanbul-lib-report
1823 silly CHANGE node_modules/istanbul-lib-instrument
1824 silly CHANGE node_modules/istanbul-lib-instrument/node_modules/semver
1825 silly CHANGE node_modules/istanbul-lib-coverage
1826 silly CHANGE node_modules/isexe
1827 silly CHANGE node_modules/is-stream
1828 silly CHANGE node_modules/is-number
1829 silly CHANGE node_modules/is-glob
1830 silly CHANGE node_modules/is-generator-fn
1831 silly CHANGE node_modules/import-local
1832 silly CHANGE node_modules/is-fullwidth-code-point
1833 silly CHANGE node_modules/is-extglob
1834 silly CHANGE node_modules/is-core-module
1835 silly CHANGE node_modules/is-binary-path
1836 silly CHANGE node_modules/is-arrayish
1837 silly CHANGE node_modules/ipaddr.js
1838 silly CHANGE node_modules/inherits
1839 silly CHANGE node_modules/inflight
1840 silly CHANGE node_modules/imurmurhash
1841 silly CHANGE node_modules/ignore-by-default
1842 silly CHANGE node_modules/iconv-lite
1843 silly CHANGE node_modules/human-signals
1844 silly CHANGE node_modules/http-errors
1845 silly CHANGE node_modules/html-escaper
1846 silly CHANGE node_modules/hasown
1847 silly CHANGE node_modules/has-tostringtag
1848 silly CHANGE node_modules/has-symbols
1849 silly CHANGE node_modules/has-flag
1850 silly CHANGE node_modules/graceful-fs
1851 silly CHANGE node_modules/gopd
1852 silly CHANGE node_modules/glob-parent
1853 silly CHANGE node_modules/glob
1854 silly CHANGE node_modules/get-stream
1855 silly CHANGE node_modules/get-proto
1856 silly CHANGE node_modules/get-package-type
1857 silly CHANGE node_modules/get-intrinsic
1858 silly CHANGE node_modules/get-caller-file
1859 silly CHANGE node_modules/gensync
1860 silly CHANGE node_modules/function-bind
1861 silly CHANGE node_modules/fsevents
1862 silly CHANGE node_modules/fs.realpath
1863 silly CHANGE node_modules/fresh
1864 silly CHANGE node_modules/forwarded
1865 silly CHANGE node_modules/formidable
1866 silly CHANGE node_modules/form-data
1867 silly CHANGE node_modules/find-up
1868 silly CHANGE node_modules/finalhandler
1869 silly CHANGE node_modules/fill-range
1870 silly CHANGE node_modules/fb-watchman
1871 silly CHANGE node_modules/fast-safe-stringify
1872 silly CHANGE node_modules/fast-json-stable-stringify
1873 silly CHANGE node_modules/express
1874 silly CHANGE node_modules/expect
1875 silly CHANGE node_modules/exit
1876 silly CHANGE node_modules/execa
1877 silly CHANGE node_modules/etag
1878 silly CHANGE node_modules/esprima
1879 silly CHANGE node_modules/escape-string-regexp
1880 silly CHANGE node_modules/escape-html
1881 silly CHANGE node_modules/escalade
1882 silly CHANGE node_modules/es-set-tostringtag
1883 silly CHANGE node_modules/es-object-atoms
1884 silly CHANGE node_modules/es-errors
1885 silly CHANGE node_modules/es-define-property
1886 silly CHANGE node_modules/error-ex
1887 silly CHANGE node_modules/encodeurl
1888 silly CHANGE node_modules/emoji-regex
1889 silly CHANGE node_modules/emittery
1890 silly CHANGE node_modules/electron-to-chromium
1891 silly CHANGE node_modules/ee-first
1892 silly CHANGE node_modules/dunder-proto
1893 silly CHANGE node_modules/dotenv
1894 silly CHANGE node_modules/diff-sequences
1895 silly CHANGE node_modules/dezalgo
1896 silly CHANGE node_modules/detect-newline
1897 silly CHANGE node_modules/destroy
1898 silly CHANGE node_modules/depd
1899 silly CHANGE node_modules/delayed-stream
1900 silly CHANGE node_modules/deepmerge
1901 silly CHANGE node_modules/dedent
1902 silly CHANGE node_modules/debug
1903 silly CHANGE node_modules/cross-spawn
1904 silly CHANGE node_modules/create-jest
1905 silly CHANGE node_modules/cors
1906 silly CHANGE node_modules/cookiejar
1907 silly CHANGE node_modules/cookie-signature
1908 silly CHANGE node_modules/cookie
1909 silly CHANGE node_modules/convert-source-map
1910 silly CHANGE node_modules/content-type
1911 silly CHANGE node_modules/content-disposition
1912 silly CHANGE node_modules/concat-map
1913 silly CHANGE node_modules/component-emitter
1914 silly CHANGE node_modules/combined-stream
1915 silly CHANGE node_modules/color-name
1916 silly CHANGE node_modules/color-convert
1917 silly CHANGE node_modules/collect-v8-coverage
1918 silly CHANGE node_modules/co
1919 silly CHANGE node_modules/cliui
1920 silly CHANGE node_modules/cjs-module-lexer
1921 silly CHANGE node_modules/ci-info
1922 silly CHANGE node_modules/chokidar
1923 silly CHANGE node_modules/char-regex
1924 silly CHANGE node_modules/chalk
1925 silly CHANGE node_modules/caniuse-lite
1926 silly CHANGE node_modules/camelcase
1927 silly CHANGE node_modules/callsites
1928 silly CHANGE node_modules/call-bound
1929 silly CHANGE node_modules/call-bind-apply-helpers
1930 silly CHANGE node_modules/bytes
1931 silly CHANGE node_modules/buffer-from
1932 silly CHANGE node_modules/bser
1933 silly CHANGE node_modules/browserslist
1934 silly CHANGE node_modules/braces
1935 silly CHANGE node_modules/brace-expansion
1936 silly CHANGE node_modules/body-parser
1937 silly CHANGE node_modules/binary-extensions
1938 silly CHANGE node_modules/basic-auth
1939 silly CHANGE node_modules/basic-auth/node_modules/safe-buffer
1940 silly CHANGE node_modules/baseline-browser-mapping
1941 silly CHANGE node_modules/balanced-match
1942 silly CHANGE node_modules/babel-preset-jest
1943 silly CHANGE node_modules/babel-preset-current-node-syntax
1944 silly CHANGE node_modules/babel-plugin-jest-hoist
1945 silly CHANGE node_modules/babel-plugin-istanbul
1946 silly CHANGE node_modules/babel-plugin-istanbul/node_modules/istanbul-lib-instrument
1947 silly CHANGE node_modules/babel-jest
1948 silly CHANGE node_modules/asynckit
1949 silly CHANGE node_modules/asap
1950 silly CHANGE node_modules/array-flatten
1951 silly CHANGE node_modules/argparse
1952 silly CHANGE node_modules/anymatch
1953 silly CHANGE node_modules/ansi-styles
1954 silly CHANGE node_modules/ansi-regex
1955 silly CHANGE node_modules/ansi-escapes
1956 silly CHANGE node_modules/accepts
1957 verbose cwd /Users/rashmianand/Desktop/shopsmart/server
1958 verbose os Darwin 24.6.0
1959 verbose node v25.2.0
1960 verbose npm  v11.6.2
1961 verbose exit 0
1962 info ok
