0 verbose cli /opt/homebrew/Cellar/node/25.2.0/bin/node /opt/homebrew/bin/npm
1 info using npm@11.6.2
2 info using node@v25.2.0
3 silly config load:file:/opt/homebrew/lib/node_modules/npm/npmrc
4 silly config load:file:/Users/rashmianand/Desktop/shopsmart/server/.npmrc
5 silly config load:file:/Users/rashmianand/.npmrc
6 silly config load:file:/opt/homebrew/etc/npmrc
7 verbose title npm install
8 verbose argv "install"
9 verbose logfile logs-max:10 dir:/Users/rashmianand/Desktop/shopsmart/.npm-cache-server/_logs/2026-05-02T11_22_58_076Z-
10 verbose logfile /Users/rashmianand/Desktop/shopsmart/.npm-cache-server/_logs/2026-05-02T11_22_58_076Z-debug-0.log
11 silly logfile done cleaning log files
12 silly packumentCache heap:2348810240 maxSize:587202560 maxEntrySize:293601280
13 silly idealTree buildDeps
14 silly reify moves {}
15 silly audit bulk request {
15 silly audit   '@babel/code-frame': [ '7.29.0' ],
15 silly audit   '@babel/compat-data': [ '7.29.0' ],
15 silly audit   '@babel/core': [ '7.29.0' ],
15 silly audit   debug: [ '4.4.3', '2.6.9' ],
15 silly audit   ms: [ '2.1.3', '2.0.0' ],
15 silly audit   '@babel/generator': [ '7.29.1' ],
15 silly audit   '@babel/helper-compilation-targets': [ '7.28.6' ],
15 silly audit   '@babel/helper-globals': [ '7.28.0' ],
15 silly audit   '@babel/helper-module-imports': [ '7.28.6' ],
15 silly audit   '@babel/helper-module-transforms': [ '7.28.6' ],
15 silly audit   '@babel/helper-plugin-utils': [ '7.28.6' ],
15 silly audit   '@babel/helper-string-parser': [ '7.27.1' ],
15 silly audit   '@babel/helper-validator-identifier': [ '7.28.5' ],
15 silly audit   '@babel/helper-validator-option': [ '7.27.1' ],
15 silly audit   '@babel/helpers': [ '7.29.2' ],
15 silly audit   '@babel/parser': [ '7.29.2' ],
15 silly audit   '@babel/plugin-syntax-async-generators': [ '7.8.4' ],
15 silly audit   '@babel/plugin-syntax-bigint': [ '7.8.3' ],
15 silly audit   '@babel/plugin-syntax-class-properties': [ '7.12.13' ],
15 silly audit   '@babel/plugin-syntax-class-static-block': [ '7.14.5' ],
15 silly audit   '@babel/plugin-syntax-import-attributes': [ '7.28.6' ],
15 silly audit   '@babel/plugin-syntax-import-meta': [ '7.10.4' ],
15 silly audit   '@babel/plugin-syntax-json-strings': [ '7.8.3' ],
15 silly audit   '@babel/plugin-syntax-jsx': [ '7.28.6' ],
15 silly audit   '@babel/plugin-syntax-logical-assignment-operators': [ '7.10.4' ],
15 silly audit   '@babel/plugin-syntax-nullish-coalescing-operator': [ '7.8.3' ],
15 silly audit   '@babel/plugin-syntax-numeric-separator': [ '7.10.4' ],
15 silly audit   '@babel/plugin-syntax-object-rest-spread': [ '7.8.3' ],
15 silly audit   '@babel/plugin-syntax-optional-catch-binding': [ '7.8.3' ],
15 silly audit   '@babel/plugin-syntax-optional-chaining': [ '7.8.3' ],
15 silly audit   '@babel/plugin-syntax-private-property-in-object': [ '7.14.5' ],
15 silly audit   '@babel/plugin-syntax-top-level-await': [ '7.14.5' ],
15 silly audit   '@babel/plugin-syntax-typescript': [ '7.28.6' ],
15 silly audit   '@babel/template': [ '7.28.6' ],
15 silly audit   '@babel/traverse': [ '7.29.0' ],
15 silly audit   '@babel/types': [ '7.29.0' ],
15 silly audit   '@bcoe/v8-coverage': [ '0.2.3' ],
15 silly audit   '@istanbuljs/load-nyc-config': [ '1.1.0' ],
15 silly audit   '@istanbuljs/schema': [ '0.1.3' ],
15 silly audit   '@jest/console': [ '29.7.0' ],
15 silly audit   '@jest/core': [ '29.7.0' ],
15 silly audit   '@jest/environment': [ '29.7.0' ],
15 silly audit   '@jest/expect': [ '29.7.0' ],
15 silly audit   '@jest/expect-utils': [ '29.7.0' ],
15 silly audit   '@jest/fake-timers': [ '29.7.0' ],
15 silly audit   '@jest/globals': [ '29.7.0' ],
15 silly audit   '@jest/reporters': [ '29.7.0' ],
15 silly audit   '@jest/schemas': [ '29.6.3' ],
15 silly audit   '@jest/source-map': [ '29.6.3' ],
15 silly audit   '@jest/test-result': [ '29.7.0' ],
15 silly audit   '@jest/test-sequencer': [ '29.7.0' ],
15 silly audit   '@jest/transform': [ '29.7.0' ],
15 silly audit   '@jest/types': [ '29.6.3' ],
15 silly audit   '@jridgewell/gen-mapping': [ '0.3.13' ],
15 silly audit   '@jridgewell/remapping': [ '2.3.5' ],
15 silly audit   '@jridgewell/resolve-uri': [ '3.1.2' ],
15 silly audit   '@jridgewell/sourcemap-codec': [ '1.5.5' ],
15 silly audit   '@jridgewell/trace-mapping': [ '0.3.31' ],
15 silly audit   '@noble/hashes': [ '1.8.0' ],
15 silly audit   '@paralleldrive/cuid2': [ '2.3.1' ],
15 silly audit   '@sinclair/typebox': [ '0.27.10' ],
15 silly audit   '@sinonjs/commons': [ '3.0.1' ],
15 silly audit   '@sinonjs/fake-timers': [ '10.3.0' ],
15 silly audit   '@types/babel__core': [ '7.20.5' ],
15 silly audit   '@types/babel__generator': [ '7.27.0' ],
15 silly audit   '@types/babel__template': [ '7.4.4' ],
15 silly audit   '@types/babel__traverse': [ '7.28.0' ],
15 silly audit   '@types/graceful-fs': [ '4.1.9' ],
15 silly audit   '@types/istanbul-lib-coverage': [ '2.0.6' ],
15 silly audit   '@types/istanbul-lib-report': [ '3.0.3' ],
15 silly audit   '@types/istanbul-reports': [ '3.0.4' ],
15 silly audit   '@types/node': [ '25.5.0' ],
15 silly audit   '@types/stack-utils': [ '2.0.3' ],
15 silly audit   '@types/yargs': [ '17.0.35' ],
15 silly audit   '@types/yargs-parser': [ '21.0.3' ],
15 silly audit   accepts: [ '1.3.8' ],
15 silly audit   'ansi-escapes': [ '4.3.2' ],
15 silly audit   'ansi-regex': [ '5.0.1' ],
15 silly audit   'ansi-styles': [ '4.3.0', '5.2.0' ],
15 silly audit   anymatch: [ '3.1.3' ],
15 silly audit   argparse: [ '1.0.10' ],
15 silly audit   'array-flatten': [ '1.1.1' ],
15 silly audit   asap: [ '2.0.6' ],
15 silly audit   asynckit: [ '0.4.0' ],
15 silly audit   'babel-jest': [ '29.7.0' ],
15 silly audit   'babel-plugin-istanbul': [ '6.1.1' ],
15 silly audit   'istanbul-lib-instrument': [ '5.2.1', '6.0.3' ],
15 silly audit   'babel-plugin-jest-hoist': [ '29.6.3' ],
15 silly audit   'babel-preset-current-node-syntax': [ '1.2.0' ],
15 silly audit   'babel-preset-jest': [ '29.6.3' ],
15 silly audit   'balanced-match': [ '1.0.2', '4.0.4' ],
15 silly audit   'baseline-browser-mapping': [ '2.10.8' ],
15 silly audit   'basic-auth': [ '2.0.1' ],
15 silly audit   'safe-buffer': [ '5.1.2', '5.2.1' ],
15 silly audit   'binary-extensions': [ '2.3.0' ],
15 silly audit   'body-parser': [ '1.20.4' ],
15 silly audit   'brace-expansion': [ '1.1.12', '5.0.4' ],
15 silly audit   braces: [ '3.0.3' ],
15 silly audit   browserslist: [ '4.28.1' ],
15 silly audit   bser: [ '2.1.1' ],
15 silly audit   'buffer-from': [ '1.1.2' ],
15 silly audit   bytes: [ '3.1.2' ],
15 silly audit   'call-bind-apply-helpers': [ '1.0.2' ],
15 silly audit   'call-bound': [ '1.0.4' ],
15 silly audit   callsites: [ '3.1.0' ],
15 silly audit   camelcase: [ '5.3.1', '6.3.0' ],
15 silly audit   'caniuse-lite': [ '1.0.30001780' ],
15 silly audit   chalk: [ '4.1.2' ],
15 silly audit   'char-regex': [ '1.0.2' ],
15 silly audit   chokidar: [ '3.6.0' ],
15 silly audit   'ci-info': [ '3.9.0' ],
15 silly audit   'cjs-module-lexer': [ '1.4.3' ],
15 silly audit   cliui: [ '8.0.1' ],
15 silly audit   co: [ '4.6.0' ],
15 silly audit   'collect-v8-coverage': [ '1.0.3' ],
15 silly audit   'color-convert': [ '2.0.1' ],
15 silly audit   'color-name': [ '1.1.4' ],
15 silly audit   'combined-stream': [ '1.0.8' ],
15 silly audit   'component-emitter': [ '1.3.1' ],
15 silly audit   'concat-map': [ '0.0.1' ],
15 silly audit   'content-disposition': [ '0.5.4' ],
15 silly audit   'content-type': [ '1.0.5' ],
15 silly audit   'convert-source-map': [ '2.0.0' ],
15 silly audit   cookie: [ '0.7.2' ],
15 silly audit   'cookie-signature': [ '1.0.7' ],
15 silly audit   cookiejar: [ '2.1.4' ],
15 silly audit   cors: [ '2.8.6' ],
15 silly audit   'create-jest': [ '29.7.0' ],
15 silly audit   'cross-spawn': [ '7.0.6' ],
15 silly audit   dedent: [ '1.7.2' ],
15 silly audit   deepmerge: [ '4.3.1' ],
15 silly audit   'delayed-stream': [ '1.0.0' ],
15 silly audit   depd: [ '2.0.0' ],
15 silly audit   destroy: [ '1.2.0' ],
15 silly audit   'detect-newline': [ '3.1.0' ],
15 silly audit   dezalgo: [ '1.0.4' ],
15 silly audit   'diff-sequences': [ '29.6.3' ],
15 silly audit   dotenv: [ '16.6.1' ],
15 silly audit   'dunder-proto': [ '1.0.1' ],
15 silly audit   'ee-first': [ '1.1.1' ],
15 silly audit   'electron-to-chromium': [ '1.5.321' ],
15 silly audit   emittery: [ '0.13.1' ],
15 silly audit   'emoji-regex': [ '8.0.0' ],
15 silly audit   encodeurl: [ '2.0.0' ],
15 silly audit   'error-ex': [ '1.3.4' ],
15 silly audit   'es-define-property': [ '1.0.1' ],
15 silly audit   'es-errors': [ '1.3.0' ],
15 silly audit   'es-object-atoms': [ '1.1.1' ],
15 silly audit   'es-set-tostringtag': [ '2.1.0' ],
15 silly audit   escalade: [ '3.2.0' ],
15 silly audit   'escape-html': [ '1.0.3' ],
15 silly audit   'escape-string-regexp': [ '2.0.0' ],
15 silly audit   esprima: [ '4.0.1' ],
15 silly audit   etag: [ '1.8.1' ],
15 silly audit   execa: [ '5.1.1' ],
15 silly audit   exit: [ '0.1.2' ],
15 silly audit   expect: [ '29.7.0' ],
15 silly audit   express: [ '4.22.1' ],
15 silly audit   'fast-json-stable-stringify': [ '2.1.0' ],
15 silly audit   'fast-safe-stringify': [ '2.1.1' ],
15 silly audit   'fb-watchman': [ '2.0.2' ],
15 silly audit   'fill-range': [ '7.1.1' ],
15 silly audit   finalhandler: [ '1.3.2' ],
15 silly audit   'find-up': [ '4.1.0' ],
15 silly audit   'form-data': [ '4.0.5' ],
15 silly audit   formidable: [ '2.1.5' ],
15 silly audit   forwarded: [ '0.2.0' ],
15 silly audit   fresh: [ '0.5.2' ],
15 silly audit   'fs.realpath': [ '1.0.0' ],
15 silly audit   fsevents: [ '2.3.3' ],
15 silly audit   'function-bind': [ '1.1.2' ],
15 silly audit   gensync: [ '1.0.0-beta.2' ],
15 silly audit   'get-caller-file': [ '2.0.5' ],
15 silly audit   'get-intrinsic': [ '1.3.0' ],
15 silly audit   'get-package-type': [ '0.1.0' ],
15 silly audit   'get-proto': [ '1.0.1' ],
15 silly audit   'get-stream': [ '6.0.1' ],
15 silly audit   glob: [ '7.2.3' ],
15 silly audit   'glob-parent': [ '5.1.2' ],
15 silly audit   gopd: [ '1.2.0' ],
15 silly audit   'graceful-fs': [ '4.2.11' ],
15 silly audit   'has-flag': [ '4.0.0', '3.0.0' ],
15 silly audit   'has-symbols': [ '1.1.0' ],
15 silly audit   'has-tostringtag': [ '1.0.2' ],
15 silly audit   hasown: [ '2.0.2' ],
15 silly audit   'html-escaper': [ '2.0.2' ],
15 silly audit   'http-errors': [ '2.0.1' ],
15 silly audit   'human-signals': [ '2.1.0' ],
15 silly audit   'iconv-lite': [ '0.4.24' ],
15 silly audit   'ignore-by-default': [ '1.0.1' ],
15 silly audit   'import-local': [ '3.2.0' ],
15 silly audit   imurmurhash: [ '0.1.4' ],
15 silly audit   inflight: [ '1.0.6' ],
15 silly audit   inherits: [ '2.0.4' ],
15 silly audit   'ipaddr.js': [ '1.9.1' ],
15 silly audit   'is-arrayish': [ '0.2.1' ],
15 silly audit   'is-binary-path': [ '2.1.0' ],
15 silly audit   'is-core-module': [ '2.16.1' ],
15 silly audit   'is-extglob': [ '2.1.1' ],
15 silly audit   'is-fullwidth-code-point': [ '3.0.0' ],
15 silly audit   'is-generator-fn': [ '2.1.0' ],
15 silly audit   'is-glob': [ '4.0.3' ],
15 silly audit   'is-number': [ '7.0.0' ],
15 silly audit   'is-stream': [ '2.0.1' ],
15 silly audit   isexe: [ '2.0.0' ],
15 silly audit   'istanbul-lib-coverage': [ '3.2.2' ],
15 silly audit   semver: [ '7.7.4', '6.3.1' ],
15 silly audit   'istanbul-lib-report': [ '3.0.1' ],
15 silly audit   'istanbul-lib-source-maps': [ '4.0.1' ],
15 silly audit   'istanbul-reports': [ '3.2.0' ],
15 silly audit   jest: [ '29.7.0' ],
15 silly audit   'jest-changed-files': [ '29.7.0' ],
15 silly audit   'jest-circus': [ '29.7.0' ],
15 silly audit   'jest-cli': [ '29.7.0' ],
15 silly audit   'jest-config': [ '29.7.0' ],
15 silly audit   'jest-environment-node': [ '29.7.0', '29.6.4' ],
15 silly audit   'jest-diff': [ '29.7.0' ],
15 silly audit   'jest-docblock': [ '29.7.0' ],
15 silly audit   'jest-each': [ '29.7.0' ],
15 silly audit   'jest-get-type': [ '29.6.3' ],
15 silly audit   'jest-haste-map': [ '29.7.0' ],
15 silly audit   'jest-leak-detector': [ '29.7.0' ],
15 silly audit   'jest-matcher-utils': [ '29.7.0' ],
15 silly audit   'jest-message-util': [ '29.7.0' ],
15 silly audit   'jest-mock': [ '29.7.0' ],
15 silly audit   'jest-pnp-resolver': [ '1.2.3' ],
15 silly audit   'jest-regex-util': [ '29.6.3' ],
15 silly audit   'jest-resolve': [ '29.7.0' ],
15 silly audit   'jest-resolve-dependencies': [ '29.7.0' ],
15 silly audit   'jest-runner': [ '29.7.0' ],
15 silly audit   'jest-runtime': [ '29.7.0' ],
15 silly audit   'jest-snapshot': [ '29.7.0' ],
15 silly audit   'jest-util': [ '29.7.0' ],
15 silly audit   'jest-validate': [ '29.7.0' ],
15 silly audit   'jest-watcher': [ '29.7.0' ],
15 silly audit   'jest-worker': [ '29.7.0' ],
15 silly audit   'supports-color': [ '8.1.1', '5.5.0', '7.2.0' ],
15 silly audit   'js-tokens': [ '4.0.0' ],
15 silly audit   'js-yaml': [ '3.14.2' ],
15 silly audit   jsesc: [ '3.1.0' ],
15 silly audit   'json-parse-even-better-errors': [ '2.3.1' ],
15 silly audit   json5: [ '2.2.3' ],
15 silly audit   kleur: [ '3.0.3' ],
15 silly audit   leven: [ '3.1.0' ],
15 silly audit   'lines-and-columns': [ '1.2.4' ],
15 silly audit   'locate-path': [ '5.0.0' ],
15 silly audit   'lru-cache': [ '5.1.1' ],
15 silly audit   'make-dir': [ '4.0.0' ],
15 silly audit   makeerror: [ '1.0.12' ],
15 silly audit   'math-intrinsics': [ '1.1.0' ],
15 silly audit   'media-typer': [ '0.3.0' ],
15 silly audit   'merge-descriptors': [ '1.0.3' ],
15 silly audit   'merge-stream': [ '2.0.0' ],
15 silly audit   methods: [ '1.1.2' ],
15 silly audit   micromatch: [ '4.0.8' ],
15 silly audit   mime: [ '1.6.0', '2.6.0' ],
15 silly audit   'mime-db': [ '1.52.0' ],
15 silly audit   'mime-types': [ '2.1.35' ],
15 silly audit   'mimic-fn': [ '2.1.0' ],
15 silly audit   minimatch: [ '3.1.5', '10.2.4' ],
15 silly audit   morgan: [ '1.10.1' ],
15 silly audit   'on-finished': [ '2.3.0', '2.4.1' ],
15 silly audit   'natural-compare': [ '1.4.0' ],
15 silly audit   negotiator: [ '0.6.3' ],
15 silly audit   'node-int64': [ '0.4.0' ],
15 silly audit   'node-releases': [ '2.0.36' ],
15 silly audit   nodemon: [ '3.1.14' ],
15 silly audit   'normalize-path': [ '3.0.0' ],
15 silly audit   'npm-run-path': [ '4.0.1' ],
15 silly audit   'object-assign': [ '4.1.1' ],
15 silly audit   'object-inspect': [ '1.13.4' ],
15 silly audit   'on-headers': [ '1.1.0' ],
15 silly audit   once: [ '1.4.0' ],
15 silly audit   onetime: [ '5.1.2' ],
15 silly audit   'p-limit': [ '3.1.0', '2.3.0' ],
15 silly audit   'p-locate': [ '4.1.0' ],
15 silly audit   'p-try': [ '2.2.0' ],
15 silly audit   'parse-json': [ '5.2.0' ],
15 silly audit   parseurl: [ '1.3.3' ],
15 silly audit   'path-exists': [ '4.0.0' ],
15 silly audit   'path-is-absolute': [ '1.0.1' ],
15 silly audit   'path-key': [ '3.1.1' ],
15 silly audit   'path-parse': [ '1.0.7' ],
15 silly audit   'path-to-regexp': [ '0.1.12' ],
15 silly audit   picocolors: [ '1.1.1' ],
15 silly audit   picomatch: [ '2.3.1' ],
15 silly audit   pirates: [ '4.0.7' ],
15 silly audit   'pkg-dir': [ '4.2.0' ],
15 silly audit   'pretty-format': [ '29.7.0' ],
15 silly audit   prompts: [ '2.4.2' ],
15 silly audit   'proxy-addr': [ '2.0.7' ],
15 silly audit   'pstree.remy': [ '1.1.8' ],
15 silly audit   'pure-rand': [ '6.1.0' ],
15 silly audit   qs: [ '6.14.2' ],
15 silly audit   'range-parser': [ '1.2.1' ],
15 silly audit   'raw-body': [ '2.5.3' ],
15 silly audit   'react-is': [ '18.3.1' ],
15 silly audit   readdirp: [ '3.6.0' ],
15 silly audit   'require-directory': [ '2.1.1' ],
15 silly audit   resolve: [ '1.22.11' ],
15 silly audit   'resolve-cwd': [ '3.0.0' ],
15 silly audit   'resolve-from': [ '5.0.0' ],
15 silly audit   'resolve.exports': [ '2.0.3' ],
15 silly audit   'safer-buffer': [ '2.1.2' ],
15 silly audit   send: [ '0.19.2' ],
15 silly audit   'serve-static': [ '1.16.3' ],
15 silly audit   setprototypeof: [ '1.2.0' ],
15 silly audit   'shebang-command': [ '2.0.0' ],
15 silly audit   'shebang-regex': [ '3.0.0' ],
15 silly audit   'side-channel': [ '1.1.0' ],
15 silly audit   'side-channel-list': [ '1.0.0' ],
15 silly audit   'side-channel-map': [ '1.0.1' ],
15 silly audit   'side-channel-weakmap': [ '1.0.2' ],
15 silly audit   'signal-exit': [ '3.0.7' ],
15 silly audit   'simple-update-notifier': [ '2.0.0' ],
15 silly audit   sisteransi: [ '1.0.5' ],
15 silly audit   slash: [ '3.0.0' ],
15 silly audit   'source-map': [ '0.6.1' ],
15 silly audit   'source-map-support': [ '0.5.13' ],
15 silly audit   'sprintf-js': [ '1.0.3' ],
15 silly audit   'stack-utils': [ '2.0.6' ],
15 silly audit   statuses: [ '2.0.2' ],
15 silly audit   'string-length': [ '4.0.2' ],
15 silly audit   'string-width': [ '4.2.3' ],
15 silly audit   'strip-ansi': [ '6.0.1' ],
15 silly audit   'strip-bom': [ '4.0.0' ],
15 silly audit   'strip-final-newline': [ '2.0.0' ],
15 silly audit   'strip-json-comments': [ '3.1.1' ],
15 silly audit   superagent: [ '8.1.2' ],
15 silly audit   supertest: [ '6.3.4' ],
15 silly audit   'supports-preserve-symlinks-flag': [ '1.0.0' ],
15 silly audit   'test-exclude': [ '6.0.0' ],
15 silly audit   tmpl: [ '1.0.5' ],
15 silly audit   'to-regex-range': [ '5.0.1' ],
15 silly audit   toidentifier: [ '1.0.1' ],
15 silly audit   touch: [ '3.1.1' ],
15 silly audit   'type-detect': [ '4.0.8' ],
15 silly audit   'type-fest': [ '0.21.3' ],
15 silly audit   'type-is': [ '1.6.18' ],
15 silly audit   undefsafe: [ '2.0.5' ],
15 silly audit   'undici-types': [ '7.18.2' ],
15 silly audit   unpipe: [ '1.0.0' ],
15 silly audit   'update-browserslist-db': [ '1.2.3' ],
15 silly audit   'utils-merge': [ '1.0.1' ],
15 silly audit   'v8-to-istanbul': [ '9.3.0' ],
15 silly audit   vary: [ '1.1.2' ],
15 silly audit   walker: [ '1.0.8' ],
15 silly audit   which: [ '2.0.2' ],
15 silly audit   'wrap-ansi': [ '7.0.0' ],
15 silly audit   wrappy: [ '1.0.2' ],
15 silly audit   'write-file-atomic': [ '4.0.2' ],
15 silly audit   y18n: [ '5.0.8' ],
15 silly audit   yallist: [ '3.1.1' ],
15 silly audit   yargs: [ '17.7.2' ],
15 silly audit   'yargs-parser': [ '21.1.1' ],
15 silly audit   'yocto-queue': [ '0.1.0' ]
15 silly audit }
16 verbose audit error FetchError: request to https://registry.npmjs.org/-/npm/v1/security/advisories/bulk failed, reason: getaddrinfo ENOTFOUND registry.npmjs.org
16 verbose audit error     at ClientRequest.<anonymous> (/opt/homebrew/lib/node_modules/npm/node_modules/minipass-fetch/lib/index.js:130:14)
16 verbose audit error     at ClientRequest.emit (node:events:508:28)
16 verbose audit error     at emitErrorEvent (node:_http_client:108:11)
16 verbose audit error     at _destroy (node:_http_client:962:9)
16 verbose audit error     at onSocketNT (node:_http_client:982:5)
16 verbose audit error     at process.processTicksAndRejections (node:internal/process/task_queues:90:21) {
16 verbose audit error   code: 'ENOTFOUND',
16 verbose audit error   errno: 'ENOTFOUND',
16 verbose audit error   syscall: 'getaddrinfo',
16 verbose audit error   hostname: 'registry.npmjs.org',
16 verbose audit error   type: 'system'
16 verbose audit error }
17 silly audit error undefined
18 silly audit report null
19 http cache yocto-queue@https://registry.npmmirror.com/yocto-queue/-/yocto-queue-0.1.0.tgz 0ms (cache hit)
20 http cache yargs@https://registry.npmmirror.com/yargs/-/yargs-17.7.2.tgz 0ms (cache hit)
21 http cache yargs-parser@https://registry.npmmirror.com/yargs-parser/-/yargs-parser-21.1.1.tgz 0ms (cache hit)
22 http cache write-file-atomic@https://registry.npmmirror.com/write-file-atomic/-/write-file-atomic-4.0.2.tgz 0ms (cache hit)
23 http cache y18n@https://registry.npmmirror.com/y18n/-/y18n-5.0.8.tgz 0ms (cache hit)
24 http cache yallist@https://registry.npmmirror.com/yallist/-/yallist-3.1.1.tgz 0ms (cache hit)
25 http cache wrappy@https://registry.npmmirror.com/wrappy/-/wrappy-1.0.2.tgz 0ms (cache hit)
26 http cache wrap-ansi@https://registry.npmmirror.com/wrap-ansi/-/wrap-ansi-7.0.0.tgz 0ms (cache hit)
27 http cache which@https://registry.npmmirror.com/which/-/which-2.0.2.tgz 0ms (cache hit)
28 http cache vary@https://registry.npmmirror.com/vary/-/vary-1.1.2.tgz 0ms (cache hit)
29 http cache v8-to-istanbul@https://registry.npmmirror.com/v8-to-istanbul/-/v8-to-istanbul-9.3.0.tgz 0ms (cache hit)
30 http cache walker@https://registry.npmmirror.com/walker/-/walker-1.0.8.tgz 0ms (cache hit)
31 http cache update-browserslist-db@https://registry.npmmirror.com/update-browserslist-db/-/update-browserslist-db-1.2.3.tgz 0ms (cache hit)
32 http cache utils-merge@https://registry.npmmirror.com/utils-merge/-/utils-merge-1.0.1.tgz 0ms (cache hit)
33 http cache unpipe@https://registry.npmmirror.com/unpipe/-/unpipe-1.0.0.tgz 0ms (cache hit)
34 http cache type-is@https://registry.npmmirror.com/type-is/-/type-is-1.6.18.tgz 0ms (cache hit)
35 http cache type-fest@https://registry.npmmirror.com/type-fest/-/type-fest-0.21.3.tgz 0ms (cache hit)
36 http cache touch@https://registry.npmmirror.com/touch/-/touch-3.1.1.tgz 0ms (cache hit)
37 http cache toidentifier@https://registry.npmmirror.com/toidentifier/-/toidentifier-1.0.1.tgz 0ms (cache hit)
38 http cache undici-types@https://registry.npmmirror.com/undici-types/-/undici-types-7.18.2.tgz 0ms (cache hit)
39 http cache undefsafe@https://registry.npmmirror.com/undefsafe/-/undefsafe-2.0.5.tgz 0ms (cache hit)
40 http cache type-detect@https://registry.npmmirror.com/type-detect/-/type-detect-4.0.8.tgz 0ms (cache hit)
41 http cache test-exclude@https://registry.npmmirror.com/test-exclude/-/test-exclude-6.0.0.tgz 0ms (cache hit)
42 http cache to-regex-range@https://registry.npmmirror.com/to-regex-range/-/to-regex-range-5.0.1.tgz 0ms (cache hit)
43 http cache tmpl@https://registry.npmmirror.com/tmpl/-/tmpl-1.0.5.tgz 0ms (cache hit)
44 http cache supports-preserve-symlinks-flag@https://registry.npmmirror.com/supports-preserve-symlinks-flag/-/supports-preserve-symlinks-flag-1.0.0.tgz 0ms (cache hit)
45 http cache superagent@https://registry.npmmirror.com/superagent/-/superagent-8.1.2.tgz 0ms (cache hit)
46 http cache strip-json-comments@https://registry.npmmirror.com/strip-json-comments/-/strip-json-comments-3.1.1.tgz 0ms (cache hit)
47 http cache supports-color@https://registry.npmmirror.com/supports-color/-/supports-color-7.2.0.tgz 0ms (cache hit)
48 http cache strip-final-newline@https://registry.npmmirror.com/strip-final-newline/-/strip-final-newline-2.0.0.tgz 0ms (cache hit)
49 http cache supertest@https://registry.npmmirror.com/supertest/-/supertest-6.3.4.tgz 0ms (cache hit)
50 http cache strip-ansi@https://registry.npmmirror.com/strip-ansi/-/strip-ansi-6.0.1.tgz 0ms (cache hit)
51 http cache string-width@https://registry.npmmirror.com/string-width/-/string-width-4.2.3.tgz 0ms (cache hit)
52 http cache string-length@https://registry.npmmirror.com/string-length/-/string-length-4.0.2.tgz 0ms (cache hit)
53 http cache statuses@https://registry.npmmirror.com/statuses/-/statuses-2.0.2.tgz 0ms (cache hit)
54 http cache strip-bom@https://registry.npmmirror.com/strip-bom/-/strip-bom-4.0.0.tgz 0ms (cache hit)
55 http cache sprintf-js@https://registry.npmmirror.com/sprintf-js/-/sprintf-js-1.0.3.tgz 0ms (cache hit)
56 http cache source-map-support@https://registry.npmmirror.com/source-map-support/-/source-map-support-0.5.13.tgz 0ms (cache hit)
57 http cache stack-utils@https://registry.npmmirror.com/stack-utils/-/stack-utils-2.0.6.tgz 0ms (cache hit)
58 http cache source-map@https://registry.npmmirror.com/source-map/-/source-map-0.6.1.tgz 0ms (cache hit)
59 http cache simple-update-notifier@https://registry.npmmirror.com/simple-update-notifier/-/simple-update-notifier-2.0.0.tgz 0ms (cache hit)
60 http cache signal-exit@https://registry.npmmirror.com/signal-exit/-/signal-exit-3.0.7.tgz 0ms (cache hit)
61 http cache slash@https://registry.npmmirror.com/slash/-/slash-3.0.0.tgz 0ms (cache hit)
62 http cache sisteransi@https://registry.npmmirror.com/sisteransi/-/sisteransi-1.0.5.tgz 0ms (cache hit)
63 http cache side-channel-weakmap@https://registry.npmmirror.com/side-channel-weakmap/-/side-channel-weakmap-1.0.2.tgz 0ms (cache hit)
64 http cache side-channel-list@https://registry.npmmirror.com/side-channel-list/-/side-channel-list-1.0.0.tgz 0ms (cache hit)
65 http cache shebang-regex@https://registry.npmmirror.com/shebang-regex/-/shebang-regex-3.0.0.tgz 0ms (cache hit)
66 http cache shebang-command@https://registry.npmmirror.com/shebang-command/-/shebang-command-2.0.0.tgz 0ms (cache hit)
67 http cache side-channel@https://registry.npmmirror.com/side-channel/-/side-channel-1.1.0.tgz 0ms (cache hit)
68 http cache side-channel-map@https://registry.npmmirror.com/side-channel-map/-/side-channel-map-1.0.1.tgz 0ms (cache hit)
69 http cache setprototypeof@https://registry.npmmirror.com/setprototypeof/-/setprototypeof-1.2.0.tgz 0ms (cache hit)
70 http cache serve-static@https://registry.npmmirror.com/serve-static/-/serve-static-1.16.3.tgz 0ms (cache hit)
71 http cache semver@https://registry.npmmirror.com/semver/-/semver-6.3.1.tgz 0ms (cache hit)
72 http cache safer-buffer@https://registry.npmmirror.com/safer-buffer/-/safer-buffer-2.1.2.tgz 0ms (cache hit)
73 http cache safe-buffer@https://registry.npmmirror.com/safe-buffer/-/safe-buffer-5.2.1.tgz 0ms (cache hit)
74 http cache send@https://registry.npmmirror.com/send/-/send-0.19.2.tgz 0ms (cache hit)
75 http cache resolve.exports@https://registry.npmmirror.com/resolve.exports/-/resolve.exports-2.0.3.tgz 0ms (cache hit)
76 http cache resolve-from@https://registry.npmmirror.com/resolve-from/-/resolve-from-5.0.0.tgz 0ms (cache hit)
77 http cache resolve@https://registry.npmmirror.com/resolve/-/resolve-1.22.11.tgz 0ms (cache hit)
78 http cache resolve-cwd@https://registry.npmmirror.com/resolve-cwd/-/resolve-cwd-3.0.0.tgz 0ms (cache hit)
79 http cache readdirp@https://registry.npmmirror.com/readdirp/-/readdirp-3.6.0.tgz 0ms (cache hit)
80 http cache raw-body@https://registry.npmmirror.com/raw-body/-/raw-body-2.5.3.tgz 0ms (cache hit)
81 http cache react-is@https://registry.npmmirror.com/react-is/-/react-is-18.3.1.tgz 0ms (cache hit)
82 http cache require-directory@https://registry.npmmirror.com/require-directory/-/require-directory-2.1.1.tgz 0ms (cache hit)
83 http cache qs@https://registry.npmmirror.com/qs/-/qs-6.14.2.tgz 0ms (cache hit)
84 http cache range-parser@https://registry.npmmirror.com/range-parser/-/range-parser-1.2.1.tgz 0ms (cache hit)
85 http cache pretty-format@https://registry.npmmirror.com/pretty-format/-/pretty-format-29.7.0.tgz 0ms (cache hit)
86 http cache proxy-addr@https://registry.npmmirror.com/proxy-addr/-/proxy-addr-2.0.7.tgz 0ms (cache hit)
87 http cache pirates@https://registry.npmmirror.com/pirates/-/pirates-4.0.7.tgz 0ms (cache hit)
88 http cache pkg-dir@https://registry.npmmirror.com/pkg-dir/-/pkg-dir-4.2.0.tgz 0ms (cache hit)
89 http cache pure-rand@https://registry.npmmirror.com/pure-rand/-/pure-rand-6.1.0.tgz 0ms (cache hit)
90 http cache picocolors@https://registry.npmmirror.com/picocolors/-/picocolors-1.1.1.tgz 0ms (cache hit)
91 http cache path-is-absolute@https://registry.npmmirror.com/path-is-absolute/-/path-is-absolute-1.0.1.tgz 0ms (cache hit)
92 http cache path-exists@https://registry.npmmirror.com/path-exists/-/path-exists-4.0.0.tgz 0ms (cache hit)
93 http cache path-parse@https://registry.npmmirror.com/path-parse/-/path-parse-1.0.7.tgz 0ms (cache hit)
94 http cache path-to-regexp@https://registry.npmmirror.com/path-to-regexp/-/path-to-regexp-0.1.12.tgz 0ms (cache hit)
95 http cache path-key@https://registry.npmmirror.com/path-key/-/path-key-3.1.1.tgz 0ms (cache hit)
96 http cache parseurl@https://registry.npmmirror.com/parseurl/-/parseurl-1.3.3.tgz 0ms (cache hit)
97 http cache picomatch@https://registry.npmmirror.com/picomatch/-/picomatch-2.3.1.tgz 0ms (cache hit)
98 http cache parse-json@https://registry.npmmirror.com/parse-json/-/parse-json-5.2.0.tgz 0ms (cache hit)
99 http cache prompts@https://registry.npmmirror.com/prompts/-/prompts-2.4.2.tgz 0ms (cache hit)
100 http cache p-limit@https://registry.npmmirror.com/p-limit/-/p-limit-3.1.0.tgz 0ms (cache hit)
101 http cache pstree.remy@https://registry.npmmirror.com/pstree.remy/-/pstree.remy-1.1.8.tgz 0ms (cache hit)
102 http cache p-try@https://registry.npmmirror.com/p-try/-/p-try-2.2.0.tgz 0ms (cache hit)
103 http cache on-headers@https://registry.npmmirror.com/on-headers/-/on-headers-1.1.0.tgz 0ms (cache hit)
104 http cache once@https://registry.npmmirror.com/once/-/once-1.4.0.tgz 0ms (cache hit)
105 http cache on-finished@https://registry.npmmirror.com/on-finished/-/on-finished-2.4.1.tgz 0ms (cache hit)
106 http cache object-inspect@https://registry.npmmirror.com/object-inspect/-/object-inspect-1.13.4.tgz 0ms (cache hit)
107 http cache object-assign@https://registry.npmmirror.com/object-assign/-/object-assign-4.1.1.tgz 0ms (cache hit)
108 http cache nodemon@https://registry.npmmirror.com/nodemon/-/nodemon-3.1.14.tgz 0ms (cache hit)
109 http cache npm-run-path@https://registry.npmmirror.com/npm-run-path/-/npm-run-path-4.0.1.tgz 0ms (cache hit)
110 http cache onetime@https://registry.npmmirror.com/onetime/-/onetime-5.1.2.tgz 0ms (cache hit)
111 http cache node-releases@https://registry.npmmirror.com/node-releases/-/node-releases-2.0.36.tgz 0ms (cache hit)
112 http cache p-locate@https://registry.npmmirror.com/p-locate/-/p-locate-4.1.0.tgz 0ms (cache hit)
113 http cache negotiator@https://registry.npmmirror.com/negotiator/-/negotiator-0.6.3.tgz 0ms (cache hit)
114 http cache natural-compare@https://registry.npmmirror.com/natural-compare/-/natural-compare-1.4.0.tgz 0ms (cache hit)
115 http cache ms@https://registry.npmmirror.com/ms/-/ms-2.0.0.tgz 0ms (cache hit)
116 http cache node-int64@https://registry.npmmirror.com/node-int64/-/node-int64-0.4.0.tgz 0ms (cache hit)
117 http cache normalize-path@https://registry.npmmirror.com/normalize-path/-/normalize-path-3.0.0.tgz 0ms (cache hit)
118 http cache morgan@https://registry.npmmirror.com/morgan/-/morgan-1.10.1.tgz 0ms (cache hit)
119 http cache mime-types@https://registry.npmmirror.com/mime-types/-/mime-types-2.1.35.tgz 0ms (cache hit)
120 http cache mimic-fn@https://registry.npmmirror.com/mimic-fn/-/mimic-fn-2.1.0.tgz 0ms (cache hit)
121 http cache mime-db@https://registry.npmmirror.com/mime-db/-/mime-db-1.52.0.tgz 0ms (cache hit)
122 http cache minimatch@https://registry.npmmirror.com/minimatch/-/minimatch-3.1.5.tgz 0ms (cache hit)
123 http cache mime@https://registry.npmmirror.com/mime/-/mime-1.6.0.tgz 0ms (cache hit)
124 http cache micromatch@https://registry.npmmirror.com/micromatch/-/micromatch-4.0.8.tgz 0ms (cache hit)
125 http cache merge-stream@https://registry.npmmirror.com/merge-stream/-/merge-stream-2.0.0.tgz 0ms (cache hit)
126 http cache merge-descriptors@https://registry.npmmirror.com/merge-descriptors/-/merge-descriptors-1.0.3.tgz 0ms (cache hit)
127 http cache media-typer@https://registry.npmmirror.com/media-typer/-/media-typer-0.3.0.tgz 0ms (cache hit)
128 http cache math-intrinsics@https://registry.npmmirror.com/math-intrinsics/-/math-intrinsics-1.1.0.tgz 0ms (cache hit)
129 http cache methods@https://registry.npmmirror.com/methods/-/methods-1.1.2.tgz 0ms (cache hit)
130 http cache makeerror@https://registry.npmmirror.com/makeerror/-/makeerror-1.0.12.tgz 0ms (cache hit)
131 http cache lines-and-columns@https://registry.npmmirror.com/lines-and-columns/-/lines-and-columns-1.2.4.tgz 0ms (cache hit)
132 http cache locate-path@https://registry.npmmirror.com/locate-path/-/locate-path-5.0.0.tgz 0ms (cache hit)
133 http cache lru-cache@https://registry.npmmirror.com/lru-cache/-/lru-cache-5.1.1.tgz 0ms (cache hit)
134 http cache leven@https://registry.npmmirror.com/leven/-/leven-3.1.0.tgz 0ms (cache hit)
135 http cache kleur@https://registry.npmmirror.com/kleur/-/kleur-3.0.3.tgz 0ms (cache hit)
136 http cache json5@https://registry.npmmirror.com/json5/-/json5-2.2.3.tgz 0ms (cache hit)
137 http cache jsesc@https://registry.npmmirror.com/jsesc/-/jsesc-3.1.0.tgz 0ms (cache hit)
138 http cache json-parse-even-better-errors@https://registry.npmmirror.com/json-parse-even-better-errors/-/json-parse-even-better-errors-2.3.1.tgz 0ms (cache hit)
139 http cache make-dir@https://registry.npmmirror.com/make-dir/-/make-dir-4.0.0.tgz 0ms (cache hit)
140 http cache js-yaml@https://registry.npmmirror.com/js-yaml/-/js-yaml-3.14.2.tgz 0ms (cache hit)
141 http cache js-tokens@https://registry.npmmirror.com/js-tokens/-/js-tokens-4.0.0.tgz 0ms (cache hit)
142 http cache jest-watcher@https://registry.npmmirror.com/jest-watcher/-/jest-watcher-29.7.0.tgz 0ms (cache hit)
143 http cache jest-validate@https://registry.npmmirror.com/jest-validate/-/jest-validate-29.7.0.tgz 0ms (cache hit)
144 http cache jest-worker@https://registry.npmmirror.com/jest-worker/-/jest-worker-29.7.0.tgz 0ms (cache hit)
145 http cache jest-util@https://registry.npmmirror.com/jest-util/-/jest-util-29.7.0.tgz 0ms (cache hit)
146 http cache jest-runner@https://registry.npmmirror.com/jest-runner/-/jest-runner-29.7.0.tgz 0ms (cache hit)
147 http cache jest-snapshot@https://registry.npmmirror.com/jest-snapshot/-/jest-snapshot-29.7.0.tgz 0ms (cache hit)
148 http cache jest-resolve-dependencies@https://registry.npmmirror.com/jest-resolve-dependencies/-/jest-resolve-dependencies-29.7.0.tgz 0ms (cache hit)
149 http cache jest-regex-util@https://registry.npmmirror.com/jest-regex-util/-/jest-regex-util-29.6.3.tgz 0ms (cache hit)
150 http cache jest-runtime@https://registry.npmmirror.com/jest-runtime/-/jest-runtime-29.7.0.tgz 0ms (cache hit)
151 http cache jest-pnp-resolver@https://registry.npmmirror.com/jest-pnp-resolver/-/jest-pnp-resolver-1.2.3.tgz 0ms (cache hit)
152 http cache jest-mock@https://registry.npmmirror.com/jest-mock/-/jest-mock-29.7.0.tgz 0ms (cache hit)
153 http cache jest-message-util@https://registry.npmmirror.com/jest-message-util/-/jest-message-util-29.7.0.tgz 0ms (cache hit)
154 http cache jest-leak-detector@https://registry.npmmirror.com/jest-leak-detector/-/jest-leak-detector-29.7.0.tgz 0ms (cache hit)
155 http cache jest-matcher-utils@https://registry.npmmirror.com/jest-matcher-utils/-/jest-matcher-utils-29.7.0.tgz 0ms (cache hit)
156 http cache jest-haste-map@https://registry.npmmirror.com/jest-haste-map/-/jest-haste-map-29.7.0.tgz 0ms (cache hit)
157 http cache jest-environment-node@https://registry.npmmirror.com/jest-environment-node/-/jest-environment-node-29.6.4.tgz 0ms (cache hit)
158 http cache jest-get-type@https://registry.npmmirror.com/jest-get-type/-/jest-get-type-29.6.3.tgz 0ms (cache hit)
159 http cache jest-each@https://registry.npmmirror.com/jest-each/-/jest-each-29.7.0.tgz 0ms (cache hit)
160 http cache jest-docblock@https://registry.npmmirror.com/jest-docblock/-/jest-docblock-29.7.0.tgz 0ms (cache hit)
161 http cache jest-diff@https://registry.npmmirror.com/jest-diff/-/jest-diff-29.7.0.tgz 0ms (cache hit)
162 http cache jest-config@https://registry.npmmirror.com/jest-config/-/jest-config-29.7.0.tgz 0ms (cache hit)
163 http cache jest-cli@https://registry.npmmirror.com/jest-cli/-/jest-cli-29.7.0.tgz 0ms (cache hit)
164 http cache jest-circus@https://registry.npmmirror.com/jest-circus/-/jest-circus-29.7.0.tgz 0ms (cache hit)
165 http cache jest-changed-files@https://registry.npmmirror.com/jest-changed-files/-/jest-changed-files-29.7.0.tgz 0ms (cache hit)
166 http cache jest@https://registry.npmmirror.com/jest/-/jest-29.7.0.tgz 0ms (cache hit)
167 http cache istanbul-reports@https://registry.npmmirror.com/istanbul-reports/-/istanbul-reports-3.2.0.tgz 0ms (cache hit)
168 http cache istanbul-lib-source-maps@https://registry.npmmirror.com/istanbul-lib-source-maps/-/istanbul-lib-source-maps-4.0.1.tgz 0ms (cache hit)
169 http cache istanbul-lib-instrument@https://registry.npmmirror.com/istanbul-lib-instrument/-/istanbul-lib-instrument-6.0.3.tgz 0ms (cache hit)
170 http cache istanbul-lib-report@https://registry.npmmirror.com/istanbul-lib-report/-/istanbul-lib-report-3.0.1.tgz 0ms (cache hit)
171 http cache istanbul-lib-coverage@https://registry.npmmirror.com/istanbul-lib-coverage/-/istanbul-lib-coverage-3.2.2.tgz 0ms (cache hit)
172 http cache is-stream@https://registry.npmmirror.com/is-stream/-/is-stream-2.0.1.tgz 0ms (cache hit)
173 http cache isexe@https://registry.npmmirror.com/isexe/-/isexe-2.0.0.tgz 0ms (cache hit)
174 http cache is-number@https://registry.npmmirror.com/is-number/-/is-number-7.0.0.tgz 0ms (cache hit)
175 http cache is-glob@https://registry.npmmirror.com/is-glob/-/is-glob-4.0.3.tgz 0ms (cache hit)
176 http cache jest-resolve@https://registry.npmmirror.com/jest-resolve/-/jest-resolve-29.7.0.tgz 0ms (cache hit)
177 http cache is-fullwidth-code-point@https://registry.npmmirror.com/is-fullwidth-code-point/-/is-fullwidth-code-point-3.0.0.tgz 0ms (cache hit)
178 http cache is-core-module@https://registry.npmmirror.com/is-core-module/-/is-core-module-2.16.1.tgz 0ms (cache hit)
179 http cache is-generator-fn@https://registry.npmmirror.com/is-generator-fn/-/is-generator-fn-2.1.0.tgz 0ms (cache hit)
180 http cache is-arrayish@https://registry.npmmirror.com/is-arrayish/-/is-arrayish-0.2.1.tgz 0ms (cache hit)
181 http cache is-binary-path@https://registry.npmmirror.com/is-binary-path/-/is-binary-path-2.1.0.tgz 0ms (cache hit)
182 http cache ipaddr.js@https://registry.npmmirror.com/ipaddr.js/-/ipaddr.js-1.9.1.tgz 0ms (cache hit)
183 http cache inherits@https://registry.npmmirror.com/inherits/-/inherits-2.0.4.tgz 0ms (cache hit)
184 http cache is-extglob@https://registry.npmmirror.com/is-extglob/-/is-extglob-2.1.1.tgz 0ms (cache hit)
185 http cache imurmurhash@https://registry.npmmirror.com/imurmurhash/-/imurmurhash-0.1.4.tgz 0ms (cache hit)
186 http cache import-local@https://registry.npmmirror.com/import-local/-/import-local-3.2.0.tgz 0ms (cache hit)
187 http cache ignore-by-default@https://registry.npmmirror.com/ignore-by-default/-/ignore-by-default-1.0.1.tgz 0ms (cache hit)
188 http cache inflight@https://registry.npmmirror.com/inflight/-/inflight-1.0.6.tgz 0ms (cache hit)
189 http cache human-signals@https://registry.npmmirror.com/human-signals/-/human-signals-2.1.0.tgz 0ms (cache hit)
190 http cache http-errors@https://registry.npmmirror.com/http-errors/-/http-errors-2.0.1.tgz 0ms (cache hit)
191 http cache iconv-lite@https://registry.npmmirror.com/iconv-lite/-/iconv-lite-0.4.24.tgz 0ms (cache hit)
192 http cache html-escaper@https://registry.npmmirror.com/html-escaper/-/html-escaper-2.0.2.tgz 0ms (cache hit)
193 http cache hasown@https://registry.npmmirror.com/hasown/-/hasown-2.0.2.tgz 0ms (cache hit)
194 http cache has-tostringtag@https://registry.npmmirror.com/has-tostringtag/-/has-tostringtag-1.0.2.tgz 0ms (cache hit)
195 http cache has-symbols@https://registry.npmmirror.com/has-symbols/-/has-symbols-1.1.0.tgz 0ms (cache hit)
196 http cache has-flag@https://registry.npmmirror.com/has-flag/-/has-flag-4.0.0.tgz 0ms (cache hit)
197 http cache graceful-fs@https://registry.npmmirror.com/graceful-fs/-/graceful-fs-4.2.11.tgz 0ms (cache hit)
198 http cache gopd@https://registry.npmmirror.com/gopd/-/gopd-1.2.0.tgz 0ms (cache hit)
199 http cache get-stream@https://registry.npmmirror.com/get-stream/-/get-stream-6.0.1.tgz 0ms (cache hit)
200 http cache glob@https://registry.npmmirror.com/glob/-/glob-7.2.3.tgz 0ms (cache hit)
201 http cache glob-parent@https://registry.npmmirror.com/glob-parent/-/glob-parent-5.1.2.tgz 0ms (cache hit)
202 http cache get-proto@https://registry.npmmirror.com/get-proto/-/get-proto-1.0.1.tgz 0ms (cache hit)
203 http cache get-package-type@https://registry.npmmirror.com/get-package-type/-/get-package-type-0.1.0.tgz 0ms (cache hit)
204 http cache function-bind@https://registry.npmmirror.com/function-bind/-/function-bind-1.1.2.tgz 0ms (cache hit)
205 http cache gensync@https://registry.npmmirror.com/gensync/-/gensync-1.0.0-beta.2.tgz 0ms (cache hit)
206 http cache fsevents@https://registry.npmmirror.com/fsevents/-/fsevents-2.3.3.tgz 0ms (cache hit)
207 http cache fs.realpath@https://registry.npmmirror.com/fs.realpath/-/fs.realpath-1.0.0.tgz 0ms (cache hit)
208 http cache fresh@https://registry.npmmirror.com/fresh/-/fresh-0.5.2.tgz 0ms (cache hit)
209 http cache forwarded@https://registry.npmmirror.com/forwarded/-/forwarded-0.2.0.tgz 0ms (cache hit)
210 http cache formidable@https://registry.npmmirror.com/formidable/-/formidable-2.1.5.tgz 0ms (cache hit)
211 http cache form-data@https://registry.npmmirror.com/form-data/-/form-data-4.0.5.tgz 0ms (cache hit)
212 http cache find-up@https://registry.npmmirror.com/find-up/-/find-up-4.1.0.tgz 0ms (cache hit)
213 http cache finalhandler@https://registry.npmmirror.com/finalhandler/-/finalhandler-1.3.2.tgz 0ms (cache hit)
214 http cache get-caller-file@https://registry.npmmirror.com/get-caller-file/-/get-caller-file-2.0.5.tgz 0ms (cache hit)
215 http cache fill-range@https://registry.npmmirror.com/fill-range/-/fill-range-7.1.1.tgz 0ms (cache hit)
216 http cache fb-watchman@https://registry.npmmirror.com/fb-watchman/-/fb-watchman-2.0.2.tgz 0ms (cache hit)
217 http cache fast-safe-stringify@https://registry.npmmirror.com/fast-safe-stringify/-/fast-safe-stringify-2.1.1.tgz 0ms (cache hit)
218 http cache fast-json-stable-stringify@https://registry.npmmirror.com/fast-json-stable-stringify/-/fast-json-stable-stringify-2.1.0.tgz 0ms (cache hit)
219 http cache get-intrinsic@https://registry.npmmirror.com/get-intrinsic/-/get-intrinsic-1.3.0.tgz 0ms (cache hit)
220 http cache expect@https://registry.npmmirror.com/expect/-/expect-29.7.0.tgz 0ms (cache hit)
221 http cache exit@https://registry.npmmirror.com/exit/-/exit-0.1.2.tgz 0ms (cache hit)
222 http cache execa@https://registry.npmmirror.com/execa/-/execa-5.1.1.tgz 0ms (cache hit)
223 http cache express@https://registry.npmmirror.com/express/-/express-4.22.1.tgz 0ms (cache hit)
224 http cache etag@https://registry.npmmirror.com/etag/-/etag-1.8.1.tgz 0ms (cache hit)
225 http cache escape-string-regexp@https://registry.npmmirror.com/escape-string-regexp/-/escape-string-regexp-2.0.0.tgz 0ms (cache hit)
226 http cache escape-html@https://registry.npmmirror.com/escape-html/-/escape-html-1.0.3.tgz 0ms (cache hit)
227 http cache escalade@https://registry.npmmirror.com/escalade/-/escalade-3.2.0.tgz 0ms (cache hit)
228 http cache es-object-atoms@https://registry.npmmirror.com/es-object-atoms/-/es-object-atoms-1.1.1.tgz 0ms (cache hit)
229 http cache es-set-tostringtag@https://registry.npmmirror.com/es-set-tostringtag/-/es-set-tostringtag-2.1.0.tgz 0ms (cache hit)
230 http cache esprima@https://registry.npmmirror.com/esprima/-/esprima-4.0.1.tgz 0ms (cache hit)
231 http cache es-errors@https://registry.npmmirror.com/es-errors/-/es-errors-1.3.0.tgz 0ms (cache hit)
232 http cache error-ex@https://registry.npmmirror.com/error-ex/-/error-ex-1.3.4.tgz 0ms (cache hit)
233 http cache es-define-property@https://registry.npmmirror.com/es-define-property/-/es-define-property-1.0.1.tgz 0ms (cache hit)
234 http cache encodeurl@https://registry.npmmirror.com/encodeurl/-/encodeurl-2.0.0.tgz 0ms (cache hit)
235 http cache emoji-regex@https://registry.npmmirror.com/emoji-regex/-/emoji-regex-8.0.0.tgz 0ms (cache hit)
236 http cache ee-first@https://registry.npmmirror.com/ee-first/-/ee-first-1.1.1.tgz 0ms (cache hit)
237 http cache dunder-proto@https://registry.npmmirror.com/dunder-proto/-/dunder-proto-1.0.1.tgz 0ms (cache hit)
238 http cache dotenv@https://registry.npmmirror.com/dotenv/-/dotenv-16.6.1.tgz 0ms (cache hit)
239 http cache electron-to-chromium@https://registry.npmmirror.com/electron-to-chromium/-/electron-to-chromium-1.5.321.tgz 0ms (cache hit)
240 http cache emittery@https://registry.npmmirror.com/emittery/-/emittery-0.13.1.tgz 0ms (cache hit)
241 http cache diff-sequences@https://registry.npmmirror.com/diff-sequences/-/diff-sequences-29.6.3.tgz 0ms (cache hit)
242 http cache detect-newline@https://registry.npmmirror.com/detect-newline/-/detect-newline-3.1.0.tgz 0ms (cache hit)
243 http cache dezalgo@https://registry.npmmirror.com/dezalgo/-/dezalgo-1.0.4.tgz 0ms (cache hit)
244 http cache delayed-stream@https://registry.npmmirror.com/delayed-stream/-/delayed-stream-1.0.0.tgz 0ms (cache hit)
245 http cache deepmerge@https://registry.npmmirror.com/deepmerge/-/deepmerge-4.3.1.tgz 0ms (cache hit)
246 http cache depd@https://registry.npmmirror.com/depd/-/depd-2.0.0.tgz 0ms (cache hit)
247 http cache debug@https://registry.npmmirror.com/debug/-/debug-2.6.9.tgz 0ms (cache hit)
248 http cache cross-spawn@https://registry.npmmirror.com/cross-spawn/-/cross-spawn-7.0.6.tgz 0ms (cache hit)
249 http cache destroy@https://registry.npmmirror.com/destroy/-/destroy-1.2.0.tgz 0ms (cache hit)
250 http cache create-jest@https://registry.npmmirror.com/create-jest/-/create-jest-29.7.0.tgz 0ms (cache hit)
251 http cache cors@https://registry.npmmirror.com/cors/-/cors-2.8.6.tgz 0ms (cache hit)
252 http cache cookiejar@https://registry.npmmirror.com/cookiejar/-/cookiejar-2.1.4.tgz 0ms (cache hit)
253 http cache cookie-signature@https://registry.npmmirror.com/cookie-signature/-/cookie-signature-1.0.7.tgz 0ms (cache hit)
254 http cache convert-source-map@https://registry.npmmirror.com/convert-source-map/-/convert-source-map-2.0.0.tgz 0ms (cache hit)
255 http cache dedent@https://registry.npmmirror.com/dedent/-/dedent-1.7.2.tgz 0ms (cache hit)
256 http cache concat-map@https://registry.npmmirror.com/concat-map/-/concat-map-0.0.1.tgz 0ms (cache hit)
257 http cache cookie@https://registry.npmmirror.com/cookie/-/cookie-0.7.2.tgz 0ms (cache hit)
258 http cache component-emitter@https://registry.npmmirror.com/component-emitter/-/component-emitter-1.3.1.tgz 0ms (cache hit)
259 http cache combined-stream@https://registry.npmmirror.com/combined-stream/-/combined-stream-1.0.8.tgz 0ms (cache hit)
260 http cache color-name@https://registry.npmmirror.com/color-name/-/color-name-1.1.4.tgz 0ms (cache hit)
261 http cache color-convert@https://registry.npmmirror.com/color-convert/-/color-convert-2.0.1.tgz 0ms (cache hit)
262 http cache co@https://registry.npmmirror.com/co/-/co-4.6.0.tgz 0ms (cache hit)
263 http cache cliui@https://registry.npmmirror.com/cliui/-/cliui-8.0.1.tgz 0ms (cache hit)
264 http cache cjs-module-lexer@https://registry.npmmirror.com/cjs-module-lexer/-/cjs-module-lexer-1.4.3.tgz 0ms (cache hit)
265 http cache ci-info@https://registry.npmmirror.com/ci-info/-/ci-info-3.9.0.tgz 0ms (cache hit)
266 http cache chokidar@https://registry.npmmirror.com/chokidar/-/chokidar-3.6.0.tgz 0ms (cache hit)
267 http cache char-regex@https://registry.npmmirror.com/char-regex/-/char-regex-1.0.2.tgz 0ms (cache hit)
268 http cache content-type@https://registry.npmmirror.com/content-type/-/content-type-1.0.5.tgz 0ms (cache hit)
269 http cache chalk@https://registry.npmmirror.com/chalk/-/chalk-4.1.2.tgz 0ms (cache hit)
270 http cache camelcase@https://registry.npmmirror.com/camelcase/-/camelcase-5.3.1.tgz 0ms (cache hit)
271 http cache collect-v8-coverage@https://registry.npmmirror.com/collect-v8-coverage/-/collect-v8-coverage-1.0.3.tgz 0ms (cache hit)
272 http cache callsites@https://registry.npmmirror.com/callsites/-/callsites-3.1.0.tgz 0ms (cache hit)
273 http cache caniuse-lite@https://registry.npmmirror.com/caniuse-lite/-/caniuse-lite-1.0.30001780.tgz 0ms (cache hit)
274 http cache call-bound@https://registry.npmmirror.com/call-bound/-/call-bound-1.0.4.tgz 0ms (cache hit)
275 http cache call-bind-apply-helpers@https://registry.npmmirror.com/call-bind-apply-helpers/-/call-bind-apply-helpers-1.0.2.tgz 0ms (cache hit)
276 http cache bytes@https://registry.npmmirror.com/bytes/-/bytes-3.1.2.tgz 0ms (cache hit)
277 http cache content-disposition@https://registry.npmmirror.com/content-disposition/-/content-disposition-0.5.4.tgz 0ms (cache hit)
278 http cache bser@https://registry.npmmirror.com/bser/-/bser-2.1.1.tgz 0ms (cache hit)
279 http cache browserslist@https://registry.npmmirror.com/browserslist/-/browserslist-4.28.1.tgz 0ms (cache hit)
280 http cache braces@https://registry.npmmirror.com/braces/-/braces-3.0.3.tgz 0ms (cache hit)
281 http cache brace-expansion@https://registry.npmmirror.com/brace-expansion/-/brace-expansion-1.1.12.tgz 0ms (cache hit)
282 http cache body-parser@https://registry.npmmirror.com/body-parser/-/body-parser-1.20.4.tgz 0ms (cache hit)
283 http cache binary-extensions@https://registry.npmmirror.com/binary-extensions/-/binary-extensions-2.3.0.tgz 0ms (cache hit)
284 http cache basic-auth@https://registry.npmmirror.com/basic-auth/-/basic-auth-2.0.1.tgz 0ms (cache hit)
285 http cache buffer-from@https://registry.npmmirror.com/buffer-from/-/buffer-from-1.1.2.tgz 0ms (cache hit)
286 http cache baseline-browser-mapping@https://registry.npmmirror.com/baseline-browser-mapping/-/baseline-browser-mapping-2.10.8.tgz 0ms (cache hit)
287 http cache balanced-match@https://registry.npmmirror.com/balanced-match/-/balanced-match-1.0.2.tgz 0ms (cache hit)
288 http cache babel-preset-jest@https://registry.npmmirror.com/babel-preset-jest/-/babel-preset-jest-29.6.3.tgz 0ms (cache hit)
289 http cache babel-plugin-jest-hoist@https://registry.npmmirror.com/babel-plugin-jest-hoist/-/babel-plugin-jest-hoist-29.6.3.tgz 0ms (cache hit)
290 http cache babel-preset-current-node-syntax@https://registry.npmmirror.com/babel-preset-current-node-syntax/-/babel-preset-current-node-syntax-1.2.0.tgz 0ms (cache hit)
291 http cache babel-plugin-istanbul@https://registry.npmmirror.com/babel-plugin-istanbul/-/babel-plugin-istanbul-6.1.1.tgz 0ms (cache hit)
292 http cache babel-jest@https://registry.npmmirror.com/babel-jest/-/babel-jest-29.7.0.tgz 0ms (cache hit)
293 http cache asynckit@https://registry.npmmirror.com/asynckit/-/asynckit-0.4.0.tgz 0ms (cache hit)
294 http cache asap@https://registry.npmmirror.com/asap/-/asap-2.0.6.tgz 0ms (cache hit)
295 http cache argparse@https://registry.npmmirror.com/argparse/-/argparse-1.0.10.tgz 0ms (cache hit)
296 http cache anymatch@https://registry.npmmirror.com/anymatch/-/anymatch-3.1.3.tgz 0ms (cache hit)
297 http cache array-flatten@https://registry.npmmirror.com/array-flatten/-/array-flatten-1.1.1.tgz 0ms (cache hit)
298 http cache ansi-styles@https://registry.npmmirror.com/ansi-styles/-/ansi-styles-4.3.0.tgz 0ms (cache hit)
299 http cache ansi-regex@https://registry.npmmirror.com/ansi-regex/-/ansi-regex-5.0.1.tgz 0ms (cache hit)
300 http cache ansi-escapes@https://registry.npmmirror.com/ansi-escapes/-/ansi-escapes-4.3.2.tgz 0ms (cache hit)
301 http cache accepts@https://registry.npmmirror.com/accepts/-/accepts-1.3.8.tgz 0ms (cache hit)
302 http cache @types/yargs-parser@https://registry.npmmirror.com/@types/yargs-parser/-/yargs-parser-21.0.3.tgz 0ms (cache hit)
303 http cache @types/yargs@https://registry.npmmirror.com/@types/yargs/-/yargs-17.0.35.tgz 0ms (cache hit)
304 http cache @types/stack-utils@https://registry.npmmirror.com/@types/stack-utils/-/stack-utils-2.0.3.tgz 0ms (cache hit)
305 http cache @types/istanbul-reports@https://registry.npmmirror.com/@types/istanbul-reports/-/istanbul-reports-3.0.4.tgz 0ms (cache hit)
306 http cache @types/node@https://registry.npmmirror.com/@types/node/-/node-25.5.0.tgz 0ms (cache hit)
307 http cache @types/istanbul-lib-report@https://registry.npmmirror.com/@types/istanbul-lib-report/-/istanbul-lib-report-3.0.3.tgz 0ms (cache hit)
308 http cache @types/istanbul-lib-coverage@https://registry.npmmirror.com/@types/istanbul-lib-coverage/-/istanbul-lib-coverage-2.0.6.tgz 0ms (cache hit)
309 http cache @types/graceful-fs@https://registry.npmmirror.com/@types/graceful-fs/-/graceful-fs-4.1.9.tgz 0ms (cache hit)
310 http cache @types/babel__traverse@https://registry.npmmirror.com/@types/babel__traverse/-/babel__traverse-7.28.0.tgz 0ms (cache hit)
311 http cache @types/babel__template@https://registry.npmmirror.com/@types/babel__template/-/babel__template-7.4.4.tgz 0ms (cache hit)
312 http cache @types/babel__generator@https://registry.npmmirror.com/@types/babel__generator/-/babel__generator-7.27.0.tgz 0ms (cache hit)
313 http cache @sinonjs/fake-timers@https://registry.npmmirror.com/@sinonjs/fake-timers/-/fake-timers-10.3.0.tgz 0ms (cache hit)
314 http cache @sinonjs/commons@https://registry.npmmirror.com/@sinonjs/commons/-/commons-3.0.1.tgz 0ms (cache hit)
315 http cache @types/babel__core@https://registry.npmmirror.com/@types/babel__core/-/babel__core-7.20.5.tgz 0ms (cache hit)
316 http cache @paralleldrive/cuid2@https://registry.npmmirror.com/@paralleldrive/cuid2/-/cuid2-2.3.1.tgz 0ms (cache hit)
317 http cache @sinclair/typebox@https://registry.npmmirror.com/@sinclair/typebox/-/typebox-0.27.10.tgz 0ms (cache hit)
318 http cache @jridgewell/trace-mapping@https://registry.npmmirror.com/@jridgewell/trace-mapping/-/trace-mapping-0.3.31.tgz 0ms (cache hit)
319 http cache @jridgewell/sourcemap-codec@https://registry.npmmirror.com/@jridgewell/sourcemap-codec/-/sourcemap-codec-1.5.5.tgz 0ms (cache hit)
320 http cache @jridgewell/resolve-uri@https://registry.npmmirror.com/@jridgewell/resolve-uri/-/resolve-uri-3.1.2.tgz 0ms (cache hit)
321 http cache @jridgewell/remapping@https://registry.npmmirror.com/@jridgewell/remapping/-/remapping-2.3.5.tgz 0ms (cache hit)
322 http cache @jridgewell/gen-mapping@https://registry.npmmirror.com/@jridgewell/gen-mapping/-/gen-mapping-0.3.13.tgz 0ms (cache hit)
323 http cache @jest/types@https://registry.npmmirror.com/@jest/types/-/types-29.6.3.tgz 0ms (cache hit)
324 http cache @noble/hashes@https://registry.npmmirror.com/@noble/hashes/-/hashes-1.8.0.tgz 0ms (cache hit)
325 http cache @jest/transform@https://registry.npmmirror.com/@jest/transform/-/transform-29.7.0.tgz 0ms (cache hit)
326 http cache @jest/test-sequencer@https://registry.npmmirror.com/@jest/test-sequencer/-/test-sequencer-29.7.0.tgz 0ms (cache hit)
327 http cache @jest/source-map@https://registry.npmmirror.com/@jest/source-map/-/source-map-29.6.3.tgz 0ms (cache hit)
328 http cache @jest/test-result@https://registry.npmmirror.com/@jest/test-result/-/test-result-29.7.0.tgz 0ms (cache hit)
329 http cache @jest/schemas@https://registry.npmmirror.com/@jest/schemas/-/schemas-29.6.3.tgz 0ms (cache hit)
330 http cache @jest/reporters@https://registry.npmmirror.com/@jest/reporters/-/reporters-29.7.0.tgz 0ms (cache hit)
331 http cache @jest/globals@https://registry.npmmirror.com/@jest/globals/-/globals-29.7.0.tgz 0ms (cache hit)
332 http cache @jest/fake-timers@https://registry.npmmirror.com/@jest/fake-timers/-/fake-timers-29.7.0.tgz 0ms (cache hit)
333 http cache @jest/expect@https://registry.npmmirror.com/@jest/expect/-/expect-29.7.0.tgz 0ms (cache hit)
334 http cache @jest/environment@https://registry.npmmirror.com/@jest/environment/-/environment-29.7.0.tgz 0ms (cache hit)
335 http cache @jest/expect-utils@https://registry.npmmirror.com/@jest/expect-utils/-/expect-utils-29.7.0.tgz 0ms (cache hit)
336 http cache @jest/core@https://registry.npmmirror.com/@jest/core/-/core-29.7.0.tgz 0ms (cache hit)
337 http cache @jest/console@https://registry.npmmirror.com/@jest/console/-/console-29.7.0.tgz 0ms (cache hit)
338 http cache @istanbuljs/schema@https://registry.npmmirror.com/@istanbuljs/schema/-/schema-0.1.3.tgz 0ms (cache hit)
339 http cache @istanbuljs/load-nyc-config@https://registry.npmmirror.com/@istanbuljs/load-nyc-config/-/load-nyc-config-1.1.0.tgz 0ms (cache hit)
340 http cache @bcoe/v8-coverage@https://registry.npmmirror.com/@bcoe/v8-coverage/-/v8-coverage-0.2.3.tgz 0ms (cache hit)
341 http cache @babel/traverse@https://registry.npmmirror.com/@babel/traverse/-/traverse-7.29.0.tgz 0ms (cache hit)
342 http cache @babel/template@https://registry.npmmirror.com/@babel/template/-/template-7.28.6.tgz 0ms (cache hit)
343 http cache @babel/plugin-syntax-typescript@https://registry.npmmirror.com/@babel/plugin-syntax-typescript/-/plugin-syntax-typescript-7.28.6.tgz 0ms (cache hit)
344 http cache @babel/types@https://registry.npmmirror.com/@babel/types/-/types-7.29.0.tgz 0ms (cache hit)
345 http cache @babel/plugin-syntax-top-level-await@https://registry.npmmirror.com/@babel/plugin-syntax-top-level-await/-/plugin-syntax-top-level-await-7.14.5.tgz 0ms (cache hit)
346 http cache @babel/plugin-syntax-optional-chaining@https://registry.npmmirror.com/@babel/plugin-syntax-optional-chaining/-/plugin-syntax-optional-chaining-7.8.3.tgz 0ms (cache hit)
347 http cache @babel/plugin-syntax-private-property-in-object@https://registry.npmmirror.com/@babel/plugin-syntax-private-property-in-object/-/plugin-syntax-private-property-in-object-7.14.5.tgz 0ms (cache hit)
348 http cache @babel/plugin-syntax-object-rest-spread@https://registry.npmmirror.com/@babel/plugin-syntax-object-rest-spread/-/plugin-syntax-object-rest-spread-7.8.3.tgz 0ms (cache hit)
349 http cache @babel/plugin-syntax-numeric-separator@https://registry.npmmirror.com/@babel/plugin-syntax-numeric-separator/-/plugin-syntax-numeric-separator-7.10.4.tgz 0ms (cache hit)
350 http cache @babel/plugin-syntax-nullish-coalescing-operator@https://registry.npmmirror.com/@babel/plugin-syntax-nullish-coalescing-operator/-/plugin-syntax-nullish-coalescing-operator-7.8.3.tgz 0ms (cache hit)
351 http cache @babel/plugin-syntax-jsx@https://registry.npmmirror.com/@babel/plugin-syntax-jsx/-/plugin-syntax-jsx-7.28.6.tgz 0ms (cache hit)
352 http cache @babel/plugin-syntax-logical-assignment-operators@https://registry.npmmirror.com/@babel/plugin-syntax-logical-assignment-operators/-/plugin-syntax-logical-assignment-operators-7.10.4.tgz 0ms (cache hit)
353 http cache @babel/plugin-syntax-json-strings@https://registry.npmmirror.com/@babel/plugin-syntax-json-strings/-/plugin-syntax-json-strings-7.8.3.tgz 0ms (cache hit)
354 http cache @babel/plugin-syntax-import-meta@https://registry.npmmirror.com/@babel/plugin-syntax-import-meta/-/plugin-syntax-import-meta-7.10.4.tgz 0ms (cache hit)
355 http cache @babel/plugin-syntax-optional-catch-binding@https://registry.npmmirror.com/@babel/plugin-syntax-optional-catch-binding/-/plugin-syntax-optional-catch-binding-7.8.3.tgz 0ms (cache hit)
356 http cache @babel/plugin-syntax-class-static-block@https://registry.npmmirror.com/@babel/plugin-syntax-class-static-block/-/plugin-syntax-class-static-block-7.14.5.tgz 0ms (cache hit)
357 http cache @babel/plugin-syntax-import-attributes@https://registry.npmmirror.com/@babel/plugin-syntax-import-attributes/-/plugin-syntax-import-attributes-7.28.6.tgz 0ms (cache hit)
358 http cache @babel/plugin-syntax-bigint@https://registry.npmmirror.com/@babel/plugin-syntax-bigint/-/plugin-syntax-bigint-7.8.3.tgz 0ms (cache hit)
359 http cache @babel/helpers@https://registry.npmmirror.com/@babel/helpers/-/helpers-7.29.2.tgz 0ms (cache hit)
360 http cache @babel/parser@https://registry.npmmirror.com/@babel/parser/-/parser-7.29.2.tgz 0ms (cache hit)
361 http cache @babel/plugin-syntax-async-generators@https://registry.npmmirror.com/@babel/plugin-syntax-async-generators/-/plugin-syntax-async-generators-7.8.4.tgz 0ms (cache hit)
362 http cache @babel/helper-validator-option@https://registry.npmmirror.com/@babel/helper-validator-option/-/helper-validator-option-7.27.1.tgz 0ms (cache hit)
363 http cache @babel/helper-string-parser@https://registry.npmmirror.com/@babel/helper-string-parser/-/helper-string-parser-7.27.1.tgz 0ms (cache hit)
364 http cache @babel/helper-validator-identifier@https://registry.npmmirror.com/@babel/helper-validator-identifier/-/helper-validator-identifier-7.28.5.tgz 0ms (cache hit)
365 http cache @babel/helper-plugin-utils@https://registry.npmmirror.com/@babel/helper-plugin-utils/-/helper-plugin-utils-7.28.6.tgz 0ms (cache hit)
366 http cache @babel/helper-module-transforms@https://registry.npmmirror.com/@babel/helper-module-transforms/-/helper-module-transforms-7.28.6.tgz 0ms (cache hit)
367 http cache @babel/helper-module-imports@https://registry.npmmirror.com/@babel/helper-module-imports/-/helper-module-imports-7.28.6.tgz 0ms (cache hit)
368 http cache @babel/helper-globals@https://registry.npmmirror.com/@babel/helper-globals/-/helper-globals-7.28.0.tgz 0ms (cache hit)
369 http cache @babel/helper-compilation-targets@https://registry.npmmirror.com/@babel/helper-compilation-targets/-/helper-compilation-targets-7.28.6.tgz 0ms (cache hit)
370 http cache @babel/generator@https://registry.npmmirror.com/@babel/generator/-/generator-7.29.1.tgz 0ms (cache hit)
371 http cache @babel/core@https://registry.npmmirror.com/@babel/core/-/core-7.29.0.tgz 0ms (cache hit)
372 http cache @babel/compat-data@https://registry.npmmirror.com/@babel/compat-data/-/compat-data-7.29.0.tgz 0ms (cache hit)
373 http cache semver@https://registry.npmmirror.com/semver/-/semver-7.7.4.tgz 0ms (cache hit)
374 http cache @babel/code-frame@https://registry.npmmirror.com/@babel/code-frame/-/code-frame-7.29.0.tgz 0ms (cache hit)
375 http cache ms@https://registry.npmmirror.com/ms/-/ms-2.1.3.tgz 0ms (cache hit)
376 http cache semver@https://registry.npmmirror.com/semver/-/semver-7.7.4.tgz 0ms (cache hit)
377 http cache debug@https://registry.npmmirror.com/debug/-/debug-4.4.3.tgz 0ms (cache hit)
378 http cache ms@https://registry.npmmirror.com/ms/-/ms-2.1.3.tgz 0ms (cache hit)
379 http cache mime@https://registry.npmmirror.com/mime/-/mime-2.6.0.tgz 0ms (cache hit)
380 http cache ansi-styles@https://registry.npmmirror.com/ansi-styles/-/ansi-styles-5.2.0.tgz 0ms (cache hit)
381 http cache p-limit@https://registry.npmmirror.com/p-limit/-/p-limit-2.3.0.tgz 0ms (cache hit)
382 http cache supports-color@https://registry.npmmirror.com/supports-color/-/supports-color-5.5.0.tgz 0ms (cache hit)
383 http cache semver@https://registry.npmmirror.com/semver/-/semver-7.7.4.tgz 0ms (cache hit)
384 http cache ms@https://registry.npmmirror.com/ms/-/ms-2.1.3.tgz 0ms (cache hit)
385 http cache has-flag@https://registry.npmmirror.com/has-flag/-/has-flag-3.0.0.tgz 0ms (cache hit)
386 http cache minimatch@https://registry.npmmirror.com/minimatch/-/minimatch-10.2.4.tgz 0ms (cache hit)
387 http cache brace-expansion@https://registry.npmmirror.com/brace-expansion/-/brace-expansion-5.0.4.tgz 0ms (cache hit)
388 http cache balanced-match@https://registry.npmmirror.com/balanced-match/-/balanced-match-4.0.4.tgz 0ms (cache hit)
389 http cache @babel/plugin-syntax-class-properties@https://registry.npmmirror.com/@babel/plugin-syntax-class-properties/-/plugin-syntax-class-properties-7.12.13.tgz 0ms (cache hit)
390 http cache debug@https://registry.npmmirror.com/debug/-/debug-4.4.3.tgz 0ms (cache hit)
391 http cache on-finished@https://registry.npmmirror.com/on-finished/-/on-finished-2.3.0.tgz 0ms (cache hit)
392 http cache semver@https://registry.npmmirror.com/semver/-/semver-7.7.4.tgz 0ms (cache hit)
393 http cache supports-color@https://registry.npmmirror.com/supports-color/-/supports-color-8.1.1.tgz 0ms (cache hit)
394 http cache camelcase@https://registry.npmmirror.com/camelcase/-/camelcase-6.3.0.tgz 0ms (cache hit)
395 http cache jest-environment-node@https://registry.npmmirror.com/jest-environment-node/-/jest-environment-node-29.7.0.tgz 0ms (cache hit)
396 http cache semver@https://registry.npmmirror.com/semver/-/semver-7.7.4.tgz 0ms (cache hit)
397 http cache jest-environment-node@https://registry.npmmirror.com/jest-environment-node/-/jest-environment-node-29.7.0.tgz 0ms (cache hit)
398 http cache ms@https://registry.npmmirror.com/ms/-/ms-2.1.3.tgz 0ms (cache hit)
399 http cache safe-buffer@https://registry.npmmirror.com/safe-buffer/-/safe-buffer-5.1.2.tgz 0ms (cache hit)
400 http cache debug@https://registry.npmmirror.com/debug/-/debug-4.4.3.tgz 0ms (cache hit)
401 http cache debug@https://registry.npmmirror.com/debug/-/debug-4.4.3.tgz 0ms (cache hit)
402 http cache ms@https://registry.npmmirror.com/ms/-/ms-2.1.3.tgz 0ms (cache hit)
403 http cache istanbul-lib-instrument@https://registry.npmmirror.com/istanbul-lib-instrument/-/istanbul-lib-instrument-5.2.1.tgz 0ms (cache hit)
404 http cache debug@https://registry.npmmirror.com/debug/-/debug-4.4.3.tgz 0ms (cache hit)
405 http cache ms@https://registry.npmmirror.com/ms/-/ms-2.1.3.tgz 0ms (cache hit)
406 http cache semver@https://registry.npmmirror.com/semver/-/semver-7.7.4.tgz 0ms (cache hit)
407 silly tarball no local data for yocto-queue@https://registry.npmmirror.com/yocto-queue/-/yocto-queue-0.1.0.tgz. Extracting by manifest.
408 silly tarball no local data for yargs@https://registry.npmmirror.com/yargs/-/yargs-17.7.2.tgz. Extracting by manifest.
409 silly tarball no local data for yargs-parser@https://registry.npmmirror.com/yargs-parser/-/yargs-parser-21.1.1.tgz. Extracting by manifest.
410 silly tarball no local data for write-file-atomic@https://registry.npmmirror.com/write-file-atomic/-/write-file-atomic-4.0.2.tgz. Extracting by manifest.
411 silly tarball no local data for y18n@https://registry.npmmirror.com/y18n/-/y18n-5.0.8.tgz. Extracting by manifest.
412 silly tarball no local data for yallist@https://registry.npmmirror.com/yallist/-/yallist-3.1.1.tgz. Extracting by manifest.
413 silly tarball no local data for wrappy@https://registry.npmmirror.com/wrappy/-/wrappy-1.0.2.tgz. Extracting by manifest.
414 silly tarball no local data for wrap-ansi@https://registry.npmmirror.com/wrap-ansi/-/wrap-ansi-7.0.0.tgz. Extracting by manifest.
415 silly tarball no local data for which@https://registry.npmmirror.com/which/-/which-2.0.2.tgz. Extracting by manifest.
416 silly tarball no local data for vary@https://registry.npmmirror.com/vary/-/vary-1.1.2.tgz. Extracting by manifest.
417 silly tarball no local data for v8-to-istanbul@https://registry.npmmirror.com/v8-to-istanbul/-/v8-to-istanbul-9.3.0.tgz. Extracting by manifest.
418 silly tarball no local data for walker@https://registry.npmmirror.com/walker/-/walker-1.0.8.tgz. Extracting by manifest.
419 silly tarball no local data for update-browserslist-db@https://registry.npmmirror.com/update-browserslist-db/-/update-browserslist-db-1.2.3.tgz. Extracting by manifest.
420 silly tarball no local data for utils-merge@https://registry.npmmirror.com/utils-merge/-/utils-merge-1.0.1.tgz. Extracting by manifest.
421 silly tarball no local data for unpipe@https://registry.npmmirror.com/unpipe/-/unpipe-1.0.0.tgz. Extracting by manifest.
422 silly tarball no local data for type-is@https://registry.npmmirror.com/type-is/-/type-is-1.6.18.tgz. Extracting by manifest.
423 silly tarball no local data for type-fest@https://registry.npmmirror.com/type-fest/-/type-fest-0.21.3.tgz. Extracting by manifest.
424 silly tarball no local data for touch@https://registry.npmmirror.com/touch/-/touch-3.1.1.tgz. Extracting by manifest.
425 silly tarball no local data for toidentifier@https://registry.npmmirror.com/toidentifier/-/toidentifier-1.0.1.tgz. Extracting by manifest.
426 silly tarball no local data for undici-types@https://registry.npmmirror.com/undici-types/-/undici-types-7.18.2.tgz. Extracting by manifest.
427 silly tarball no local data for undefsafe@https://registry.npmmirror.com/undefsafe/-/undefsafe-2.0.5.tgz. Extracting by manifest.
428 silly tarball no local data for type-detect@https://registry.npmmirror.com/type-detect/-/type-detect-4.0.8.tgz. Extracting by manifest.
429 silly tarball no local data for test-exclude@https://registry.npmmirror.com/test-exclude/-/test-exclude-6.0.0.tgz. Extracting by manifest.
430 silly tarball no local data for to-regex-range@https://registry.npmmirror.com/to-regex-range/-/to-regex-range-5.0.1.tgz. Extracting by manifest.
431 silly tarball no local data for tmpl@https://registry.npmmirror.com/tmpl/-/tmpl-1.0.5.tgz. Extracting by manifest.
432 silly tarball no local data for supports-preserve-symlinks-flag@https://registry.npmmirror.com/supports-preserve-symlinks-flag/-/supports-preserve-symlinks-flag-1.0.0.tgz. Extracting by manifest.
433 silly tarball no local data for superagent@https://registry.npmmirror.com/superagent/-/superagent-8.1.2.tgz. Extracting by manifest.
434 silly tarball no local data for strip-json-comments@https://registry.npmmirror.com/strip-json-comments/-/strip-json-comments-3.1.1.tgz. Extracting by manifest.
435 silly tarball no local data for supports-color@https://registry.npmmirror.com/supports-color/-/supports-color-7.2.0.tgz. Extracting by manifest.
436 silly tarball no local data for strip-final-newline@https://registry.npmmirror.com/strip-final-newline/-/strip-final-newline-2.0.0.tgz. Extracting by manifest.
437 silly tarball no local data for supertest@https://registry.npmmirror.com/supertest/-/supertest-6.3.4.tgz. Extracting by manifest.
438 silly tarball no local data for strip-ansi@https://registry.npmmirror.com/strip-ansi/-/strip-ansi-6.0.1.tgz. Extracting by manifest.
439 silly tarball no local data for string-width@https://registry.npmmirror.com/string-width/-/string-width-4.2.3.tgz. Extracting by manifest.
440 silly tarball no local data for string-length@https://registry.npmmirror.com/string-length/-/string-length-4.0.2.tgz. Extracting by manifest.
441 silly tarball no local data for statuses@https://registry.npmmirror.com/statuses/-/statuses-2.0.2.tgz. Extracting by manifest.
442 silly tarball no local data for strip-bom@https://registry.npmmirror.com/strip-bom/-/strip-bom-4.0.0.tgz. Extracting by manifest.
443 silly tarball no local data for sprintf-js@https://registry.npmmirror.com/sprintf-js/-/sprintf-js-1.0.3.tgz. Extracting by manifest.
444 silly tarball no local data for source-map-support@https://registry.npmmirror.com/source-map-support/-/source-map-support-0.5.13.tgz. Extracting by manifest.
445 silly tarball no local data for stack-utils@https://registry.npmmirror.com/stack-utils/-/stack-utils-2.0.6.tgz. Extracting by manifest.
446 silly tarball no local data for source-map@https://registry.npmmirror.com/source-map/-/source-map-0.6.1.tgz. Extracting by manifest.
447 silly tarball no local data for simple-update-notifier@https://registry.npmmirror.com/simple-update-notifier/-/simple-update-notifier-2.0.0.tgz. Extracting by manifest.
448 silly tarball no local data for signal-exit@https://registry.npmmirror.com/signal-exit/-/signal-exit-3.0.7.tgz. Extracting by manifest.
449 silly tarball no local data for slash@https://registry.npmmirror.com/slash/-/slash-3.0.0.tgz. Extracting by manifest.
450 silly tarball no local data for sisteransi@https://registry.npmmirror.com/sisteransi/-/sisteransi-1.0.5.tgz. Extracting by manifest.
451 silly tarball no local data for side-channel-weakmap@https://registry.npmmirror.com/side-channel-weakmap/-/side-channel-weakmap-1.0.2.tgz. Extracting by manifest.
452 silly tarball no local data for side-channel-list@https://registry.npmmirror.com/side-channel-list/-/side-channel-list-1.0.0.tgz. Extracting by manifest.
453 silly tarball no local data for shebang-regex@https://registry.npmmirror.com/shebang-regex/-/shebang-regex-3.0.0.tgz. Extracting by manifest.
454 silly tarball no local data for shebang-command@https://registry.npmmirror.com/shebang-command/-/shebang-command-2.0.0.tgz. Extracting by manifest.
455 silly tarball no local data for side-channel@https://registry.npmmirror.com/side-channel/-/side-channel-1.1.0.tgz. Extracting by manifest.
456 silly tarball no local data for side-channel-map@https://registry.npmmirror.com/side-channel-map/-/side-channel-map-1.0.1.tgz. Extracting by manifest.
457 silly tarball no local data for setprototypeof@https://registry.npmmirror.com/setprototypeof/-/setprototypeof-1.2.0.tgz. Extracting by manifest.
458 silly tarball no local data for serve-static@https://registry.npmmirror.com/serve-static/-/serve-static-1.16.3.tgz. Extracting by manifest.
459 silly tarball no local data for semver@https://registry.npmmirror.com/semver/-/semver-6.3.1.tgz. Extracting by manifest.
460 silly tarball no local data for safer-buffer@https://registry.npmmirror.com/safer-buffer/-/safer-buffer-2.1.2.tgz. Extracting by manifest.
461 silly tarball no local data for safe-buffer@https://registry.npmmirror.com/safe-buffer/-/safe-buffer-5.2.1.tgz. Extracting by manifest.
462 silly tarball no local data for send@https://registry.npmmirror.com/send/-/send-0.19.2.tgz. Extracting by manifest.
463 silly tarball no local data for resolve.exports@https://registry.npmmirror.com/resolve.exports/-/resolve.exports-2.0.3.tgz. Extracting by manifest.
464 silly tarball no local data for resolve-from@https://registry.npmmirror.com/resolve-from/-/resolve-from-5.0.0.tgz. Extracting by manifest.
465 silly tarball no local data for resolve@https://registry.npmmirror.com/resolve/-/resolve-1.22.11.tgz. Extracting by manifest.
466 silly tarball no local data for resolve-cwd@https://registry.npmmirror.com/resolve-cwd/-/resolve-cwd-3.0.0.tgz. Extracting by manifest.
467 silly tarball no local data for readdirp@https://registry.npmmirror.com/readdirp/-/readdirp-3.6.0.tgz. Extracting by manifest.
468 silly tarball no local data for raw-body@https://registry.npmmirror.com/raw-body/-/raw-body-2.5.3.tgz. Extracting by manifest.
469 silly tarball no local data for react-is@https://registry.npmmirror.com/react-is/-/react-is-18.3.1.tgz. Extracting by manifest.
470 silly tarball no local data for require-directory@https://registry.npmmirror.com/require-directory/-/require-directory-2.1.1.tgz. Extracting by manifest.
471 silly tarball no local data for qs@https://registry.npmmirror.com/qs/-/qs-6.14.2.tgz. Extracting by manifest.
472 silly tarball no local data for range-parser@https://registry.npmmirror.com/range-parser/-/range-parser-1.2.1.tgz. Extracting by manifest.
473 silly tarball no local data for pretty-format@https://registry.npmmirror.com/pretty-format/-/pretty-format-29.7.0.tgz. Extracting by manifest.
474 silly tarball no local data for proxy-addr@https://registry.npmmirror.com/proxy-addr/-/proxy-addr-2.0.7.tgz. Extracting by manifest.
475 silly tarball no local data for pirates@https://registry.npmmirror.com/pirates/-/pirates-4.0.7.tgz. Extracting by manifest.
476 silly tarball no local data for pkg-dir@https://registry.npmmirror.com/pkg-dir/-/pkg-dir-4.2.0.tgz. Extracting by manifest.
477 silly tarball no local data for pure-rand@https://registry.npmmirror.com/pure-rand/-/pure-rand-6.1.0.tgz. Extracting by manifest.
478 silly tarball no local data for picocolors@https://registry.npmmirror.com/picocolors/-/picocolors-1.1.1.tgz. Extracting by manifest.
479 silly tarball no local data for path-is-absolute@https://registry.npmmirror.com/path-is-absolute/-/path-is-absolute-1.0.1.tgz. Extracting by manifest.
480 silly tarball no local data for path-exists@https://registry.npmmirror.com/path-exists/-/path-exists-4.0.0.tgz. Extracting by manifest.
481 silly tarball no local data for path-parse@https://registry.npmmirror.com/path-parse/-/path-parse-1.0.7.tgz. Extracting by manifest.
482 silly tarball no local data for path-to-regexp@https://registry.npmmirror.com/path-to-regexp/-/path-to-regexp-0.1.12.tgz. Extracting by manifest.
483 silly tarball no local data for path-key@https://registry.npmmirror.com/path-key/-/path-key-3.1.1.tgz. Extracting by manifest.
484 silly tarball no local data for parseurl@https://registry.npmmirror.com/parseurl/-/parseurl-1.3.3.tgz. Extracting by manifest.
485 silly tarball no local data for picomatch@https://registry.npmmirror.com/picomatch/-/picomatch-2.3.1.tgz. Extracting by manifest.
486 silly tarball no local data for parse-json@https://registry.npmmirror.com/parse-json/-/parse-json-5.2.0.tgz. Extracting by manifest.
487 silly tarball no local data for prompts@https://registry.npmmirror.com/prompts/-/prompts-2.4.2.tgz. Extracting by manifest.
488 silly tarball no local data for p-limit@https://registry.npmmirror.com/p-limit/-/p-limit-3.1.0.tgz. Extracting by manifest.
489 silly tarball no local data for pstree.remy@https://registry.npmmirror.com/pstree.remy/-/pstree.remy-1.1.8.tgz. Extracting by manifest.
490 silly tarball no local data for p-try@https://registry.npmmirror.com/p-try/-/p-try-2.2.0.tgz. Extracting by manifest.
491 silly tarball no local data for on-headers@https://registry.npmmirror.com/on-headers/-/on-headers-1.1.0.tgz. Extracting by manifest.
492 silly tarball no local data for once@https://registry.npmmirror.com/once/-/once-1.4.0.tgz. Extracting by manifest.
493 silly tarball no local data for on-finished@https://registry.npmmirror.com/on-finished/-/on-finished-2.4.1.tgz. Extracting by manifest.
494 silly tarball no local data for object-inspect@https://registry.npmmirror.com/object-inspect/-/object-inspect-1.13.4.tgz. Extracting by manifest.
495 silly tarball no local data for object-assign@https://registry.npmmirror.com/object-assign/-/object-assign-4.1.1.tgz. Extracting by manifest.
496 silly tarball no local data for nodemon@https://registry.npmmirror.com/nodemon/-/nodemon-3.1.14.tgz. Extracting by manifest.
497 silly tarball no local data for npm-run-path@https://registry.npmmirror.com/npm-run-path/-/npm-run-path-4.0.1.tgz. Extracting by manifest.
498 silly tarball no local data for onetime@https://registry.npmmirror.com/onetime/-/onetime-5.1.2.tgz. Extracting by manifest.
499 silly tarball no local data for node-releases@https://registry.npmmirror.com/node-releases/-/node-releases-2.0.36.tgz. Extracting by manifest.
500 silly tarball no local data for p-locate@https://registry.npmmirror.com/p-locate/-/p-locate-4.1.0.tgz. Extracting by manifest.
501 silly tarball no local data for negotiator@https://registry.npmmirror.com/negotiator/-/negotiator-0.6.3.tgz. Extracting by manifest.
502 silly tarball no local data for natural-compare@https://registry.npmmirror.com/natural-compare/-/natural-compare-1.4.0.tgz. Extracting by manifest.
503 silly tarball no local data for ms@https://registry.npmmirror.com/ms/-/ms-2.0.0.tgz. Extracting by manifest.
504 silly tarball no local data for node-int64@https://registry.npmmirror.com/node-int64/-/node-int64-0.4.0.tgz. Extracting by manifest.
505 silly tarball no local data for normalize-path@https://registry.npmmirror.com/normalize-path/-/normalize-path-3.0.0.tgz. Extracting by manifest.
506 silly tarball no local data for morgan@https://registry.npmmirror.com/morgan/-/morgan-1.10.1.tgz. Extracting by manifest.
507 silly tarball no local data for mime-types@https://registry.npmmirror.com/mime-types/-/mime-types-2.1.35.tgz. Extracting by manifest.
508 silly tarball no local data for mimic-fn@https://registry.npmmirror.com/mimic-fn/-/mimic-fn-2.1.0.tgz. Extracting by manifest.
509 silly tarball no local data for mime-db@https://registry.npmmirror.com/mime-db/-/mime-db-1.52.0.tgz. Extracting by manifest.
510 silly tarball no local data for minimatch@https://registry.npmmirror.com/minimatch/-/minimatch-3.1.5.tgz. Extracting by manifest.
511 silly tarball no local data for mime@https://registry.npmmirror.com/mime/-/mime-1.6.0.tgz. Extracting by manifest.
512 silly tarball no local data for micromatch@https://registry.npmmirror.com/micromatch/-/micromatch-4.0.8.tgz. Extracting by manifest.
513 silly tarball no local data for merge-stream@https://registry.npmmirror.com/merge-stream/-/merge-stream-2.0.0.tgz. Extracting by manifest.
514 silly tarball no local data for merge-descriptors@https://registry.npmmirror.com/merge-descriptors/-/merge-descriptors-1.0.3.tgz. Extracting by manifest.
515 silly tarball no local data for media-typer@https://registry.npmmirror.com/media-typer/-/media-typer-0.3.0.tgz. Extracting by manifest.
516 silly tarball no local data for math-intrinsics@https://registry.npmmirror.com/math-intrinsics/-/math-intrinsics-1.1.0.tgz. Extracting by manifest.
517 silly tarball no local data for methods@https://registry.npmmirror.com/methods/-/methods-1.1.2.tgz. Extracting by manifest.
518 silly tarball no local data for makeerror@https://registry.npmmirror.com/makeerror/-/makeerror-1.0.12.tgz. Extracting by manifest.
519 silly tarball no local data for lines-and-columns@https://registry.npmmirror.com/lines-and-columns/-/lines-and-columns-1.2.4.tgz. Extracting by manifest.
520 silly tarball no local data for locate-path@https://registry.npmmirror.com/locate-path/-/locate-path-5.0.0.tgz. Extracting by manifest.
521 silly tarball no local data for lru-cache@https://registry.npmmirror.com/lru-cache/-/lru-cache-5.1.1.tgz. Extracting by manifest.
522 silly tarball no local data for leven@https://registry.npmmirror.com/leven/-/leven-3.1.0.tgz. Extracting by manifest.
523 silly tarball no local data for kleur@https://registry.npmmirror.com/kleur/-/kleur-3.0.3.tgz. Extracting by manifest.
524 silly tarball no local data for json5@https://registry.npmmirror.com/json5/-/json5-2.2.3.tgz. Extracting by manifest.
525 silly tarball no local data for jsesc@https://registry.npmmirror.com/jsesc/-/jsesc-3.1.0.tgz. Extracting by manifest.
526 silly tarball no local data for json-parse-even-better-errors@https://registry.npmmirror.com/json-parse-even-better-errors/-/json-parse-even-better-errors-2.3.1.tgz. Extracting by manifest.
527 silly tarball no local data for make-dir@https://registry.npmmirror.com/make-dir/-/make-dir-4.0.0.tgz. Extracting by manifest.
528 silly tarball no local data for js-yaml@https://registry.npmmirror.com/js-yaml/-/js-yaml-3.14.2.tgz. Extracting by manifest.
529 silly tarball no local data for js-tokens@https://registry.npmmirror.com/js-tokens/-/js-tokens-4.0.0.tgz. Extracting by manifest.
530 silly tarball no local data for jest-watcher@https://registry.npmmirror.com/jest-watcher/-/jest-watcher-29.7.0.tgz. Extracting by manifest.
531 silly tarball no local data for jest-validate@https://registry.npmmirror.com/jest-validate/-/jest-validate-29.7.0.tgz. Extracting by manifest.
532 silly tarball no local data for jest-worker@https://registry.npmmirror.com/jest-worker/-/jest-worker-29.7.0.tgz. Extracting by manifest.
533 silly tarball no local data for jest-util@https://registry.npmmirror.com/jest-util/-/jest-util-29.7.0.tgz. Extracting by manifest.
534 silly tarball no local data for jest-runner@https://registry.npmmirror.com/jest-runner/-/jest-runner-29.7.0.tgz. Extracting by manifest.
535 silly tarball no local data for jest-snapshot@https://registry.npmmirror.com/jest-snapshot/-/jest-snapshot-29.7.0.tgz. Extracting by manifest.
536 silly tarball no local data for jest-resolve-dependencies@https://registry.npmmirror.com/jest-resolve-dependencies/-/jest-resolve-dependencies-29.7.0.tgz. Extracting by manifest.
537 silly tarball no local data for jest-regex-util@https://registry.npmmirror.com/jest-regex-util/-/jest-regex-util-29.6.3.tgz. Extracting by manifest.
538 silly tarball no local data for jest-runtime@https://registry.npmmirror.com/jest-runtime/-/jest-runtime-29.7.0.tgz. Extracting by manifest.
539 silly tarball no local data for jest-pnp-resolver@https://registry.npmmirror.com/jest-pnp-resolver/-/jest-pnp-resolver-1.2.3.tgz. Extracting by manifest.
540 silly tarball no local data for jest-mock@https://registry.npmmirror.com/jest-mock/-/jest-mock-29.7.0.tgz. Extracting by manifest.
541 silly tarball no local data for jest-message-util@https://registry.npmmirror.com/jest-message-util/-/jest-message-util-29.7.0.tgz. Extracting by manifest.
542 silly tarball no local data for jest-leak-detector@https://registry.npmmirror.com/jest-leak-detector/-/jest-leak-detector-29.7.0.tgz. Extracting by manifest.
543 silly tarball no local data for jest-matcher-utils@https://registry.npmmirror.com/jest-matcher-utils/-/jest-matcher-utils-29.7.0.tgz. Extracting by manifest.
544 silly tarball no local data for jest-haste-map@https://registry.npmmirror.com/jest-haste-map/-/jest-haste-map-29.7.0.tgz. Extracting by manifest.
545 silly tarball no local data for jest-environment-node@https://registry.npmmirror.com/jest-environment-node/-/jest-environment-node-29.6.4.tgz. Extracting by manifest.
546 silly tarball no local data for jest-get-type@https://registry.npmmirror.com/jest-get-type/-/jest-get-type-29.6.3.tgz. Extracting by manifest.
547 silly tarball no local data for jest-each@https://registry.npmmirror.com/jest-each/-/jest-each-29.7.0.tgz. Extracting by manifest.
548 silly tarball no local data for jest-docblock@https://registry.npmmirror.com/jest-docblock/-/jest-docblock-29.7.0.tgz. Extracting by manifest.
549 silly tarball no local data for jest-diff@https://registry.npmmirror.com/jest-diff/-/jest-diff-29.7.0.tgz. Extracting by manifest.
550 silly tarball no local data for jest-config@https://registry.npmmirror.com/jest-config/-/jest-config-29.7.0.tgz. Extracting by manifest.
551 silly tarball no local data for jest-cli@https://registry.npmmirror.com/jest-cli/-/jest-cli-29.7.0.tgz. Extracting by manifest.
552 silly tarball no local data for jest-circus@https://registry.npmmirror.com/jest-circus/-/jest-circus-29.7.0.tgz. Extracting by manifest.
553 silly tarball no local data for jest-changed-files@https://registry.npmmirror.com/jest-changed-files/-/jest-changed-files-29.7.0.tgz. Extracting by manifest.
554 silly tarball no local data for jest@https://registry.npmmirror.com/jest/-/jest-29.7.0.tgz. Extracting by manifest.
555 silly tarball no local data for istanbul-reports@https://registry.npmmirror.com/istanbul-reports/-/istanbul-reports-3.2.0.tgz. Extracting by manifest.
556 silly tarball no local data for istanbul-lib-source-maps@https://registry.npmmirror.com/istanbul-lib-source-maps/-/istanbul-lib-source-maps-4.0.1.tgz. Extracting by manifest.
557 silly tarball no local data for istanbul-lib-instrument@https://registry.npmmirror.com/istanbul-lib-instrument/-/istanbul-lib-instrument-6.0.3.tgz. Extracting by manifest.
558 silly tarball no local data for istanbul-lib-report@https://registry.npmmirror.com/istanbul-lib-report/-/istanbul-lib-report-3.0.1.tgz. Extracting by manifest.
559 silly tarball no local data for istanbul-lib-coverage@https://registry.npmmirror.com/istanbul-lib-coverage/-/istanbul-lib-coverage-3.2.2.tgz. Extracting by manifest.
560 silly tarball no local data for is-stream@https://registry.npmmirror.com/is-stream/-/is-stream-2.0.1.tgz. Extracting by manifest.
561 silly tarball no local data for isexe@https://registry.npmmirror.com/isexe/-/isexe-2.0.0.tgz. Extracting by manifest.
562 silly tarball no local data for is-number@https://registry.npmmirror.com/is-number/-/is-number-7.0.0.tgz. Extracting by manifest.
563 silly tarball no local data for is-glob@https://registry.npmmirror.com/is-glob/-/is-glob-4.0.3.tgz. Extracting by manifest.
564 silly tarball no local data for jest-resolve@https://registry.npmmirror.com/jest-resolve/-/jest-resolve-29.7.0.tgz. Extracting by manifest.
565 silly tarball no local data for is-fullwidth-code-point@https://registry.npmmirror.com/is-fullwidth-code-point/-/is-fullwidth-code-point-3.0.0.tgz. Extracting by manifest.
566 silly tarball no local data for is-core-module@https://registry.npmmirror.com/is-core-module/-/is-core-module-2.16.1.tgz. Extracting by manifest.
567 silly tarball no local data for is-generator-fn@https://registry.npmmirror.com/is-generator-fn/-/is-generator-fn-2.1.0.tgz. Extracting by manifest.
568 silly tarball no local data for is-arrayish@https://registry.npmmirror.com/is-arrayish/-/is-arrayish-0.2.1.tgz. Extracting by manifest.
569 silly tarball no local data for is-binary-path@https://registry.npmmirror.com/is-binary-path/-/is-binary-path-2.1.0.tgz. Extracting by manifest.
570 silly tarball no local data for ipaddr.js@https://registry.npmmirror.com/ipaddr.js/-/ipaddr.js-1.9.1.tgz. Extracting by manifest.
571 silly tarball no local data for inherits@https://registry.npmmirror.com/inherits/-/inherits-2.0.4.tgz. Extracting by manifest.
572 silly tarball no local data for is-extglob@https://registry.npmmirror.com/is-extglob/-/is-extglob-2.1.1.tgz. Extracting by manifest.
573 silly tarball no local data for imurmurhash@https://registry.npmmirror.com/imurmurhash/-/imurmurhash-0.1.4.tgz. Extracting by manifest.
574 silly tarball no local data for import-local@https://registry.npmmirror.com/import-local/-/import-local-3.2.0.tgz. Extracting by manifest.
575 silly tarball no local data for ignore-by-default@https://registry.npmmirror.com/ignore-by-default/-/ignore-by-default-1.0.1.tgz. Extracting by manifest.
576 silly tarball no local data for inflight@https://registry.npmmirror.com/inflight/-/inflight-1.0.6.tgz. Extracting by manifest.
577 silly tarball no local data for human-signals@https://registry.npmmirror.com/human-signals/-/human-signals-2.1.0.tgz. Extracting by manifest.
578 silly tarball no local data for http-errors@https://registry.npmmirror.com/http-errors/-/http-errors-2.0.1.tgz. Extracting by manifest.
579 silly tarball no local data for iconv-lite@https://registry.npmmirror.com/iconv-lite/-/iconv-lite-0.4.24.tgz. Extracting by manifest.
580 silly tarball no local data for html-escaper@https://registry.npmmirror.com/html-escaper/-/html-escaper-2.0.2.tgz. Extracting by manifest.
581 silly tarball no local data for hasown@https://registry.npmmirror.com/hasown/-/hasown-2.0.2.tgz. Extracting by manifest.
582 silly tarball no local data for has-tostringtag@https://registry.npmmirror.com/has-tostringtag/-/has-tostringtag-1.0.2.tgz. Extracting by manifest.
583 silly tarball no local data for has-symbols@https://registry.npmmirror.com/has-symbols/-/has-symbols-1.1.0.tgz. Extracting by manifest.
584 silly tarball no local data for has-flag@https://registry.npmmirror.com/has-flag/-/has-flag-4.0.0.tgz. Extracting by manifest.
585 silly tarball no local data for graceful-fs@https://registry.npmmirror.com/graceful-fs/-/graceful-fs-4.2.11.tgz. Extracting by manifest.
586 silly tarball no local data for gopd@https://registry.npmmirror.com/gopd/-/gopd-1.2.0.tgz. Extracting by manifest.
587 silly tarball no local data for get-stream@https://registry.npmmirror.com/get-stream/-/get-stream-6.0.1.tgz. Extracting by manifest.
588 silly tarball no local data for glob@https://registry.npmmirror.com/glob/-/glob-7.2.3.tgz. Extracting by manifest.
589 silly tarball no local data for glob-parent@https://registry.npmmirror.com/glob-parent/-/glob-parent-5.1.2.tgz. Extracting by manifest.
590 silly tarball no local data for get-proto@https://registry.npmmirror.com/get-proto/-/get-proto-1.0.1.tgz. Extracting by manifest.
591 silly tarball no local data for get-package-type@https://registry.npmmirror.com/get-package-type/-/get-package-type-0.1.0.tgz. Extracting by manifest.
592 silly tarball no local data for function-bind@https://registry.npmmirror.com/function-bind/-/function-bind-1.1.2.tgz. Extracting by manifest.
593 silly tarball no local data for gensync@https://registry.npmmirror.com/gensync/-/gensync-1.0.0-beta.2.tgz. Extracting by manifest.
594 silly tarball no local data for fsevents@https://registry.npmmirror.com/fsevents/-/fsevents-2.3.3.tgz. Extracting by manifest.
595 silly tarball no local data for fs.realpath@https://registry.npmmirror.com/fs.realpath/-/fs.realpath-1.0.0.tgz. Extracting by manifest.
596 silly tarball no local data for fresh@https://registry.npmmirror.com/fresh/-/fresh-0.5.2.tgz. Extracting by manifest.
597 silly tarball no local data for forwarded@https://registry.npmmirror.com/forwarded/-/forwarded-0.2.0.tgz. Extracting by manifest.
598 silly tarball no local data for formidable@https://registry.npmmirror.com/formidable/-/formidable-2.1.5.tgz. Extracting by manifest.
599 silly tarball no local data for form-data@https://registry.npmmirror.com/form-data/-/form-data-4.0.5.tgz. Extracting by manifest.
600 silly tarball no local data for find-up@https://registry.npmmirror.com/find-up/-/find-up-4.1.0.tgz. Extracting by manifest.
601 silly tarball no local data for finalhandler@https://registry.npmmirror.com/finalhandler/-/finalhandler-1.3.2.tgz. Extracting by manifest.
602 silly tarball no local data for get-caller-file@https://registry.npmmirror.com/get-caller-file/-/get-caller-file-2.0.5.tgz. Extracting by manifest.
603 silly tarball no local data for fill-range@https://registry.npmmirror.com/fill-range/-/fill-range-7.1.1.tgz. Extracting by manifest.
604 silly tarball no local data for fb-watchman@https://registry.npmmirror.com/fb-watchman/-/fb-watchman-2.0.2.tgz. Extracting by manifest.
605 silly tarball no local data for fast-safe-stringify@https://registry.npmmirror.com/fast-safe-stringify/-/fast-safe-stringify-2.1.1.tgz. Extracting by manifest.
606 silly tarball no local data for fast-json-stable-stringify@https://registry.npmmirror.com/fast-json-stable-stringify/-/fast-json-stable-stringify-2.1.0.tgz. Extracting by manifest.
607 silly tarball no local data for get-intrinsic@https://registry.npmmirror.com/get-intrinsic/-/get-intrinsic-1.3.0.tgz. Extracting by manifest.
608 silly tarball no local data for expect@https://registry.npmmirror.com/expect/-/expect-29.7.0.tgz. Extracting by manifest.
609 silly tarball no local data for exit@https://registry.npmmirror.com/exit/-/exit-0.1.2.tgz. Extracting by manifest.
610 silly tarball no local data for execa@https://registry.npmmirror.com/execa/-/execa-5.1.1.tgz. Extracting by manifest.
611 silly tarball no local data for express@https://registry.npmmirror.com/express/-/express-4.22.1.tgz. Extracting by manifest.
612 silly tarball no local data for etag@https://registry.npmmirror.com/etag/-/etag-1.8.1.tgz. Extracting by manifest.
613 silly tarball no local data for escape-string-regexp@https://registry.npmmirror.com/escape-string-regexp/-/escape-string-regexp-2.0.0.tgz. Extracting by manifest.
614 silly tarball no local data for escape-html@https://registry.npmmirror.com/escape-html/-/escape-html-1.0.3.tgz. Extracting by manifest.
615 silly tarball no local data for escalade@https://registry.npmmirror.com/escalade/-/escalade-3.2.0.tgz. Extracting by manifest.
616 silly tarball no local data for es-object-atoms@https://registry.npmmirror.com/es-object-atoms/-/es-object-atoms-1.1.1.tgz. Extracting by manifest.
617 silly tarball no local data for es-set-tostringtag@https://registry.npmmirror.com/es-set-tostringtag/-/es-set-tostringtag-2.1.0.tgz. Extracting by manifest.
618 silly tarball no local data for esprima@https://registry.npmmirror.com/esprima/-/esprima-4.0.1.tgz. Extracting by manifest.
619 silly tarball no local data for es-errors@https://registry.npmmirror.com/es-errors/-/es-errors-1.3.0.tgz. Extracting by manifest.
620 silly tarball no local data for error-ex@https://registry.npmmirror.com/error-ex/-/error-ex-1.3.4.tgz. Extracting by manifest.
621 silly tarball no local data for es-define-property@https://registry.npmmirror.com/es-define-property/-/es-define-property-1.0.1.tgz. Extracting by manifest.
622 silly tarball no local data for encodeurl@https://registry.npmmirror.com/encodeurl/-/encodeurl-2.0.0.tgz. Extracting by manifest.
623 silly tarball no local data for emoji-regex@https://registry.npmmirror.com/emoji-regex/-/emoji-regex-8.0.0.tgz. Extracting by manifest.
624 silly tarball no local data for ee-first@https://registry.npmmirror.com/ee-first/-/ee-first-1.1.1.tgz. Extracting by manifest.
625 silly tarball no local data for dunder-proto@https://registry.npmmirror.com/dunder-proto/-/dunder-proto-1.0.1.tgz. Extracting by manifest.
626 silly tarball no local data for dotenv@https://registry.npmmirror.com/dotenv/-/dotenv-16.6.1.tgz. Extracting by manifest.
627 silly tarball no local data for electron-to-chromium@https://registry.npmmirror.com/electron-to-chromium/-/electron-to-chromium-1.5.321.tgz. Extracting by manifest.
628 silly tarball no local data for emittery@https://registry.npmmirror.com/emittery/-/emittery-0.13.1.tgz. Extracting by manifest.
629 silly tarball no local data for diff-sequences@https://registry.npmmirror.com/diff-sequences/-/diff-sequences-29.6.3.tgz. Extracting by manifest.
630 silly tarball no local data for detect-newline@https://registry.npmmirror.com/detect-newline/-/detect-newline-3.1.0.tgz. Extracting by manifest.
631 silly tarball no local data for dezalgo@https://registry.npmmirror.com/dezalgo/-/dezalgo-1.0.4.tgz. Extracting by manifest.
632 silly tarball no local data for delayed-stream@https://registry.npmmirror.com/delayed-stream/-/delayed-stream-1.0.0.tgz. Extracting by manifest.
633 silly tarball no local data for deepmerge@https://registry.npmmirror.com/deepmerge/-/deepmerge-4.3.1.tgz. Extracting by manifest.
634 silly tarball no local data for depd@https://registry.npmmirror.com/depd/-/depd-2.0.0.tgz. Extracting by manifest.
635 silly tarball no local data for debug@https://registry.npmmirror.com/debug/-/debug-2.6.9.tgz. Extracting by manifest.
636 silly tarball no local data for cross-spawn@https://registry.npmmirror.com/cross-spawn/-/cross-spawn-7.0.6.tgz. Extracting by manifest.
637 silly tarball no local data for destroy@https://registry.npmmirror.com/destroy/-/destroy-1.2.0.tgz. Extracting by manifest.
638 silly tarball no local data for create-jest@https://registry.npmmirror.com/create-jest/-/create-jest-29.7.0.tgz. Extracting by manifest.
639 silly tarball no local data for cors@https://registry.npmmirror.com/cors/-/cors-2.8.6.tgz. Extracting by manifest.
640 silly tarball no local data for cookiejar@https://registry.npmmirror.com/cookiejar/-/cookiejar-2.1.4.tgz. Extracting by manifest.
641 silly tarball no local data for cookie-signature@https://registry.npmmirror.com/cookie-signature/-/cookie-signature-1.0.7.tgz. Extracting by manifest.
642 silly tarball no local data for convert-source-map@https://registry.npmmirror.com/convert-source-map/-/convert-source-map-2.0.0.tgz. Extracting by manifest.
643 silly tarball no local data for dedent@https://registry.npmmirror.com/dedent/-/dedent-1.7.2.tgz. Extracting by manifest.
644 silly tarball no local data for concat-map@https://registry.npmmirror.com/concat-map/-/concat-map-0.0.1.tgz. Extracting by manifest.
645 silly tarball no local data for cookie@https://registry.npmmirror.com/cookie/-/cookie-0.7.2.tgz. Extracting by manifest.
646 silly tarball no local data for component-emitter@https://registry.npmmirror.com/component-emitter/-/component-emitter-1.3.1.tgz. Extracting by manifest.
647 silly tarball no local data for combined-stream@https://registry.npmmirror.com/combined-stream/-/combined-stream-1.0.8.tgz. Extracting by manifest.
648 silly tarball no local data for color-name@https://registry.npmmirror.com/color-name/-/color-name-1.1.4.tgz. Extracting by manifest.
649 silly tarball no local data for color-convert@https://registry.npmmirror.com/color-convert/-/color-convert-2.0.1.tgz. Extracting by manifest.
650 silly tarball no local data for co@https://registry.npmmirror.com/co/-/co-4.6.0.tgz. Extracting by manifest.
651 silly tarball no local data for cliui@https://registry.npmmirror.com/cliui/-/cliui-8.0.1.tgz. Extracting by manifest.
652 silly tarball no local data for cjs-module-lexer@https://registry.npmmirror.com/cjs-module-lexer/-/cjs-module-lexer-1.4.3.tgz. Extracting by manifest.
653 silly tarball no local data for ci-info@https://registry.npmmirror.com/ci-info/-/ci-info-3.9.0.tgz. Extracting by manifest.
654 silly tarball no local data for chokidar@https://registry.npmmirror.com/chokidar/-/chokidar-3.6.0.tgz. Extracting by manifest.
655 silly tarball no local data for char-regex@https://registry.npmmirror.com/char-regex/-/char-regex-1.0.2.tgz. Extracting by manifest.
656 silly tarball no local data for content-type@https://registry.npmmirror.com/content-type/-/content-type-1.0.5.tgz. Extracting by manifest.
657 silly tarball no local data for chalk@https://registry.npmmirror.com/chalk/-/chalk-4.1.2.tgz. Extracting by manifest.
658 silly tarball no local data for camelcase@https://registry.npmmirror.com/camelcase/-/camelcase-5.3.1.tgz. Extracting by manifest.
659 silly tarball no local data for collect-v8-coverage@https://registry.npmmirror.com/collect-v8-coverage/-/collect-v8-coverage-1.0.3.tgz. Extracting by manifest.
660 silly tarball no local data for callsites@https://registry.npmmirror.com/callsites/-/callsites-3.1.0.tgz. Extracting by manifest.
661 silly tarball no local data for caniuse-lite@https://registry.npmmirror.com/caniuse-lite/-/caniuse-lite-1.0.30001780.tgz. Extracting by manifest.
662 silly tarball no local data for call-bound@https://registry.npmmirror.com/call-bound/-/call-bound-1.0.4.tgz. Extracting by manifest.
663 silly tarball no local data for call-bind-apply-helpers@https://registry.npmmirror.com/call-bind-apply-helpers/-/call-bind-apply-helpers-1.0.2.tgz. Extracting by manifest.
664 silly tarball no local data for bytes@https://registry.npmmirror.com/bytes/-/bytes-3.1.2.tgz. Extracting by manifest.
665 silly tarball no local data for content-disposition@https://registry.npmmirror.com/content-disposition/-/content-disposition-0.5.4.tgz. Extracting by manifest.
666 silly tarball no local data for bser@https://registry.npmmirror.com/bser/-/bser-2.1.1.tgz. Extracting by manifest.
667 silly tarball no local data for browserslist@https://registry.npmmirror.com/browserslist/-/browserslist-4.28.1.tgz. Extracting by manifest.
668 silly tarball no local data for braces@https://registry.npmmirror.com/braces/-/braces-3.0.3.tgz. Extracting by manifest.
669 silly tarball no local data for brace-expansion@https://registry.npmmirror.com/brace-expansion/-/brace-expansion-1.1.12.tgz. Extracting by manifest.
670 silly tarball no local data for body-parser@https://registry.npmmirror.com/body-parser/-/body-parser-1.20.4.tgz. Extracting by manifest.
671 silly tarball no local data for binary-extensions@https://registry.npmmirror.com/binary-extensions/-/binary-extensions-2.3.0.tgz. Extracting by manifest.
672 silly tarball no local data for basic-auth@https://registry.npmmirror.com/basic-auth/-/basic-auth-2.0.1.tgz. Extracting by manifest.
673 silly tarball no local data for buffer-from@https://registry.npmmirror.com/buffer-from/-/buffer-from-1.1.2.tgz. Extracting by manifest.
674 silly tarball no local data for baseline-browser-mapping@https://registry.npmmirror.com/baseline-browser-mapping/-/baseline-browser-mapping-2.10.8.tgz. Extracting by manifest.
675 silly tarball no local data for balanced-match@https://registry.npmmirror.com/balanced-match/-/balanced-match-1.0.2.tgz. Extracting by manifest.
676 silly tarball no local data for babel-preset-jest@https://registry.npmmirror.com/babel-preset-jest/-/babel-preset-jest-29.6.3.tgz. Extracting by manifest.
677 silly tarball no local data for babel-plugin-jest-hoist@https://registry.npmmirror.com/babel-plugin-jest-hoist/-/babel-plugin-jest-hoist-29.6.3.tgz. Extracting by manifest.
678 silly tarball no local data for babel-preset-current-node-syntax@https://registry.npmmirror.com/babel-preset-current-node-syntax/-/babel-preset-current-node-syntax-1.2.0.tgz. Extracting by manifest.
679 silly tarball no local data for babel-plugin-istanbul@https://registry.npmmirror.com/babel-plugin-istanbul/-/babel-plugin-istanbul-6.1.1.tgz. Extracting by manifest.
680 silly tarball no local data for babel-jest@https://registry.npmmirror.com/babel-jest/-/babel-jest-29.7.0.tgz. Extracting by manifest.
681 silly tarball no local data for asynckit@https://registry.npmmirror.com/asynckit/-/asynckit-0.4.0.tgz. Extracting by manifest.
682 silly tarball no local data for asap@https://registry.npmmirror.com/asap/-/asap-2.0.6.tgz. Extracting by manifest.
683 silly tarball no local data for argparse@https://registry.npmmirror.com/argparse/-/argparse-1.0.10.tgz. Extracting by manifest.
684 silly tarball no local data for anymatch@https://registry.npmmirror.com/anymatch/-/anymatch-3.1.3.tgz. Extracting by manifest.
685 silly tarball no local data for array-flatten@https://registry.npmmirror.com/array-flatten/-/array-flatten-1.1.1.tgz. Extracting by manifest.
686 silly tarball no local data for ansi-styles@https://registry.npmmirror.com/ansi-styles/-/ansi-styles-4.3.0.tgz. Extracting by manifest.
687 silly tarball no local data for ansi-regex@https://registry.npmmirror.com/ansi-regex/-/ansi-regex-5.0.1.tgz. Extracting by manifest.
688 silly tarball no local data for ansi-escapes@https://registry.npmmirror.com/ansi-escapes/-/ansi-escapes-4.3.2.tgz. Extracting by manifest.
689 silly tarball no local data for accepts@https://registry.npmmirror.com/accepts/-/accepts-1.3.8.tgz. Extracting by manifest.
690 silly tarball no local data for @types/yargs-parser@https://registry.npmmirror.com/@types/yargs-parser/-/yargs-parser-21.0.3.tgz. Extracting by manifest.
691 silly tarball no local data for @types/yargs@https://registry.npmmirror.com/@types/yargs/-/yargs-17.0.35.tgz. Extracting by manifest.
692 silly tarball no local data for @types/stack-utils@https://registry.npmmirror.com/@types/stack-utils/-/stack-utils-2.0.3.tgz. Extracting by manifest.
693 silly tarball no local data for @types/istanbul-reports@https://registry.npmmirror.com/@types/istanbul-reports/-/istanbul-reports-3.0.4.tgz. Extracting by manifest.
694 silly tarball no local data for @types/node@https://registry.npmmirror.com/@types/node/-/node-25.5.0.tgz. Extracting by manifest.
695 silly tarball no local data for @types/istanbul-lib-report@https://registry.npmmirror.com/@types/istanbul-lib-report/-/istanbul-lib-report-3.0.3.tgz. Extracting by manifest.
696 silly tarball no local data for @types/istanbul-lib-coverage@https://registry.npmmirror.com/@types/istanbul-lib-coverage/-/istanbul-lib-coverage-2.0.6.tgz. Extracting by manifest.
697 silly tarball no local data for @types/graceful-fs@https://registry.npmmirror.com/@types/graceful-fs/-/graceful-fs-4.1.9.tgz. Extracting by manifest.
698 silly tarball no local data for @types/babel__traverse@https://registry.npmmirror.com/@types/babel__traverse/-/babel__traverse-7.28.0.tgz. Extracting by manifest.
699 silly tarball no local data for @types/babel__template@https://registry.npmmirror.com/@types/babel__template/-/babel__template-7.4.4.tgz. Extracting by manifest.
700 silly tarball no local data for @types/babel__generator@https://registry.npmmirror.com/@types/babel__generator/-/babel__generator-7.27.0.tgz. Extracting by manifest.
701 silly tarball no local data for @sinonjs/fake-timers@https://registry.npmmirror.com/@sinonjs/fake-timers/-/fake-timers-10.3.0.tgz. Extracting by manifest.
702 silly tarball no local data for @sinonjs/commons@https://registry.npmmirror.com/@sinonjs/commons/-/commons-3.0.1.tgz. Extracting by manifest.
703 silly tarball no local data for @types/babel__core@https://registry.npmmirror.com/@types/babel__core/-/babel__core-7.20.5.tgz. Extracting by manifest.
704 silly tarball no local data for @paralleldrive/cuid2@https://registry.npmmirror.com/@paralleldrive/cuid2/-/cuid2-2.3.1.tgz. Extracting by manifest.
705 silly tarball no local data for @sinclair/typebox@https://registry.npmmirror.com/@sinclair/typebox/-/typebox-0.27.10.tgz. Extracting by manifest.
706 silly tarball no local data for @jridgewell/trace-mapping@https://registry.npmmirror.com/@jridgewell/trace-mapping/-/trace-mapping-0.3.31.tgz. Extracting by manifest.
707 silly tarball no local data for @jridgewell/sourcemap-codec@https://registry.npmmirror.com/@jridgewell/sourcemap-codec/-/sourcemap-codec-1.5.5.tgz. Extracting by manifest.
708 silly tarball no local data for @jridgewell/resolve-uri@https://registry.npmmirror.com/@jridgewell/resolve-uri/-/resolve-uri-3.1.2.tgz. Extracting by manifest.
709 silly tarball no local data for @jridgewell/remapping@https://registry.npmmirror.com/@jridgewell/remapping/-/remapping-2.3.5.tgz. Extracting by manifest.
710 silly tarball no local data for @jridgewell/gen-mapping@https://registry.npmmirror.com/@jridgewell/gen-mapping/-/gen-mapping-0.3.13.tgz. Extracting by manifest.
711 silly tarball no local data for @jest/types@https://registry.npmmirror.com/@jest/types/-/types-29.6.3.tgz. Extracting by manifest.
712 silly tarball no local data for @noble/hashes@https://registry.npmmirror.com/@noble/hashes/-/hashes-1.8.0.tgz. Extracting by manifest.
713 silly tarball no local data for @jest/transform@https://registry.npmmirror.com/@jest/transform/-/transform-29.7.0.tgz. Extracting by manifest.
714 silly tarball no local data for @jest/test-sequencer@https://registry.npmmirror.com/@jest/test-sequencer/-/test-sequencer-29.7.0.tgz. Extracting by manifest.
715 silly tarball no local data for @jest/source-map@https://registry.npmmirror.com/@jest/source-map/-/source-map-29.6.3.tgz. Extracting by manifest.
716 silly tarball no local data for @jest/test-result@https://registry.npmmirror.com/@jest/test-result/-/test-result-29.7.0.tgz. Extracting by manifest.
717 silly tarball no local data for @jest/schemas@https://registry.npmmirror.com/@jest/schemas/-/schemas-29.6.3.tgz. Extracting by manifest.
718 silly tarball no local data for @jest/reporters@https://registry.npmmirror.com/@jest/reporters/-/reporters-29.7.0.tgz. Extracting by manifest.
719 silly tarball no local data for @jest/globals@https://registry.npmmirror.com/@jest/globals/-/globals-29.7.0.tgz. Extracting by manifest.
720 silly tarball no local data for @jest/fake-timers@https://registry.npmmirror.com/@jest/fake-timers/-/fake-timers-29.7.0.tgz. Extracting by manifest.
721 silly tarball no local data for @jest/expect@https://registry.npmmirror.com/@jest/expect/-/expect-29.7.0.tgz. Extracting by manifest.
722 silly tarball no local data for @jest/environment@https://registry.npmmirror.com/@jest/environment/-/environment-29.7.0.tgz. Extracting by manifest.
723 silly tarball no local data for @jest/expect-utils@https://registry.npmmirror.com/@jest/expect-utils/-/expect-utils-29.7.0.tgz. Extracting by manifest.
724 silly tarball no local data for @jest/core@https://registry.npmmirror.com/@jest/core/-/core-29.7.0.tgz. Extracting by manifest.
725 silly tarball no local data for @jest/console@https://registry.npmmirror.com/@jest/console/-/console-29.7.0.tgz. Extracting by manifest.
726 silly tarball no local data for @istanbuljs/schema@https://registry.npmmirror.com/@istanbuljs/schema/-/schema-0.1.3.tgz. Extracting by manifest.
727 silly tarball no local data for @istanbuljs/load-nyc-config@https://registry.npmmirror.com/@istanbuljs/load-nyc-config/-/load-nyc-config-1.1.0.tgz. Extracting by manifest.
728 silly tarball no local data for @bcoe/v8-coverage@https://registry.npmmirror.com/@bcoe/v8-coverage/-/v8-coverage-0.2.3.tgz. Extracting by manifest.
729 silly tarball no local data for @babel/traverse@https://registry.npmmirror.com/@babel/traverse/-/traverse-7.29.0.tgz. Extracting by manifest.
730 silly tarball no local data for @babel/template@https://registry.npmmirror.com/@babel/template/-/template-7.28.6.tgz. Extracting by manifest.
731 silly tarball no local data for @babel/plugin-syntax-typescript@https://registry.npmmirror.com/@babel/plugin-syntax-typescript/-/plugin-syntax-typescript-7.28.6.tgz. Extracting by manifest.
732 silly tarball no local data for @babel/types@https://registry.npmmirror.com/@babel/types/-/types-7.29.0.tgz. Extracting by manifest.
733 silly tarball no local data for @babel/plugin-syntax-top-level-await@https://registry.npmmirror.com/@babel/plugin-syntax-top-level-await/-/plugin-syntax-top-level-await-7.14.5.tgz. Extracting by manifest.
734 silly tarball no local data for @babel/plugin-syntax-optional-chaining@https://registry.npmmirror.com/@babel/plugin-syntax-optional-chaining/-/plugin-syntax-optional-chaining-7.8.3.tgz. Extracting by manifest.
735 silly tarball no local data for @babel/plugin-syntax-private-property-in-object@https://registry.npmmirror.com/@babel/plugin-syntax-private-property-in-object/-/plugin-syntax-private-property-in-object-7.14.5.tgz. Extracting by manifest.
736 silly tarball no local data for @babel/plugin-syntax-object-rest-spread@https://registry.npmmirror.com/@babel/plugin-syntax-object-rest-spread/-/plugin-syntax-object-rest-spread-7.8.3.tgz. Extracting by manifest.
737 silly tarball no local data for @babel/plugin-syntax-numeric-separator@https://registry.npmmirror.com/@babel/plugin-syntax-numeric-separator/-/plugin-syntax-numeric-separator-7.10.4.tgz. Extracting by manifest.
738 silly tarball no local data for @babel/plugin-syntax-nullish-coalescing-operator@https://registry.npmmirror.com/@babel/plugin-syntax-nullish-coalescing-operator/-/plugin-syntax-nullish-coalescing-operator-7.8.3.tgz. Extracting by manifest.
739 silly tarball no local data for @babel/plugin-syntax-jsx@https://registry.npmmirror.com/@babel/plugin-syntax-jsx/-/plugin-syntax-jsx-7.28.6.tgz. Extracting by manifest.
740 silly tarball no local data for @babel/plugin-syntax-logical-assignment-operators@https://registry.npmmirror.com/@babel/plugin-syntax-logical-assignment-operators/-/plugin-syntax-logical-assignment-operators-7.10.4.tgz. Extracting by manifest.
741 silly tarball no local data for @babel/plugin-syntax-json-strings@https://registry.npmmirror.com/@babel/plugin-syntax-json-strings/-/plugin-syntax-json-strings-7.8.3.tgz. Extracting by manifest.
742 silly tarball no local data for @babel/plugin-syntax-import-meta@https://registry.npmmirror.com/@babel/plugin-syntax-import-meta/-/plugin-syntax-import-meta-7.10.4.tgz. Extracting by manifest.
743 silly tarball no local data for @babel/plugin-syntax-optional-catch-binding@https://registry.npmmirror.com/@babel/plugin-syntax-optional-catch-binding/-/plugin-syntax-optional-catch-binding-7.8.3.tgz. Extracting by manifest.
744 silly tarball no local data for @babel/plugin-syntax-class-static-block@https://registry.npmmirror.com/@babel/plugin-syntax-class-static-block/-/plugin-syntax-class-static-block-7.14.5.tgz. Extracting by manifest.
745 silly tarball no local data for @babel/plugin-syntax-import-attributes@https://registry.npmmirror.com/@babel/plugin-syntax-import-attributes/-/plugin-syntax-import-attributes-7.28.6.tgz. Extracting by manifest.
746 silly tarball no local data for @babel/plugin-syntax-bigint@https://registry.npmmirror.com/@babel/plugin-syntax-bigint/-/plugin-syntax-bigint-7.8.3.tgz. Extracting by manifest.
747 silly tarball no local data for @babel/helpers@https://registry.npmmirror.com/@babel/helpers/-/helpers-7.29.2.tgz. Extracting by manifest.
748 silly tarball no local data for @babel/parser@https://registry.npmmirror.com/@babel/parser/-/parser-7.29.2.tgz. Extracting by manifest.
749 silly tarball no local data for @babel/plugin-syntax-async-generators@https://registry.npmmirror.com/@babel/plugin-syntax-async-generators/-/plugin-syntax-async-generators-7.8.4.tgz. Extracting by manifest.
750 silly tarball no local data for @babel/helper-validator-option@https://registry.npmmirror.com/@babel/helper-validator-option/-/helper-validator-option-7.27.1.tgz. Extracting by manifest.
751 silly tarball no local data for @babel/helper-string-parser@https://registry.npmmirror.com/@babel/helper-string-parser/-/helper-string-parser-7.27.1.tgz. Extracting by manifest.
752 silly tarball no local data for @babel/helper-validator-identifier@https://registry.npmmirror.com/@babel/helper-validator-identifier/-/helper-validator-identifier-7.28.5.tgz. Extracting by manifest.
753 silly tarball no local data for @babel/helper-plugin-utils@https://registry.npmmirror.com/@babel/helper-plugin-utils/-/helper-plugin-utils-7.28.6.tgz. Extracting by manifest.
754 silly tarball no local data for @babel/helper-module-transforms@https://registry.npmmirror.com/@babel/helper-module-transforms/-/helper-module-transforms-7.28.6.tgz. Extracting by manifest.
755 silly tarball no local data for @babel/helper-module-imports@https://registry.npmmirror.com/@babel/helper-module-imports/-/helper-module-imports-7.28.6.tgz. Extracting by manifest.
756 silly tarball no local data for @babel/helper-globals@https://registry.npmmirror.com/@babel/helper-globals/-/helper-globals-7.28.0.tgz. Extracting by manifest.
757 silly tarball no local data for @babel/helper-compilation-targets@https://registry.npmmirror.com/@babel/helper-compilation-targets/-/helper-compilation-targets-7.28.6.tgz. Extracting by manifest.
758 silly tarball no local data for @babel/generator@https://registry.npmmirror.com/@babel/generator/-/generator-7.29.1.tgz. Extracting by manifest.
759 silly tarball no local data for @babel/core@https://registry.npmmirror.com/@babel/core/-/core-7.29.0.tgz. Extracting by manifest.
760 silly tarball no local data for @babel/compat-data@https://registry.npmmirror.com/@babel/compat-data/-/compat-data-7.29.0.tgz. Extracting by manifest.
761 silly tarball no local data for semver@https://registry.npmmirror.com/semver/-/semver-7.7.4.tgz. Extracting by manifest.
762 silly tarball no local data for @babel/code-frame@https://registry.npmmirror.com/@babel/code-frame/-/code-frame-7.29.0.tgz. Extracting by manifest.
763 silly tarball no local data for ms@https://registry.npmmirror.com/ms/-/ms-2.1.3.tgz. Extracting by manifest.
764 silly tarball no local data for semver@https://registry.npmmirror.com/semver/-/semver-7.7.4.tgz. Extracting by manifest.
765 silly tarball no local data for debug@https://registry.npmmirror.com/debug/-/debug-4.4.3.tgz. Extracting by manifest.
766 silly tarball no local data for ms@https://registry.npmmirror.com/ms/-/ms-2.1.3.tgz. Extracting by manifest.
767 silly tarball no local data for mime@https://registry.npmmirror.com/mime/-/mime-2.6.0.tgz. Extracting by manifest.
768 silly tarball no local data for ansi-styles@https://registry.npmmirror.com/ansi-styles/-/ansi-styles-5.2.0.tgz. Extracting by manifest.
769 silly tarball no local data for p-limit@https://registry.npmmirror.com/p-limit/-/p-limit-2.3.0.tgz. Extracting by manifest.
770 silly tarball no local data for supports-color@https://registry.npmmirror.com/supports-color/-/supports-color-5.5.0.tgz. Extracting by manifest.
771 silly tarball no local data for semver@https://registry.npmmirror.com/semver/-/semver-7.7.4.tgz. Extracting by manifest.
772 silly tarball no local data for ms@https://registry.npmmirror.com/ms/-/ms-2.1.3.tgz. Extracting by manifest.
773 silly tarball no local data for has-flag@https://registry.npmmirror.com/has-flag/-/has-flag-3.0.0.tgz. Extracting by manifest.
774 silly tarball no local data for minimatch@https://registry.npmmirror.com/minimatch/-/minimatch-10.2.4.tgz. Extracting by manifest.
775 silly tarball no local data for brace-expansion@https://registry.npmmirror.com/brace-expansion/-/brace-expansion-5.0.4.tgz. Extracting by manifest.
776 silly tarball no local data for balanced-match@https://registry.npmmirror.com/balanced-match/-/balanced-match-4.0.4.tgz. Extracting by manifest.
777 silly tarball no local data for @babel/plugin-syntax-class-properties@https://registry.npmmirror.com/@babel/plugin-syntax-class-properties/-/plugin-syntax-class-properties-7.12.13.tgz. Extracting by manifest.
778 silly tarball no local data for debug@https://registry.npmmirror.com/debug/-/debug-4.4.3.tgz. Extracting by manifest.
779 silly tarball no local data for on-finished@https://registry.npmmirror.com/on-finished/-/on-finished-2.3.0.tgz. Extracting by manifest.
780 silly tarball no local data for semver@https://registry.npmmirror.com/semver/-/semver-7.7.4.tgz. Extracting by manifest.
781 silly tarball no local data for supports-color@https://registry.npmmirror.com/supports-color/-/supports-color-8.1.1.tgz. Extracting by manifest.
782 silly tarball no local data for camelcase@https://registry.npmmirror.com/camelcase/-/camelcase-6.3.0.tgz. Extracting by manifest.
783 silly tarball no local data for jest-environment-node@https://registry.npmmirror.com/jest-environment-node/-/jest-environment-node-29.7.0.tgz. Extracting by manifest.
784 silly tarball no local data for semver@https://registry.npmmirror.com/semver/-/semver-7.7.4.tgz. Extracting by manifest.
785 silly tarball no local data for jest-environment-node@https://registry.npmmirror.com/jest-environment-node/-/jest-environment-node-29.7.0.tgz. Extracting by manifest.
786 silly tarball no local data for ms@https://registry.npmmirror.com/ms/-/ms-2.1.3.tgz. Extracting by manifest.
787 silly tarball no local data for safe-buffer@https://registry.npmmirror.com/safe-buffer/-/safe-buffer-5.1.2.tgz. Extracting by manifest.
788 silly tarball no local data for debug@https://registry.npmmirror.com/debug/-/debug-4.4.3.tgz. Extracting by manifest.
789 silly tarball no local data for debug@https://registry.npmmirror.com/debug/-/debug-4.4.3.tgz. Extracting by manifest.
790 silly tarball no local data for ms@https://registry.npmmirror.com/ms/-/ms-2.1.3.tgz. Extracting by manifest.
791 silly tarball no local data for istanbul-lib-instrument@https://registry.npmmirror.com/istanbul-lib-instrument/-/istanbul-lib-instrument-5.2.1.tgz. Extracting by manifest.
792 silly tarball no local data for debug@https://registry.npmmirror.com/debug/-/debug-4.4.3.tgz. Extracting by manifest.
793 silly tarball no local data for ms@https://registry.npmmirror.com/ms/-/ms-2.1.3.tgz. Extracting by manifest.
794 silly tarball no local data for semver@https://registry.npmmirror.com/semver/-/semver-7.7.4.tgz. Extracting by manifest.
795 http fetch GET https://registry.npmmirror.com/yocto-queue/-/yocto-queue-0.1.0.tgz attempt 1 failed with ENOTFOUND
796 http fetch GET https://registry.npmmirror.com/yargs/-/yargs-17.7.2.tgz attempt 1 failed with ENOTFOUND
797 http fetch GET https://registry.npmmirror.com/yargs-parser/-/yargs-parser-21.1.1.tgz attempt 1 failed with ENOTFOUND
798 http fetch GET https://registry.npmmirror.com/write-file-atomic/-/write-file-atomic-4.0.2.tgz attempt 1 failed with ENOTFOUND
799 http fetch GET https://registry.npmmirror.com/y18n/-/y18n-5.0.8.tgz attempt 1 failed with ENOTFOUND
800 http fetch GET https://registry.npmmirror.com/yallist/-/yallist-3.1.1.tgz attempt 1 failed with ENOTFOUND
801 http fetch GET https://registry.npmmirror.com/wrappy/-/wrappy-1.0.2.tgz attempt 1 failed with ENOTFOUND
802 http fetch GET https://registry.npmmirror.com/wrap-ansi/-/wrap-ansi-7.0.0.tgz attempt 1 failed with ENOTFOUND
803 http fetch GET https://registry.npmmirror.com/which/-/which-2.0.2.tgz attempt 1 failed with ENOTFOUND
804 http fetch GET https://registry.npmmirror.com/vary/-/vary-1.1.2.tgz attempt 1 failed with ENOTFOUND
805 http fetch GET https://registry.npmmirror.com/v8-to-istanbul/-/v8-to-istanbul-9.3.0.tgz attempt 1 failed with ENOTFOUND
806 http fetch GET https://registry.npmmirror.com/walker/-/walker-1.0.8.tgz attempt 1 failed with ENOTFOUND
807 http fetch GET https://registry.npmmirror.com/update-browserslist-db/-/update-browserslist-db-1.2.3.tgz attempt 1 failed with ENOTFOUND
808 http fetch GET https://registry.npmmirror.com/utils-merge/-/utils-merge-1.0.1.tgz attempt 1 failed with ENOTFOUND
809 http fetch GET https://registry.npmmirror.com/unpipe/-/unpipe-1.0.0.tgz attempt 1 failed with ENOTFOUND
810 http fetch GET https://registry.npmmirror.com/yocto-queue/-/yocto-queue-0.1.0.tgz attempt 2 failed with ENOTFOUND
811 http fetch GET https://registry.npmmirror.com/yargs/-/yargs-17.7.2.tgz attempt 2 failed with ENOTFOUND
812 http fetch GET https://registry.npmmirror.com/yargs-parser/-/yargs-parser-21.1.1.tgz attempt 2 failed with ENOTFOUND
813 http fetch GET https://registry.npmmirror.com/write-file-atomic/-/write-file-atomic-4.0.2.tgz attempt 2 failed with ENOTFOUND
814 http fetch GET https://registry.npmmirror.com/y18n/-/y18n-5.0.8.tgz attempt 2 failed with ENOTFOUND
815 http fetch GET https://registry.npmmirror.com/yallist/-/yallist-3.1.1.tgz attempt 2 failed with ENOTFOUND
816 http fetch GET https://registry.npmmirror.com/wrappy/-/wrappy-1.0.2.tgz attempt 2 failed with ENOTFOUND
817 http fetch GET https://registry.npmmirror.com/wrap-ansi/-/wrap-ansi-7.0.0.tgz attempt 2 failed with ENOTFOUND
818 http fetch GET https://registry.npmmirror.com/which/-/which-2.0.2.tgz attempt 2 failed with ENOTFOUND
819 http fetch GET https://registry.npmmirror.com/vary/-/vary-1.1.2.tgz attempt 2 failed with ENOTFOUND
820 http fetch GET https://registry.npmmirror.com/v8-to-istanbul/-/v8-to-istanbul-9.3.0.tgz attempt 2 failed with ENOTFOUND
821 http fetch GET https://registry.npmmirror.com/walker/-/walker-1.0.8.tgz attempt 2 failed with ENOTFOUND
822 http fetch GET https://registry.npmmirror.com/update-browserslist-db/-/update-browserslist-db-1.2.3.tgz attempt 2 failed with ENOTFOUND
823 http fetch GET https://registry.npmmirror.com/utils-merge/-/utils-merge-1.0.1.tgz attempt 2 failed with ENOTFOUND
824 http fetch GET https://registry.npmmirror.com/unpipe/-/unpipe-1.0.0.tgz attempt 2 failed with ENOTFOUND
825 http fetch GET https://registry.npmmirror.com/yocto-queue/-/yocto-queue-0.1.0.tgz attempt 3 failed with ENOTFOUND
826 http fetch GET https://registry.npmmirror.com/yargs/-/yargs-17.7.2.tgz attempt 3 failed with ENOTFOUND
827 http fetch GET https://registry.npmmirror.com/yargs-parser/-/yargs-parser-21.1.1.tgz attempt 3 failed with ENOTFOUND
828 http fetch GET https://registry.npmmirror.com/write-file-atomic/-/write-file-atomic-4.0.2.tgz attempt 3 failed with ENOTFOUND
829 http fetch GET https://registry.npmmirror.com/y18n/-/y18n-5.0.8.tgz attempt 3 failed with ENOTFOUND
830 http fetch GET https://registry.npmmirror.com/yallist/-/yallist-3.1.1.tgz attempt 3 failed with ENOTFOUND
831 http fetch GET https://registry.npmmirror.com/wrappy/-/wrappy-1.0.2.tgz attempt 3 failed with ENOTFOUND
832 http fetch GET https://registry.npmmirror.com/wrap-ansi/-/wrap-ansi-7.0.0.tgz attempt 3 failed with ENOTFOUND
833 http fetch GET https://registry.npmmirror.com/which/-/which-2.0.2.tgz attempt 3 failed with ENOTFOUND
834 http fetch GET https://registry.npmmirror.com/vary/-/vary-1.1.2.tgz attempt 3 failed with ENOTFOUND
835 http fetch GET https://registry.npmmirror.com/v8-to-istanbul/-/v8-to-istanbul-9.3.0.tgz attempt 3 failed with ENOTFOUND
836 http fetch GET https://registry.npmmirror.com/walker/-/walker-1.0.8.tgz attempt 3 failed with ENOTFOUND
837 http fetch GET https://registry.npmmirror.com/update-browserslist-db/-/update-browserslist-db-1.2.3.tgz attempt 3 failed with ENOTFOUND
838 http fetch GET https://registry.npmmirror.com/utils-merge/-/utils-merge-1.0.1.tgz attempt 3 failed with ENOTFOUND
839 http fetch GET https://registry.npmmirror.com/unpipe/-/unpipe-1.0.0.tgz attempt 3 failed with ENOTFOUND
840 verbose cwd /Users/rashmianand/Desktop/shopsmart/server
841 verbose os Darwin 24.6.0
842 verbose node v25.2.0
843 verbose npm  v11.6.2
844 error Exit handler never called!
845 error This is an error with npm itself. Please report this error at:
846 error   <https://github.com/npm/cli/issues>
847 verbose exit 1
848 verbose code 1
849 error A complete log of this run can be found in: /Users/rashmianand/Desktop/shopsmart/.npm-cache-server/_logs/2026-05-02T11_22_58_076Z-debug-0.log
