0 verbose cli /opt/homebrew/Cellar/node/25.2.0/bin/node /opt/homebrew/bin/npm
0 verbose cli /opt/homebrew/Cellar/node/25.2.0/bin/node /opt/homebrew/bin/npm
1 info using npm@11.6.2
1 info using npm@11.6.2
2 info using node@v25.2.0
2 info using node@v25.2.0
3 silly config load:file:/opt/homebrew/lib/node_modules/npm/npmrc
3 silly config load:file:/opt/homebrew/lib/node_modules/npm/npmrc
4 silly config load:file:/Users/rashmianand/Desktop/shopsmart/client/.npmrc
4 silly config load:file:/Users/rashmianand/Desktop/shopsmart/server/.npmrc
5 silly config load:file:/Users/rashmianand/.npmrc
5 silly config load:file:/Users/rashmianand/.npmrc
6 silly config load:file:/opt/homebrew/etc/npmrc
6 silly config load:file:/opt/homebrew/etc/npmrc
7 verbose title npm install
7 verbose title npm install
8 verbose argv "install"
8 verbose argv "install"
9 verbose logfile logs-max:10 dir:/Users/rashmianand/Desktop/shopsmart/.npm-cache/_logs/2026-05-02T11_19_54_447Z-
9 verbose logfile logs-max:10 dir:/Users/rashmianand/Desktop/shopsmart/.npm-cache/_logs/2026-05-02T11_19_54_447Z-
10 verbose logfile /Users/rashmianand/Desktop/shopsmart/.npm-cache/_logs/2026-05-02T11_19_54_447Z-debug-0.log
10 verbose logfile /Users/rashmianand/Desktop/shopsmart/.npm-cache/_logs/2026-05-02T11_19_54_447Z-debug-0.log
11 silly logfile done cleaning log files
11 silly logfile done cleaning log files
12 silly packumentCache heap:2348810240 maxSize:587202560 maxEntrySize:293601280
12 silly packumentCache heap:2348810240 maxSize:587202560 maxEntrySize:293601280
13 http fetch GET https://registry.npmjs.org/npm attempt 1 failed with ENOTFOUND
13 http fetch GET https://registry.npmjs.org/npm attempt 1 failed with ENOTFOUND
14 silly idealTree buildDeps
14 silly idealTree buildDeps
15 silly fetch manifest @types/node@*
16 silly packumentCache full:https://registry.npmjs.org/@types%2fnode cache-miss
17 http fetch GET https://registry.npmjs.org/@types%2fnode attempt 1 failed with ENOTFOUND
15 silly reify mark retired [ '/Users/rashmianand/Desktop/shopsmart/server/node_modules/accepts' ]
16 silly reify mark retired [
16 silly reify   '/Users/rashmianand/Desktop/shopsmart/server/node_modules/ansi-escapes'
16 silly reify ]
17 silly reify mark retired [ '/Users/rashmianand/Desktop/shopsmart/server/node_modules/anymatch' ]
18 silly reify mark retired [ '/Users/rashmianand/Desktop/shopsmart/server/node_modules/argparse' ]
19 silly reify mark retired [
19 silly reify   '/Users/rashmianand/Desktop/shopsmart/server/node_modules/array-flatten'
19 silly reify ]
20 silly reify mark retired [
20 silly reify   '/Users/rashmianand/Desktop/shopsmart/server/node_modules/babel-jest'
20 silly reify ]
21 silly reify mark retired [ '/Users/rashmianand/Desktop/shopsmart/server/node_modules/asap' ]
22 silly reify mark retired [
22 silly reify   '/Users/rashmianand/Desktop/shopsmart/server/node_modules/babel-plugin-istanbul'
22 silly reify ]
23 silly reify mark retired [
23 silly reify   '/Users/rashmianand/Desktop/shopsmart/server/node_modules/babel-plugin-jest-hoist'
23 silly reify ]
24 silly reify mark retired [
24 silly reify   '/Users/rashmianand/Desktop/shopsmart/server/node_modules/babel-preset-current-node-syntax'
24 silly reify ]
25 silly reify mark retired [
25 silly reify   '/Users/rashmianand/Desktop/shopsmart/server/node_modules/babel-preset-jest'
25 silly reify ]
26 silly reify mark retired [
26 silly reify   '/Users/rashmianand/Desktop/shopsmart/server/node_modules/baseline-browser-mapping'
26 silly reify ]
27 silly reify mark retired [
27 silly reify   '/Users/rashmianand/Desktop/shopsmart/server/node_modules/basic-auth'
27 silly reify ]
28 silly reify mark retired [
28 silly reify   '/Users/rashmianand/Desktop/shopsmart/server/node_modules/binary-extensions'
28 silly reify ]
29 silly reify mark retired [
29 silly reify   '/Users/rashmianand/Desktop/shopsmart/server/node_modules/body-parser'
29 silly reify ]
30 silly reify mark retired [
30 silly reify   '/Users/rashmianand/Desktop/shopsmart/server/node_modules/brace-expansion'
30 silly reify ]
31 silly reify mark retired [ '/Users/rashmianand/Desktop/shopsmart/server/node_modules/braces' ]
32 silly reify mark retired [
32 silly reify   '/Users/rashmianand/Desktop/shopsmart/server/node_modules/browserslist'
32 silly reify ]
33 silly reify mark retired [ '/Users/rashmianand/Desktop/shopsmart/server/node_modules/bser' ]
34 silly reify mark retired [
34 silly reify   '/Users/rashmianand/Desktop/shopsmart/server/node_modules/buffer-from'
34 silly reify ]
35 silly reify mark retired [ '/Users/rashmianand/Desktop/shopsmart/server/node_modules/bytes' ]
36 silly reify mark retired [
36 silly reify   '/Users/rashmianand/Desktop/shopsmart/server/node_modules/camelcase'
36 silly reify ]
37 silly reify mark retired [
37 silly reify   '/Users/rashmianand/Desktop/shopsmart/server/node_modules/caniuse-lite'
37 silly reify ]
38 silly reify mark retired [
38 silly reify   '/Users/rashmianand/Desktop/shopsmart/server/node_modules/char-regex'
38 silly reify ]
39 silly reify mark retired [ '/Users/rashmianand/Desktop/shopsmart/server/node_modules/chokidar' ]
40 silly reify mark retired [ '/Users/rashmianand/Desktop/shopsmart/server/node_modules/ci-info' ]
41 silly reify mark retired [
41 silly reify   '/Users/rashmianand/Desktop/shopsmart/server/node_modules/cjs-module-lexer'
41 silly reify ]
42 silly reify mark retired [ '/Users/rashmianand/Desktop/shopsmart/server/node_modules/cliui' ]
43 silly reify mark retired [ '/Users/rashmianand/Desktop/shopsmart/server/node_modules/co' ]
44 silly reify mark retired [
44 silly reify   '/Users/rashmianand/Desktop/shopsmart/server/node_modules/collect-v8-coverage'
44 silly reify ]
45 silly reify mark retired [
45 silly reify   '/Users/rashmianand/Desktop/shopsmart/server/node_modules/component-emitter'
45 silly reify ]
46 silly reify mark retired [
46 silly reify   '/Users/rashmianand/Desktop/shopsmart/server/node_modules/content-disposition'
46 silly reify ]
47 silly reify mark retired [ '/Users/rashmianand/Desktop/shopsmart/server/node_modules/cookie' ]
48 silly reify mark retired [
48 silly reify   '/Users/rashmianand/Desktop/shopsmart/server/node_modules/cookie-signature'
48 silly reify ]
49 silly reify mark retired [
49 silly reify   '/Users/rashmianand/Desktop/shopsmart/server/node_modules/cookiejar'
49 silly reify ]
50 silly reify mark retired [ '/Users/rashmianand/Desktop/shopsmart/server/node_modules/cors' ]
51 silly reify mark retired [
51 silly reify   '/Users/rashmianand/Desktop/shopsmart/server/node_modules/create-jest'
51 silly reify ]
52 silly reify mark retired [ '/Users/rashmianand/Desktop/shopsmart/server/node_modules/debug' ]
53 silly reify mark retired [
53 silly reify   '/Users/rashmianand/Desktop/shopsmart/server/node_modules/deepmerge'
53 silly reify ]
54 silly reify mark retired [ '/Users/rashmianand/Desktop/shopsmart/server/node_modules/depd' ]
55 silly reify mark retired [ '/Users/rashmianand/Desktop/shopsmart/server/node_modules/destroy' ]
56 silly reify mark retired [ '/Users/rashmianand/Desktop/shopsmart/server/node_modules/dedent' ]
57 silly reify mark retired [
57 silly reify   '/Users/rashmianand/Desktop/shopsmart/server/node_modules/detect-newline'
57 silly reify ]
58 silly reify mark retired [
58 silly reify   '/Users/rashmianand/Desktop/shopsmart/server/node_modules/content-type'
58 silly reify ]
59 silly reify mark retired [ '/Users/rashmianand/Desktop/shopsmart/server/node_modules/dezalgo' ]
60 silly reify mark retired [ '/Users/rashmianand/Desktop/shopsmart/server/node_modules/dotenv' ]
61 silly reify mark retired [ '/Users/rashmianand/Desktop/shopsmart/server/node_modules/ee-first' ]
62 silly reify mark retired [
62 silly reify   '/Users/rashmianand/Desktop/shopsmart/server/node_modules/electron-to-chromium'
62 silly reify ]
63 silly reify mark retired [ '/Users/rashmianand/Desktop/shopsmart/server/node_modules/emittery' ]
64 silly reify mark retired [
64 silly reify   '/Users/rashmianand/Desktop/shopsmart/server/node_modules/emoji-regex'
64 silly reify ]
65 silly reify mark retired [
65 silly reify   '/Users/rashmianand/Desktop/shopsmart/server/node_modules/encodeurl'
65 silly reify ]
66 silly reify mark retired [ '/Users/rashmianand/Desktop/shopsmart/server/node_modules/error-ex' ]
67 silly reify mark retired [
67 silly reify   '/Users/rashmianand/Desktop/shopsmart/server/node_modules/escape-html'
67 silly reify ]
68 silly reify mark retired [
68 silly reify   '/Users/rashmianand/Desktop/shopsmart/server/node_modules/escape-string-regexp'
68 silly reify ]
69 silly reify mark retired [ '/Users/rashmianand/Desktop/shopsmart/server/node_modules/esprima' ]
70 silly reify mark retired [ '/Users/rashmianand/Desktop/shopsmart/server/node_modules/execa' ]
71 silly reify mark retired [ '/Users/rashmianand/Desktop/shopsmart/server/node_modules/exit' ]
72 silly reify mark retired [ '/Users/rashmianand/Desktop/shopsmart/server/node_modules/expect' ]
73 silly reify mark retired [ '/Users/rashmianand/Desktop/shopsmart/server/node_modules/etag' ]
74 silly reify mark retired [ '/Users/rashmianand/Desktop/shopsmart/server/node_modules/express' ]
75 silly reify mark retired [
75 silly reify   '/Users/rashmianand/Desktop/shopsmart/server/node_modules/fb-watchman'
75 silly reify ]
76 silly reify mark retired [
76 silly reify   '/Users/rashmianand/Desktop/shopsmart/server/node_modules/fast-safe-stringify'
76 silly reify ]
77 silly reify mark retired [
77 silly reify   '/Users/rashmianand/Desktop/shopsmart/server/node_modules/fill-range'
77 silly reify ]
78 silly reify mark retired [
78 silly reify   '/Users/rashmianand/Desktop/shopsmart/server/node_modules/finalhandler'
78 silly reify ]
79 silly reify mark retired [ '/Users/rashmianand/Desktop/shopsmart/server/node_modules/find-up' ]
80 silly reify mark retired [
80 silly reify   '/Users/rashmianand/Desktop/shopsmart/server/node_modules/formidable'
80 silly reify ]
81 silly reify mark retired [
81 silly reify   '/Users/rashmianand/Desktop/shopsmart/server/node_modules/forwarded'
81 silly reify ]
82 silly reify mark retired [ '/Users/rashmianand/Desktop/shopsmart/server/node_modules/fresh' ]
83 silly reify mark retired [
83 silly reify   '/Users/rashmianand/Desktop/shopsmart/server/node_modules/get-caller-file'
83 silly reify ]
84 silly reify mark retired [
84 silly reify   '/Users/rashmianand/Desktop/shopsmart/server/node_modules/get-package-type'
84 silly reify ]
85 silly reify mark retired [
85 silly reify   '/Users/rashmianand/Desktop/shopsmart/server/node_modules/get-stream'
85 silly reify ]
86 silly reify mark retired [
86 silly reify   '/Users/rashmianand/Desktop/shopsmart/server/node_modules/glob-parent'
86 silly reify ]
87 silly reify mark retired [
87 silly reify   '/Users/rashmianand/Desktop/shopsmart/server/node_modules/graceful-fs'
87 silly reify ]
88 silly reify mark retired [ '/Users/rashmianand/Desktop/shopsmart/server/node_modules/hasown' ]
89 silly reify mark retired [
89 silly reify   '/Users/rashmianand/Desktop/shopsmart/server/node_modules/html-escaper'
89 silly reify ]
90 silly reify mark retired [
90 silly reify   '/Users/rashmianand/Desktop/shopsmart/server/node_modules/human-signals'
90 silly reify ]
91 silly reify mark retired [
91 silly reify   '/Users/rashmianand/Desktop/shopsmart/server/node_modules/ignore-by-default'
91 silly reify ]
92 silly reify mark retired [
92 silly reify   '/Users/rashmianand/Desktop/shopsmart/server/node_modules/iconv-lite'
92 silly reify ]
93 silly reify mark retired [
93 silly reify   '/Users/rashmianand/Desktop/shopsmart/server/node_modules/import-local'
93 silly reify ]
94 silly reify mark retired [
94 silly reify   '/Users/rashmianand/Desktop/shopsmart/server/node_modules/http-errors'
94 silly reify ]
95 silly reify mark retired [
95 silly reify   '/Users/rashmianand/Desktop/shopsmart/server/node_modules/ipaddr.js'
95 silly reify ]
96 silly reify mark retired [
96 silly reify   '/Users/rashmianand/Desktop/shopsmart/server/node_modules/is-arrayish'
96 silly reify ]
97 silly reify mark retired [
97 silly reify   '/Users/rashmianand/Desktop/shopsmart/server/node_modules/is-binary-path'
97 silly reify ]
98 silly reify mark retired [
98 silly reify   '/Users/rashmianand/Desktop/shopsmart/server/node_modules/is-fullwidth-code-point'
98 silly reify ]
99 silly reify mark retired [
99 silly reify   '/Users/rashmianand/Desktop/shopsmart/server/node_modules/is-generator-fn'
99 silly reify ]
100 silly reify mark retired [
100 silly reify   '/Users/rashmianand/Desktop/shopsmart/server/node_modules/is-number'
100 silly reify ]
101 silly reify mark retired [
101 silly reify   '/Users/rashmianand/Desktop/shopsmart/server/node_modules/is-stream'
101 silly reify ]
102 silly reify mark retired [
102 silly reify   '/Users/rashmianand/Desktop/shopsmart/server/node_modules/istanbul-lib-coverage'
102 silly reify ]
103 silly reify mark retired [
103 silly reify   '/Users/rashmianand/Desktop/shopsmart/server/node_modules/istanbul-lib-instrument'
103 silly reify ]
104 silly reify mark retired [
104 silly reify   '/Users/rashmianand/Desktop/shopsmart/server/node_modules/istanbul-lib-report'
104 silly reify ]
105 silly reify mark retired [
105 silly reify   '/Users/rashmianand/Desktop/shopsmart/server/node_modules/istanbul-lib-source-maps'
105 silly reify ]
106 silly reify mark retired [
106 silly reify   '/Users/rashmianand/Desktop/shopsmart/server/node_modules/istanbul-reports'
106 silly reify ]
107 silly reify mark retired [ '/Users/rashmianand/Desktop/shopsmart/server/node_modules/jest' ]
108 silly reify mark retired [
108 silly reify   '/Users/rashmianand/Desktop/shopsmart/server/node_modules/jest-changed-files'
108 silly reify ]
109 silly reify mark retired [
109 silly reify   '/Users/rashmianand/Desktop/shopsmart/server/node_modules/jest-circus'
109 silly reify ]
110 silly reify mark retired [ '/Users/rashmianand/Desktop/shopsmart/server/node_modules/jest-cli' ]
111 silly reify mark retired [
111 silly reify   '/Users/rashmianand/Desktop/shopsmart/server/node_modules/jest-config'
111 silly reify ]
112 silly reify mark retired [
112 silly reify   '/Users/rashmianand/Desktop/shopsmart/server/node_modules/jest-diff'
112 silly reify ]
113 silly reify mark retired [
113 silly reify   '/Users/rashmianand/Desktop/shopsmart/server/node_modules/jest-docblock'
113 silly reify ]
114 silly reify mark retired [
114 silly reify   '/Users/rashmianand/Desktop/shopsmart/server/node_modules/jest-each'
114 silly reify ]
115 silly reify mark retired [
115 silly reify   '/Users/rashmianand/Desktop/shopsmart/server/node_modules/jest-environment-node'
115 silly reify ]
116 silly reify mark retired [
116 silly reify   '/Users/rashmianand/Desktop/shopsmart/server/node_modules/jest-get-type'
116 silly reify ]
117 silly reify mark retired [
117 silly reify   '/Users/rashmianand/Desktop/shopsmart/server/node_modules/jest-haste-map'
117 silly reify ]
118 silly reify mark retired [
118 silly reify   '/Users/rashmianand/Desktop/shopsmart/server/node_modules/jest-leak-detector'
118 silly reify ]
119 silly reify mark retired [
119 silly reify   '/Users/rashmianand/Desktop/shopsmart/server/node_modules/jest-matcher-utils'
119 silly reify ]
120 silly reify mark retired [
120 silly reify   '/Users/rashmianand/Desktop/shopsmart/server/node_modules/jest-message-util'
120 silly reify ]
121 silly reify mark retired [
121 silly reify   '/Users/rashmianand/Desktop/shopsmart/server/node_modules/jest-mock'
121 silly reify ]
122 silly reify mark retired [
122 silly reify   '/Users/rashmianand/Desktop/shopsmart/server/node_modules/jest-pnp-resolver'
122 silly reify ]
123 silly reify mark retired [
123 silly reify   '/Users/rashmianand/Desktop/shopsmart/server/node_modules/jest-regex-util'
123 silly reify ]
124 silly reify mark retired [
124 silly reify   '/Users/rashmianand/Desktop/shopsmart/server/node_modules/jest-resolve'
124 silly reify ]
125 silly reify mark retired [
125 silly reify   '/Users/rashmianand/Desktop/shopsmart/server/node_modules/jest-resolve-dependencies'
125 silly reify ]
126 silly reify mark retired [
126 silly reify   '/Users/rashmianand/Desktop/shopsmart/server/node_modules/jest-runner'
126 silly reify ]
127 silly reify mark retired [
127 silly reify   '/Users/rashmianand/Desktop/shopsmart/server/node_modules/jest-runtime'
127 silly reify ]
128 silly reify mark retired [
128 silly reify   '/Users/rashmianand/Desktop/shopsmart/server/node_modules/jest-snapshot'
128 silly reify ]
129 silly reify mark retired [
129 silly reify   '/Users/rashmianand/Desktop/shopsmart/server/node_modules/jest-util'
129 silly reify ]
130 silly reify mark retired [
130 silly reify   '/Users/rashmianand/Desktop/shopsmart/server/node_modules/jest-validate'
130 silly reify ]
131 silly reify mark retired [
131 silly reify   '/Users/rashmianand/Desktop/shopsmart/server/node_modules/jest-watcher'
131 silly reify ]
132 silly reify mark retired [
132 silly reify   '/Users/rashmianand/Desktop/shopsmart/server/node_modules/jest-worker'
132 silly reify ]
133 silly reify mark retired [ '/Users/rashmianand/Desktop/shopsmart/server/node_modules/js-yaml' ]
134 silly reify mark retired [
134 silly reify   '/Users/rashmianand/Desktop/shopsmart/server/node_modules/json-parse-even-better-errors'
134 silly reify ]
135 silly reify mark retired [ '/Users/rashmianand/Desktop/shopsmart/server/node_modules/kleur' ]
136 silly reify mark retired [ '/Users/rashmianand/Desktop/shopsmart/server/node_modules/leven' ]
137 silly reify mark retired [
137 silly reify   '/Users/rashmianand/Desktop/shopsmart/server/node_modules/lines-and-columns'
137 silly reify ]
138 silly reify mark retired [ '/Users/rashmianand/Desktop/shopsmart/server/node_modules/make-dir' ]
139 silly reify mark retired [
139 silly reify   '/Users/rashmianand/Desktop/shopsmart/server/node_modules/makeerror'
139 silly reify ]
140 silly reify mark retired [
140 silly reify   '/Users/rashmianand/Desktop/shopsmart/server/node_modules/media-typer'
140 silly reify ]
141 silly reify mark retired [
141 silly reify   '/Users/rashmianand/Desktop/shopsmart/server/node_modules/merge-descriptors'
141 silly reify ]
142 silly reify mark retired [ '/Users/rashmianand/Desktop/shopsmart/server/node_modules/methods' ]
143 silly reify mark retired [
143 silly reify   '/Users/rashmianand/Desktop/shopsmart/server/node_modules/locate-path'
143 silly reify ]
144 silly reify mark retired [
144 silly reify   '/Users/rashmianand/Desktop/shopsmart/server/node_modules/micromatch'
144 silly reify ]
145 silly reify mark retired [ '/Users/rashmianand/Desktop/shopsmart/server/node_modules/mime' ]
146 silly reify mark retired [ '/Users/rashmianand/Desktop/shopsmart/server/node_modules/mimic-fn' ]
147 silly reify mark retired [ '/Users/rashmianand/Desktop/shopsmart/server/node_modules/morgan' ]
148 silly reify mark retired [ '/Users/rashmianand/Desktop/shopsmart/server/node_modules/ms' ]
149 silly reify mark retired [
149 silly reify   '/Users/rashmianand/Desktop/shopsmart/server/node_modules/negotiator'
149 silly reify ]
150 silly reify mark retired [
150 silly reify   '/Users/rashmianand/Desktop/shopsmart/server/node_modules/node-int64'
150 silly reify ]
151 silly reify mark retired [
151 silly reify   '/Users/rashmianand/Desktop/shopsmart/server/node_modules/node-releases'
151 silly reify ]
152 silly reify mark retired [ '/Users/rashmianand/Desktop/shopsmart/server/node_modules/nodemon' ]
153 silly reify mark retired [
153 silly reify   '/Users/rashmianand/Desktop/shopsmart/server/node_modules/normalize-path'
153 silly reify ]
154 silly reify mark retired [
154 silly reify   '/Users/rashmianand/Desktop/shopsmart/server/node_modules/npm-run-path'
154 silly reify ]
155 silly reify mark retired [
155 silly reify   '/Users/rashmianand/Desktop/shopsmart/server/node_modules/on-finished'
155 silly reify ]
156 silly reify mark retired [
156 silly reify   '/Users/rashmianand/Desktop/shopsmart/server/node_modules/on-headers'
156 silly reify ]
157 silly reify mark retired [ '/Users/rashmianand/Desktop/shopsmart/server/node_modules/onetime' ]
158 silly reify mark retired [ '/Users/rashmianand/Desktop/shopsmart/server/node_modules/p-locate' ]
159 silly reify mark retired [ '/Users/rashmianand/Desktop/shopsmart/server/node_modules/p-try' ]
160 silly reify mark retired [
160 silly reify   '/Users/rashmianand/Desktop/shopsmart/server/node_modules/parse-json'
160 silly reify ]
161 silly reify mark retired [ '/Users/rashmianand/Desktop/shopsmart/server/node_modules/parseurl' ]
162 silly reify mark retired [
162 silly reify   '/Users/rashmianand/Desktop/shopsmart/server/node_modules/path-to-regexp'
162 silly reify ]
163 silly reify mark retired [
163 silly reify   '/Users/rashmianand/Desktop/shopsmart/server/node_modules/picomatch'
163 silly reify ]
164 silly reify mark retired [ '/Users/rashmianand/Desktop/shopsmart/server/node_modules/pkg-dir' ]
165 silly reify mark retired [ '/Users/rashmianand/Desktop/shopsmart/server/node_modules/pirates' ]
166 silly reify mark retired [
166 silly reify   '/Users/rashmianand/Desktop/shopsmart/server/node_modules/proxy-addr'
166 silly reify ]
167 silly reify mark retired [
167 silly reify   '/Users/rashmianand/Desktop/shopsmart/server/node_modules/pstree.remy'
167 silly reify ]
168 silly reify mark retired [
168 silly reify   '/Users/rashmianand/Desktop/shopsmart/server/node_modules/pure-rand'
168 silly reify ]
169 silly reify mark retired [ '/Users/rashmianand/Desktop/shopsmart/server/node_modules/qs' ]
170 silly reify mark retired [ '/Users/rashmianand/Desktop/shopsmart/server/node_modules/prompts' ]
171 silly reify mark retired [ '/Users/rashmianand/Desktop/shopsmart/server/node_modules/raw-body' ]
172 silly reify mark retired [ '/Users/rashmianand/Desktop/shopsmart/server/node_modules/readdirp' ]
173 silly reify mark retired [
173 silly reify   '/Users/rashmianand/Desktop/shopsmart/server/node_modules/require-directory'
173 silly reify ]
174 silly reify mark retired [
174 silly reify   '/Users/rashmianand/Desktop/shopsmart/server/node_modules/range-parser'
174 silly reify ]
175 silly reify mark retired [ '/Users/rashmianand/Desktop/shopsmart/server/node_modules/resolve' ]
176 silly reify mark retired [
176 silly reify   '/Users/rashmianand/Desktop/shopsmart/server/node_modules/resolve-cwd'
176 silly reify ]
177 silly reify mark retired [
177 silly reify   '/Users/rashmianand/Desktop/shopsmart/server/node_modules/resolve-from'
177 silly reify ]
178 silly reify mark retired [
178 silly reify   '/Users/rashmianand/Desktop/shopsmart/server/node_modules/resolve.exports'
178 silly reify ]
179 silly reify mark retired [ '/Users/rashmianand/Desktop/shopsmart/server/node_modules/send' ]
180 silly reify mark retired [
180 silly reify   '/Users/rashmianand/Desktop/shopsmart/server/node_modules/safe-buffer'
180 silly reify ]
181 silly reify mark retired [
181 silly reify   '/Users/rashmianand/Desktop/shopsmart/server/node_modules/setprototypeof'
181 silly reify ]
182 silly reify mark retired [
182 silly reify   '/Users/rashmianand/Desktop/shopsmart/server/node_modules/serve-static'
182 silly reify ]
183 silly reify mark retired [
183 silly reify   '/Users/rashmianand/Desktop/shopsmart/server/node_modules/side-channel-list'
183 silly reify ]
184 silly reify mark retired [
184 silly reify   '/Users/rashmianand/Desktop/shopsmart/server/node_modules/signal-exit'
184 silly reify ]
185 silly reify mark retired [
185 silly reify   '/Users/rashmianand/Desktop/shopsmart/server/node_modules/simple-update-notifier'
185 silly reify ]
186 silly reify mark retired [
186 silly reify   '/Users/rashmianand/Desktop/shopsmart/server/node_modules/sisteransi'
186 silly reify ]
187 silly reify mark retired [ '/Users/rashmianand/Desktop/shopsmart/server/node_modules/slash' ]
188 silly reify mark retired [
188 silly reify   '/Users/rashmianand/Desktop/shopsmart/server/node_modules/source-map'
188 silly reify ]
189 silly reify mark retired [
189 silly reify   '/Users/rashmianand/Desktop/shopsmart/server/node_modules/source-map-support'
189 silly reify ]
190 silly reify mark retired [
190 silly reify   '/Users/rashmianand/Desktop/shopsmart/server/node_modules/sprintf-js'
190 silly reify ]
191 silly reify mark retired [
191 silly reify   '/Users/rashmianand/Desktop/shopsmart/server/node_modules/stack-utils'
191 silly reify ]
192 silly reify mark retired [ '/Users/rashmianand/Desktop/shopsmart/server/node_modules/statuses' ]
193 silly reify mark retired [
193 silly reify   '/Users/rashmianand/Desktop/shopsmart/server/node_modules/string-length'
193 silly reify ]
194 silly reify mark retired [
194 silly reify   '/Users/rashmianand/Desktop/shopsmart/server/node_modules/string-width'
194 silly reify ]
195 silly reify mark retired [
195 silly reify   '/Users/rashmianand/Desktop/shopsmart/server/node_modules/strip-bom'
195 silly reify ]
196 silly reify mark retired [
196 silly reify   '/Users/rashmianand/Desktop/shopsmart/server/node_modules/strip-final-newline'
196 silly reify ]
197 silly reify mark retired [
197 silly reify   '/Users/rashmianand/Desktop/shopsmart/server/node_modules/supertest'
197 silly reify ]
198 silly reify mark retired [
198 silly reify   '/Users/rashmianand/Desktop/shopsmart/server/node_modules/superagent'
198 silly reify ]
199 silly reify mark retired [
199 silly reify   '/Users/rashmianand/Desktop/shopsmart/server/node_modules/test-exclude'
199 silly reify ]
200 silly reify mark retired [
200 silly reify   '/Users/rashmianand/Desktop/shopsmart/server/node_modules/to-regex-range'
200 silly reify ]
201 silly reify mark retired [ '/Users/rashmianand/Desktop/shopsmart/server/node_modules/tmpl' ]
202 silly reify mark retired [
202 silly reify   '/Users/rashmianand/Desktop/shopsmart/server/node_modules/toidentifier'
202 silly reify ]
203 silly reify mark retired [ '/Users/rashmianand/Desktop/shopsmart/server/node_modules/touch' ]
204 silly reify mark retired [
204 silly reify   '/Users/rashmianand/Desktop/shopsmart/server/node_modules/type-detect'
204 silly reify ]
205 silly reify mark retired [
205 silly reify   '/Users/rashmianand/Desktop/shopsmart/server/node_modules/type-fest'
205 silly reify ]
206 silly reify mark retired [ '/Users/rashmianand/Desktop/shopsmart/server/node_modules/type-is' ]
207 silly reify mark retired [
207 silly reify   '/Users/rashmianand/Desktop/shopsmart/server/node_modules/undefsafe'
207 silly reify ]
208 silly reify mark retired [
208 silly reify   '/Users/rashmianand/Desktop/shopsmart/server/node_modules/undici-types'
208 silly reify ]
209 silly reify mark retired [ '/Users/rashmianand/Desktop/shopsmart/server/node_modules/unpipe' ]
210 silly reify mark retired [
210 silly reify   '/Users/rashmianand/Desktop/shopsmart/server/node_modules/v8-to-istanbul'
210 silly reify ]
211 silly reify mark retired [ '/Users/rashmianand/Desktop/shopsmart/server/node_modules/vary' ]
212 silly reify mark retired [
212 silly reify   '/Users/rashmianand/Desktop/shopsmart/server/node_modules/utils-merge'
212 silly reify ]
213 silly reify mark retired [ '/Users/rashmianand/Desktop/shopsmart/server/node_modules/walker' ]
214 silly reify mark retired [
214 silly reify   '/Users/rashmianand/Desktop/shopsmart/server/node_modules/wrap-ansi'
214 silly reify ]
215 silly reify mark retired [
215 silly reify   '/Users/rashmianand/Desktop/shopsmart/server/node_modules/write-file-atomic'
215 silly reify ]
216 silly reify mark retired [ '/Users/rashmianand/Desktop/shopsmart/server/node_modules/y18n' ]
217 silly reify mark retired [ '/Users/rashmianand/Desktop/shopsmart/server/node_modules/yargs' ]
218 silly reify mark retired [
218 silly reify   '/Users/rashmianand/Desktop/shopsmart/server/node_modules/yargs-parser'
218 silly reify ]
219 silly reify mark retired [
219 silly reify   '/Users/rashmianand/Desktop/shopsmart/server/node_modules/@babel/compat-data'
219 silly reify ]
220 silly reify mark retired [
220 silly reify   '/Users/rashmianand/Desktop/shopsmart/server/node_modules/@babel/parser'
220 silly reify ]
221 silly reify mark retired [
221 silly reify   '/Users/rashmianand/Desktop/shopsmart/server/node_modules/@babel/plugin-syntax-async-generators'
221 silly reify ]
222 silly reify mark retired [
222 silly reify   '/Users/rashmianand/Desktop/shopsmart/server/node_modules/@babel/plugin-syntax-class-properties'
222 silly reify ]
223 silly reify mark retired [
223 silly reify   '/Users/rashmianand/Desktop/shopsmart/server/node_modules/@babel/plugin-syntax-bigint'
223 silly reify ]
224 silly reify mark retired [
224 silly reify   '/Users/rashmianand/Desktop/shopsmart/server/node_modules/@babel/plugin-syntax-import-attributes'
224 silly reify ]
225 silly reify mark retired [
225 silly reify   '/Users/rashmianand/Desktop/shopsmart/server/node_modules/@babel/plugin-syntax-class-static-block'
225 silly reify ]
226 silly reify mark retired [
226 silly reify   '/Users/rashmianand/Desktop/shopsmart/server/node_modules/@babel/plugin-syntax-import-meta'
226 silly reify ]
227 silly reify mark retired [
227 silly reify   '/Users/rashmianand/Desktop/shopsmart/server/node_modules/@babel/plugin-syntax-json-strings'
227 silly reify ]
228 silly reify mark retired [
228 silly reify   '/Users/rashmianand/Desktop/shopsmart/server/node_modules/@babel/plugin-syntax-jsx'
228 silly reify ]
229 silly reify mark retired [
229 silly reify   '/Users/rashmianand/Desktop/shopsmart/server/node_modules/@babel/plugin-syntax-logical-assignment-operators'
229 silly reify ]
230 silly reify mark retired [
230 silly reify   '/Users/rashmianand/Desktop/shopsmart/server/node_modules/@babel/plugin-syntax-nullish-coalescing-operator'
230 silly reify ]
231 silly reify mark retired [
231 silly reify   '/Users/rashmianand/Desktop/shopsmart/server/node_modules/@babel/plugin-syntax-numeric-separator'
231 silly reify ]
232 silly reify mark retired [
232 silly reify   '/Users/rashmianand/Desktop/shopsmart/server/node_modules/@babel/plugin-syntax-object-rest-spread'
232 silly reify ]
233 silly reify mark retired [
233 silly reify   '/Users/rashmianand/Desktop/shopsmart/server/node_modules/@babel/plugin-syntax-optional-catch-binding'
233 silly reify ]
234 silly reify mark retired [
234 silly reify   '/Users/rashmianand/Desktop/shopsmart/server/node_modules/@babel/plugin-syntax-optional-chaining'
234 silly reify ]
235 silly reify mark retired [
235 silly reify   '/Users/rashmianand/Desktop/shopsmart/server/node_modules/@babel/plugin-syntax-private-property-in-object'
235 silly reify ]
236 silly reify mark retired [
236 silly reify   '/Users/rashmianand/Desktop/shopsmart/server/node_modules/@babel/plugin-syntax-top-level-await'
236 silly reify ]
237 silly reify mark retired [
237 silly reify   '/Users/rashmianand/Desktop/shopsmart/server/node_modules/@babel/plugin-syntax-typescript'
237 silly reify ]
238 silly reify mark retired [
238 silly reify   '/Users/rashmianand/Desktop/shopsmart/server/node_modules/@bcoe/v8-coverage'
238 silly reify ]
239 silly reify mark retired [
239 silly reify   '/Users/rashmianand/Desktop/shopsmart/server/node_modules/@istanbuljs/load-nyc-config'
239 silly reify ]
240 silly reify mark retired [
240 silly reify   '/Users/rashmianand/Desktop/shopsmart/server/node_modules/@istanbuljs/schema'
240 silly reify ]
241 silly reify mark retired [
241 silly reify   '/Users/rashmianand/Desktop/shopsmart/server/node_modules/@jest/environment'
241 silly reify ]
242 silly reify mark retired [
242 silly reify   '/Users/rashmianand/Desktop/shopsmart/server/node_modules/@jest/expect'
242 silly reify ]
243 silly reify mark retired [
243 silly reify   '/Users/rashmianand/Desktop/shopsmart/server/node_modules/@jest/expect-utils'
243 silly reify ]
244 silly reify mark retired [
244 silly reify   '/Users/rashmianand/Desktop/shopsmart/server/node_modules/@jest/fake-timers'
244 silly reify ]
245 silly reify mark retired [
245 silly reify   '/Users/rashmianand/Desktop/shopsmart/server/node_modules/@jest/core'
245 silly reify ]
246 silly reify mark retired [
246 silly reify   '/Users/rashmianand/Desktop/shopsmart/server/node_modules/@jest/globals'
246 silly reify ]
247 silly reify mark retired [
247 silly reify   '/Users/rashmianand/Desktop/shopsmart/server/node_modules/@jest/reporters'
247 silly reify ]
248 silly reify mark retired [
248 silly reify   '/Users/rashmianand/Desktop/shopsmart/server/node_modules/@jest/test-result'
248 silly reify ]
249 silly reify mark retired [
249 silly reify   '/Users/rashmianand/Desktop/shopsmart/server/node_modules/@jest/console'
249 silly reify ]
250 silly reify mark retired [
250 silly reify   '/Users/rashmianand/Desktop/shopsmart/server/node_modules/@jest/source-map'
250 silly reify ]
251 silly reify mark retired [
251 silly reify   '/Users/rashmianand/Desktop/shopsmart/server/node_modules/@jest/transform'
251 silly reify ]
252 silly reify mark retired [
252 silly reify   '/Users/rashmianand/Desktop/shopsmart/server/node_modules/@jest/test-sequencer'
252 silly reify ]
253 silly reify mark retired [
253 silly reify   '/Users/rashmianand/Desktop/shopsmart/server/node_modules/@jest/types'
253 silly reify ]
254 silly reify mark retired [
254 silly reify   '/Users/rashmianand/Desktop/shopsmart/server/node_modules/@noble/hashes'
254 silly reify ]
255 silly reify mark retired [
255 silly reify   '/Users/rashmianand/Desktop/shopsmart/server/node_modules/@paralleldrive/cuid2'
255 silly reify ]
256 silly reify mark retired [
256 silly reify   '/Users/rashmianand/Desktop/shopsmart/server/node_modules/@sinonjs/commons'
256 silly reify ]
257 silly reify mark retired [
257 silly reify   '/Users/rashmianand/Desktop/shopsmart/server/node_modules/@sinonjs/fake-timers'
257 silly reify ]
258 silly reify mark retired [
258 silly reify   '/Users/rashmianand/Desktop/shopsmart/server/node_modules/@types/graceful-fs'
258 silly reify ]
259 silly reify mark retired [
259 silly reify   '/Users/rashmianand/Desktop/shopsmart/server/node_modules/@types/istanbul-lib-coverage'
259 silly reify ]
260 silly reify mark retired [
260 silly reify   '/Users/rashmianand/Desktop/shopsmart/server/node_modules/@types/istanbul-lib-report'
260 silly reify ]
261 silly reify mark retired [
261 silly reify   '/Users/rashmianand/Desktop/shopsmart/server/node_modules/@types/istanbul-reports'
261 silly reify ]
262 silly reify mark retired [
262 silly reify   '/Users/rashmianand/Desktop/shopsmart/server/node_modules/@types/node'
262 silly reify ]
263 silly reify mark retired [
263 silly reify   '/Users/rashmianand/Desktop/shopsmart/server/node_modules/@types/stack-utils'
263 silly reify ]
264 silly reify mark retired [
264 silly reify   '/Users/rashmianand/Desktop/shopsmart/server/node_modules/@types/yargs'
264 silly reify ]
265 silly reify mark retired [
265 silly reify   '/Users/rashmianand/Desktop/shopsmart/server/node_modules/@types/yargs-parser'
265 silly reify ]
266 silly reify mark retired [
266 silly reify   '/Users/rashmianand/Desktop/shopsmart/server/node_modules/jsesc',
266 silly reify   '/Users/rashmianand/Desktop/shopsmart/server/node_modules/.bin/jsesc'
266 silly reify ]
267 silly reify mark retired [
267 silly reify   '/Users/rashmianand/Desktop/shopsmart/server/node_modules/json5',
267 silly reify   '/Users/rashmianand/Desktop/shopsmart/server/node_modules/.bin/json5'
267 silly reify ]
268 silly reify mark retired [
268 silly reify   '/Users/rashmianand/Desktop/shopsmart/server/node_modules/semver',
268 silly reify   '/Users/rashmianand/Desktop/shopsmart/server/node_modules/.bin/semver'
268 silly reify ]
269 silly reify mark retired [
269 silly reify   '/Users/rashmianand/Desktop/shopsmart/server/node_modules/update-browserslist-db',
269 silly reify   '/Users/rashmianand/Desktop/shopsmart/server/node_modules/.bin/update-browserslist-db'
269 silly reify ]
270 silly reify mark retired [
270 silly reify   '/Users/rashmianand/Desktop/shopsmart/server/node_modules/which',
270 silly reify   '/Users/rashmianand/Desktop/shopsmart/server/node_modules/.bin/node-which'
270 silly reify ]
271 silly reify moves {
271 silly reify   '/Users/rashmianand/Desktop/shopsmart/server/node_modules/accepts': '/Users/rashmianand/Desktop/shopsmart/server/node_modules/.accepts-LphwJMBK',
271 silly reify   '/Users/rashmianand/Desktop/shopsmart/server/node_modules/ansi-escapes': '/Users/rashmianand/Desktop/shopsmart/server/node_modules/.ansi-escapes-DI4IbL8N',
271 silly reify   '/Users/rashmianand/Desktop/shopsmart/server/node_modules/anymatch': '/Users/rashmianand/Desktop/shopsmart/server/node_modules/.anymatch-wsYaXfD1',
271 silly reify   '/Users/rashmianand/Desktop/shopsmart/server/node_modules/argparse': '/Users/rashmianand/Desktop/shopsmart/server/node_modules/.argparse-r0UStfrs',
271 silly reify   '/Users/rashmianand/Desktop/shopsmart/server/node_modules/array-flatten': '/Users/rashmianand/Desktop/shopsmart/server/node_modules/.array-flatten-1Fe79cth',
271 silly reify   '/Users/rashmianand/Desktop/shopsmart/server/node_modules/babel-jest': '/Users/rashmianand/Desktop/shopsmart/server/node_modules/.babel-jest-tsTQfDPz',
271 silly reify   '/Users/rashmianand/Desktop/shopsmart/server/node_modules/asap': '/Users/rashmianand/Desktop/shopsmart/server/node_modules/.asap-gKkbMSKY',
271 silly reify   '/Users/rashmianand/Desktop/shopsmart/server/node_modules/babel-plugin-istanbul': '/Users/rashmianand/Desktop/shopsmart/server/node_modules/.babel-plugin-istanbul-9QbiYg5Y',
271 silly reify   '/Users/rashmianand/Desktop/shopsmart/server/node_modules/babel-plugin-jest-hoist': '/Users/rashmianand/Desktop/shopsmart/server/node_modules/.babel-plugin-jest-hoist-uqSxDMt6',
271 silly reify   '/Users/rashmianand/Desktop/shopsmart/server/node_modules/babel-preset-current-node-syntax': '/Users/rashmianand/Desktop/shopsmart/server/node_modules/.babel-preset-current-node-syntax-7NgC3a4a',
271 silly reify   '/Users/rashmianand/Desktop/shopsmart/server/node_modules/babel-preset-jest': '/Users/rashmianand/Desktop/shopsmart/server/node_modules/.babel-preset-jest-mz6uEKBj',
271 silly reify   '/Users/rashmianand/Desktop/shopsmart/server/node_modules/baseline-browser-mapping': '/Users/rashmianand/Desktop/shopsmart/server/node_modules/.baseline-browser-mapping-4Kttt9O8',
271 silly reify   '/Users/rashmianand/Desktop/shopsmart/server/node_modules/basic-auth': '/Users/rashmianand/Desktop/shopsmart/server/node_modules/.basic-auth-rMtiQHUx',
271 silly reify   '/Users/rashmianand/Desktop/shopsmart/server/node_modules/binary-extensions': '/Users/rashmianand/Desktop/shopsmart/server/node_modules/.binary-extensions-in6MXJO2',
271 silly reify   '/Users/rashmianand/Desktop/shopsmart/server/node_modules/body-parser': '/Users/rashmianand/Desktop/shopsmart/server/node_modules/.body-parser-rrW0UONX',
271 silly reify   '/Users/rashmianand/Desktop/shopsmart/server/node_modules/brace-expansion': '/Users/rashmianand/Desktop/shopsmart/server/node_modules/.brace-expansion-IUlJxzw7',
271 silly reify   '/Users/rashmianand/Desktop/shopsmart/server/node_modules/braces': '/Users/rashmianand/Desktop/shopsmart/server/node_modules/.braces-9m0HRuBB',
271 silly reify   '/Users/rashmianand/Desktop/shopsmart/server/node_modules/browserslist': '/Users/rashmianand/Desktop/shopsmart/server/node_modules/.browserslist-DICj7a5b',
271 silly reify   '/Users/rashmianand/Desktop/shopsmart/server/node_modules/bser': '/Users/rashmianand/Desktop/shopsmart/server/node_modules/.bser-qZVx7BFW',
271 silly reify   '/Users/rashmianand/Desktop/shopsmart/server/node_modules/buffer-from': '/Users/rashmianand/Desktop/shopsmart/server/node_modules/.buffer-from-4AaDiuib',
271 silly reify   '/Users/rashmianand/Desktop/shopsmart/server/node_modules/bytes': '/Users/rashmianand/Desktop/shopsmart/server/node_modules/.bytes-BophGL5M',
271 silly reify   '/Users/rashmianand/Desktop/shopsmart/server/node_modules/camelcase': '/Users/rashmianand/Desktop/shopsmart/server/node_modules/.camelcase-qeCUf9cD',
271 silly reify   '/Users/rashmianand/Desktop/shopsmart/server/node_modules/caniuse-lite': '/Users/rashmianand/Desktop/shopsmart/server/node_modules/.caniuse-lite-tkeGJJ03',
271 silly reify   '/Users/rashmianand/Desktop/shopsmart/server/node_modules/char-regex': '/Users/rashmianand/Desktop/shopsmart/server/node_modules/.char-regex-w39iYxXe',
271 silly reify   '/Users/rashmianand/Desktop/shopsmart/server/node_modules/chokidar': '/Users/rashmianand/Desktop/shopsmart/server/node_modules/.chokidar-d4gzgkPO',
271 silly reify   '/Users/rashmianand/Desktop/shopsmart/server/node_modules/ci-info': '/Users/rashmianand/Desktop/shopsmart/server/node_modules/.ci-info-VMXmlqqh',
271 silly reify   '/Users/rashmianand/Desktop/shopsmart/server/node_modules/cjs-module-lexer': '/Users/rashmianand/Desktop/shopsmart/server/node_modules/.cjs-module-lexer-7PwG4FmO',
271 silly reify   '/Users/rashmianand/Desktop/shopsmart/server/node_modules/cliui': '/Users/rashmianand/Desktop/shopsmart/server/node_modules/.cliui-aFNuvLcQ',
271 silly reify   '/Users/rashmianand/Desktop/shopsmart/server/node_modules/co': '/Users/rashmianand/Desktop/shopsmart/server/node_modules/.co-hWaZE43i',
271 silly reify   '/Users/rashmianand/Desktop/shopsmart/server/node_modules/collect-v8-coverage': '/Users/rashmianand/Desktop/shopsmart/server/node_modules/.collect-v8-coverage-H9AI303T',
271 silly reify   '/Users/rashmianand/Desktop/shopsmart/server/node_modules/component-emitter': '/Users/rashmianand/Desktop/shopsmart/server/node_modules/.component-emitter-cJuY5QDg',
271 silly reify   '/Users/rashmianand/Desktop/shopsmart/server/node_modules/content-disposition': '/Users/rashmianand/Desktop/shopsmart/server/node_modules/.content-disposition-BA2Yyc8Z',
271 silly reify   '/Users/rashmianand/Desktop/shopsmart/server/node_modules/cookie': '/Users/rashmianand/Desktop/shopsmart/server/node_modules/.cookie-iU1HjeyR',
271 silly reify   '/Users/rashmianand/Desktop/shopsmart/server/node_modules/cookie-signature': '/Users/rashmianand/Desktop/shopsmart/server/node_modules/.cookie-signature-L5maBbBN',
271 silly reify   '/Users/rashmianand/Desktop/shopsmart/server/node_modules/cookiejar': '/Users/rashmianand/Desktop/shopsmart/server/node_modules/.cookiejar-RDKEjyYb',
271 silly reify   '/Users/rashmianand/Desktop/shopsmart/server/node_modules/cors': '/Users/rashmianand/Desktop/shopsmart/server/node_modules/.cors-9Pt20Drf',
271 silly reify   '/Users/rashmianand/Desktop/shopsmart/server/node_modules/create-jest': '/Users/rashmianand/Desktop/shopsmart/server/node_modules/.create-jest-d97WqdpJ',
271 silly reify   '/Users/rashmianand/Desktop/shopsmart/server/node_modules/debug': '/Users/rashmianand/Desktop/shopsmart/server/node_modules/.debug-TQfSrZ5H',
271 silly reify   '/Users/rashmianand/Desktop/shopsmart/server/node_modules/deepmerge': '/Users/rashmianand/Desktop/shopsmart/server/node_modules/.deepmerge-gVimkoyY',
271 silly reify   '/Users/rashmianand/Desktop/shopsmart/server/node_modules/depd': '/Users/rashmianand/Desktop/shopsmart/server/node_modules/.depd-lT6NH10h',
271 silly reify   '/Users/rashmianand/Desktop/shopsmart/server/node_modules/destroy': '/Users/rashmianand/Desktop/shopsmart/server/node_modules/.destroy-LQdbmQyh',
271 silly reify   '/Users/rashmianand/Desktop/shopsmart/server/node_modules/dedent': '/Users/rashmianand/Desktop/shopsmart/server/node_modules/.dedent-M4fpuG9M',
271 silly reify   '/Users/rashmianand/Desktop/shopsmart/server/node_modules/detect-newline': '/Users/rashmianand/Desktop/shopsmart/server/node_modules/.detect-newline-ICvEfv8c',
271 silly reify   '/Users/rashmianand/Desktop/shopsmart/server/node_modules/content-type': '/Users/rashmianand/Desktop/shopsmart/server/node_modules/.content-type-aRRKDkde',
271 silly reify   '/Users/rashmianand/Desktop/shopsmart/server/node_modules/dezalgo': '/Users/rashmianand/Desktop/shopsmart/server/node_modules/.dezalgo-i8BqAMct',
271 silly reify   '/Users/rashmianand/Desktop/shopsmart/server/node_modules/dotenv': '/Users/rashmianand/Desktop/shopsmart/server/node_modules/.dotenv-NKtt7Hpf',
271 silly reify   '/Users/rashmianand/Desktop/shopsmart/server/node_modules/ee-first': '/Users/rashmianand/Desktop/shopsmart/server/node_modules/.ee-first-aDRmX5u8',
271 silly reify   '/Users/rashmianand/Desktop/shopsmart/server/node_modules/electron-to-chromium': '/Users/rashmianand/Desktop/shopsmart/server/node_modules/.electron-to-chromium-kslnKCXu',
271 silly reify   '/Users/rashmianand/Desktop/shopsmart/server/node_modules/emittery': '/Users/rashmianand/Desktop/shopsmart/server/node_modules/.emittery-ZjCNWzyY',
271 silly reify   '/Users/rashmianand/Desktop/shopsmart/server/node_modules/emoji-regex': '/Users/rashmianand/Desktop/shopsmart/server/node_modules/.emoji-regex-nhkxSjpa',
271 silly reify   '/Users/rashmianand/Desktop/shopsmart/server/node_modules/encodeurl': '/Users/rashmianand/Desktop/shopsmart/server/node_modules/.encodeurl-7ykXfoNT',
271 silly reify   '/Users/rashmianand/Desktop/shopsmart/server/node_modules/error-ex': '/Users/rashmianand/Desktop/shopsmart/server/node_modules/.error-ex-TggnriTT',
271 silly reify   '/Users/rashmianand/Desktop/shopsmart/server/node_modules/escape-html': '/Users/rashmianand/Desktop/shopsmart/server/node_modules/.escape-html-28XxRB9R',
271 silly reify   '/Users/rashmianand/Desktop/shopsmart/server/node_modules/escape-string-regexp': '/Users/rashmianand/Desktop/shopsmart/server/node_modules/.escape-string-regexp-ZotcQSKf',
271 silly reify   '/Users/rashmianand/Desktop/shopsmart/server/node_modules/esprima': '/Users/rashmianand/Desktop/shopsmart/server/node_modules/.esprima-R1Wq0979',
271 silly reify   '/Users/rashmianand/Desktop/shopsmart/server/node_modules/execa': '/Users/rashmianand/Desktop/shopsmart/server/node_modules/.execa-Wz7h22Vg',
271 silly reify   '/Users/rashmianand/Desktop/shopsmart/server/node_modules/exit': '/Users/rashmianand/Desktop/shopsmart/server/node_modules/.exit-HXoKawDj',
271 silly reify   '/Users/rashmianand/Desktop/shopsmart/server/node_modules/expect': '/Users/rashmianand/Desktop/shopsmart/server/node_modules/.expect-7hQC6KsV',
271 silly reify   '/Users/rashmianand/Desktop/shopsmart/server/node_modules/etag': '/Users/rashmianand/Desktop/shopsmart/server/node_modules/.etag-MpfbjRxs',
271 silly reify   '/Users/rashmianand/Desktop/shopsmart/server/node_modules/express': '/Users/rashmianand/Desktop/shopsmart/server/node_modules/.express-466HENBc',
271 silly reify   '/Users/rashmianand/Desktop/shopsmart/server/node_modules/fb-watchman': '/Users/rashmianand/Desktop/shopsmart/server/node_modules/.fb-watchman-jhhGeKpi',
271 silly reify   '/Users/rashmianand/Desktop/shopsmart/server/node_modules/fast-safe-stringify': '/Users/rashmianand/Desktop/shopsmart/server/node_modules/.fast-safe-stringify-fUnpUwqW',
271 silly reify   '/Users/rashmianand/Desktop/shopsmart/server/node_modules/fill-range': '/Users/rashmianand/Desktop/shopsmart/server/node_modules/.fill-range-FszxGaSx',
271 silly reify   '/Users/rashmianand/Desktop/shopsmart/server/node_modules/finalhandler': '/Users/rashmianand/Desktop/shopsmart/server/node_modules/.finalhandler-jZrzzhDh',
271 silly reify   '/Users/rashmianand/Desktop/shopsmart/server/node_modules/find-up': '/Users/rashmianand/Desktop/shopsmart/server/node_modules/.find-up-QcYTVz1J',
271 silly reify   '/Users/rashmianand/Desktop/shopsmart/server/node_modules/formidable': '/Users/rashmianand/Desktop/shopsmart/server/node_modules/.formidable-knnRhmsd',
271 silly reify   '/Users/rashmianand/Desktop/shopsmart/server/node_modules/forwarded': '/Users/rashmianand/Desktop/shopsmart/server/node_modules/.forwarded-zSGmkmtV',
271 silly reify   '/Users/rashmianand/Desktop/shopsmart/server/node_modules/fresh': '/Users/rashmianand/Desktop/shopsmart/server/node_modules/.fresh-RWnZNvZI',
271 silly reify   '/Users/rashmianand/Desktop/shopsmart/server/node_modules/get-caller-file': '/Users/rashmianand/Desktop/shopsmart/server/node_modules/.get-caller-file-Yxq7HLB4',
271 silly reify   '/Users/rashmianand/Desktop/shopsmart/server/node_modules/get-package-type': '/Users/rashmianand/Desktop/shopsmart/server/node_modules/.get-package-type-CSkzwyk4',
271 silly reify   '/Users/rashmianand/Desktop/shopsmart/server/node_modules/get-stream': '/Users/rashmianand/Desktop/shopsmart/server/node_modules/.get-stream-NfB4TiGr',
271 silly reify   '/Users/rashmianand/Desktop/shopsmart/server/node_modules/glob-parent': '/Users/rashmianand/Desktop/shopsmart/server/node_modules/.glob-parent-awF6PKpR',
271 silly reify   '/Users/rashmianand/Desktop/shopsmart/server/node_modules/graceful-fs': '/Users/rashmianand/Desktop/shopsmart/server/node_modules/.graceful-fs-VKtBREjE',
271 silly reify   '/Users/rashmianand/Desktop/shopsmart/server/node_modules/hasown': '/Users/rashmianand/Desktop/shopsmart/server/node_modules/.hasown-T0rP0Xii',
271 silly reify   '/Users/rashmianand/Desktop/shopsmart/server/node_modules/html-escaper': '/Users/rashmianand/Desktop/shopsmart/server/node_modules/.html-escaper-SEqeIvwB',
271 silly reify   '/Users/rashmianand/Desktop/shopsmart/server/node_modules/human-signals': '/Users/rashmianand/Desktop/shopsmart/server/node_modules/.human-signals-fvVNwNN2',
271 silly reify   '/Users/rashmianand/Desktop/shopsmart/server/node_modules/ignore-by-default': '/Users/rashmianand/Desktop/shopsmart/server/node_modules/.ignore-by-default-P56TevHG',
271 silly reify   '/Users/rashmianand/Desktop/shopsmart/server/node_modules/iconv-lite': '/Users/rashmianand/Desktop/shopsmart/server/node_modules/.iconv-lite-Q2DMhaI4',
271 silly reify   '/Users/rashmianand/Desktop/shopsmart/server/node_modules/import-local': '/Users/rashmianand/Desktop/shopsmart/server/node_modules/.import-local-WlstUn10',
271 silly reify   '/Users/rashmianand/Desktop/shopsmart/server/node_modules/http-errors': '/Users/rashmianand/Desktop/shopsmart/server/node_modules/.http-errors-d6Agg6Ik',
271 silly reify   '/Users/rashmianand/Desktop/shopsmart/server/node_modules/ipaddr.js': '/Users/rashmianand/Desktop/shopsmart/server/node_modules/.ipaddr.js-f7drRpvP',
271 silly reify   '/Users/rashmianand/Desktop/shopsmart/server/node_modules/is-arrayish': '/Users/rashmianand/Desktop/shopsmart/server/node_modules/.is-arrayish-kdIXlorD',
271 silly reify   '/Users/rashmianand/Desktop/shopsmart/server/node_modules/is-binary-path': '/Users/rashmianand/Desktop/shopsmart/server/node_modules/.is-binary-path-0mNRp8Q4',
271 silly reify   '/Users/rashmianand/Desktop/shopsmart/server/node_modules/is-fullwidth-code-point': '/Users/rashmianand/Desktop/shopsmart/server/node_modules/.is-fullwidth-code-point-RmOde5Th',
271 silly reify   '/Users/rashmianand/Desktop/shopsmart/server/node_modules/is-generator-fn': '/Users/rashmianand/Desktop/shopsmart/server/node_modules/.is-generator-fn-wOyEX8bg',
271 silly reify   '/Users/rashmianand/Desktop/shopsmart/server/node_modules/is-number': '/Users/rashmianand/Desktop/shopsmart/server/node_modules/.is-number-ujtsrP4h',
271 silly reify   '/Users/rashmianand/Desktop/shopsmart/server/node_modules/is-stream': '/Users/rashmianand/Desktop/shopsmart/server/node_modules/.is-stream-yz434Jih',
271 silly reify   '/Users/rashmianand/Desktop/shopsmart/server/node_modules/istanbul-lib-coverage': '/Users/rashmianand/Desktop/shopsmart/server/node_modules/.istanbul-lib-coverage-4mVOIUrW',
271 silly reify   '/Users/rashmianand/Desktop/shopsmart/server/node_modules/istanbul-lib-instrument': '/Users/rashmianand/Desktop/shopsmart/server/node_modules/.istanbul-lib-instrument-QHQrGxkw',
271 silly reify   '/Users/rashmianand/Desktop/shopsmart/server/node_modules/istanbul-lib-report': '/Users/rashmianand/Desktop/shopsmart/server/node_modules/.istanbul-lib-report-pcoHjHyM',
271 silly reify   '/Users/rashmianand/Desktop/shopsmart/server/node_modules/istanbul-lib-source-maps': '/Users/rashmianand/Desktop/shopsmart/server/node_modules/.istanbul-lib-source-maps-O7Rsy1UF',
271 silly reify   '/Users/rashmianand/Desktop/shopsmart/server/node_modules/istanbul-reports': '/Users/rashmianand/Desktop/shopsmart/server/node_modules/.istanbul-reports-zZCXqLSh',
271 silly reify   '/Users/rashmianand/Desktop/shopsmart/server/node_modules/jest': '/Users/rashmianand/Desktop/shopsmart/server/node_modules/.jest-fi4qaslw',
271 silly reify   '/Users/rashmianand/Desktop/shopsmart/server/node_modules/jest-changed-files': '/Users/rashmianand/Desktop/shopsmart/server/node_modules/.jest-changed-files-LKMD4QNF',
271 silly reify   '/Users/rashmianand/Desktop/shopsmart/server/node_modules/jest-circus': '/Users/rashmianand/Desktop/shopsmart/server/node_modules/.jest-circus-TzLhE6kj',
271 silly reify   '/Users/rashmianand/Desktop/shopsmart/server/node_modules/jest-cli': '/Users/rashmianand/Desktop/shopsmart/server/node_modules/.jest-cli-ZuAaszm1',
271 silly reify   '/Users/rashmianand/Desktop/shopsmart/server/node_modules/jest-config': '/Users/rashmianand/Desktop/shopsmart/server/node_modules/.jest-config-xeyGb68Z',
271 silly reify   '/Users/rashmianand/Desktop/shopsmart/server/node_modules/jest-diff': '/Users/rashmianand/Desktop/shopsmart/server/node_modules/.jest-diff-eEnrWgMW',
271 silly reify   '/Users/rashmianand/Desktop/shopsmart/server/node_modules/jest-docblock': '/Users/rashmianand/Desktop/shopsmart/server/node_modules/.jest-docblock-HhYeecX6',
271 silly reify   '/Users/rashmianand/Desktop/shopsmart/server/node_modules/jest-each': '/Users/rashmianand/Desktop/shopsmart/server/node_modules/.jest-each-OQjbq5Fq',
271 silly reify   '/Users/rashmianand/Desktop/shopsmart/server/node_modules/jest-environment-node': '/Users/rashmianand/Desktop/shopsmart/server/node_modules/.jest-environment-node-65qyVs3M',
271 silly reify   '/Users/rashmianand/Desktop/shopsmart/server/node_modules/jest-get-type': '/Users/rashmianand/Desktop/shopsmart/server/node_modules/.jest-get-type-XacWWUzI',
271 silly reify   '/Users/rashmianand/Desktop/shopsmart/server/node_modules/jest-haste-map': '/Users/rashmianand/Desktop/shopsmart/server/node_modules/.jest-haste-map-Kha0VGvg',
271 silly reify   '/Users/rashmianand/Desktop/shopsmart/server/node_modules/jest-leak-detector': '/Users/rashmianand/Desktop/shopsmart/server/node_modules/.jest-leak-detector-lOchMnpt',
271 silly reify   '/Users/rashmianand/Desktop/shopsmart/server/node_modules/jest-matcher-utils': '/Users/rashmianand/Desktop/shopsmart/server/node_modules/.jest-matcher-utils-A4Gbru3n',
271 silly reify   '/Users/rashmianand/Desktop/shopsmart/server/node_modules/jest-message-util': '/Users/rashmianand/Desktop/shopsmart/server/node_modules/.jest-message-util-lY5Mrdf0',
271 silly reify   '/Users/rashmianand/Desktop/shopsmart/server/node_modules/jest-mock': '/Users/rashmianand/Desktop/shopsmart/server/node_modules/.jest-mock-191Lh1fC',
271 silly reify   '/Users/rashmianand/Desktop/shopsmart/server/node_modules/jest-pnp-resolver': '/Users/rashmianand/Desktop/shopsmart/server/node_modules/.jest-pnp-resolver-Hf6AnjI6',
271 silly reify   '/Users/rashmianand/Desktop/shopsmart/server/node_modules/jest-regex-util': '/Users/rashmianand/Desktop/shopsmart/server/node_modules/.jest-regex-util-IPwET8dq',
271 silly reify   '/Users/rashmianand/Desktop/shopsmart/server/node_modules/jest-resolve': '/Users/rashmianand/Desktop/shopsmart/server/node_modules/.jest-resolve-DQTv4GhG',
271 silly reify   '/Users/rashmianand/Desktop/shopsmart/server/node_modules/jest-resolve-dependencies': '/Users/rashmianand/Desktop/shopsmart/server/node_modules/.jest-resolve-dependencies-jYOZUzth',
271 silly reify   '/Users/rashmianand/Desktop/shopsmart/server/node_modules/jest-runner': '/Users/rashmianand/Desktop/shopsmart/server/node_modules/.jest-runner-o2ozVYFM',
271 silly reify   '/Users/rashmianand/Desktop/shopsmart/server/node_modules/jest-runtime': '/Users/rashmianand/Desktop/shopsmart/server/node_modules/.jest-runtime-hLdk4tmx',
271 silly reify   '/Users/rashmianand/Desktop/shopsmart/server/node_modules/jest-snapshot': '/Users/rashmianand/Desktop/shopsmart/server/node_modules/.jest-snapshot-Im1aSQx2',
271 silly reify   '/Users/rashmianand/Desktop/shopsmart/server/node_modules/jest-util': '/Users/rashmianand/Desktop/shopsmart/server/node_modules/.jest-util-lQGOqpde',
271 silly reify   '/Users/rashmianand/Desktop/shopsmart/server/node_modules/jest-validate': '/Users/rashmianand/Desktop/shopsmart/server/node_modules/.jest-validate-x1qsee9j',
271 silly reify   '/Users/rashmianand/Desktop/shopsmart/server/node_modules/jest-watcher': '/Users/rashmianand/Desktop/shopsmart/server/node_modules/.jest-watcher-MEWBoI8j',
271 silly reify   '/Users/rashmianand/Desktop/shopsmart/server/node_modules/jest-worker': '/Users/rashmianand/Desktop/shopsmart/server/node_modules/.jest-worker-qboAmAxl',
271 silly reify   '/Users/rashmianand/Desktop/shopsmart/server/node_modules/js-yaml': '/Users/rashmianand/Desktop/shopsmart/server/node_modules/.js-yaml-XXeL5ZPg',
271 silly reify   '/Users/rashmianand/Desktop/shopsmart/server/node_modules/json-parse-even-better-errors': '/Users/rashmianand/Desktop/shopsmart/server/node_modules/.json-parse-even-better-errors-1Lh5D3m1',
271 silly reify   '/Users/rashmianand/Desktop/shopsmart/server/node_modules/kleur': '/Users/rashmianand/Desktop/shopsmart/server/node_modules/.kleur-ryKPoukn',
271 silly reify   '/Users/rashmianand/Desktop/shopsmart/server/node_modules/leven': '/Users/rashmianand/Desktop/shopsmart/server/node_modules/.leven-hLg0zuT1',
271 silly reify   '/Users/rashmianand/Desktop/shopsmart/server/node_modules/lines-and-columns': '/Users/rashmianand/Desktop/shopsmart/server/node_modules/.lines-and-columns-HkPtWa4E',
271 silly reify   '/Users/rashmianand/Desktop/shopsmart/server/node_modules/make-dir': '/Users/rashmianand/Desktop/shopsmart/server/node_modules/.make-dir-PaZOWgae',
271 silly reify   '/Users/rashmianand/Desktop/shopsmart/server/node_modules/makeerror': '/Users/rashmianand/Desktop/shopsmart/server/node_modules/.makeerror-70UD84cc',
271 silly reify   '/Users/rashmianand/Desktop/shopsmart/server/node_modules/media-typer': '/Users/rashmianand/Desktop/shopsmart/server/node_modules/.media-typer-lSvWRHDD',
271 silly reify   '/Users/rashmianand/Desktop/shopsmart/server/node_modules/merge-descriptors': '/Users/rashmianand/Desktop/shopsmart/server/node_modules/.merge-descriptors-g3y003p2',
271 silly reify   '/Users/rashmianand/Desktop/shopsmart/server/node_modules/methods': '/Users/rashmianand/Desktop/shopsmart/server/node_modules/.methods-eugoJLpU',
271 silly reify   '/Users/rashmianand/Desktop/shopsmart/server/node_modules/locate-path': '/Users/rashmianand/Desktop/shopsmart/server/node_modules/.locate-path-eXGn9adV',
271 silly reify   '/Users/rashmianand/Desktop/shopsmart/server/node_modules/micromatch': '/Users/rashmianand/Desktop/shopsmart/server/node_modules/.micromatch-BNzsca7A',
271 silly reify   '/Users/rashmianand/Desktop/shopsmart/server/node_modules/mime': '/Users/rashmianand/Desktop/shopsmart/server/node_modules/.mime-i5wKvCQi',
271 silly reify   '/Users/rashmianand/Desktop/shopsmart/server/node_modules/mimic-fn': '/Users/rashmianand/Desktop/shopsmart/server/node_modules/.mimic-fn-q0qeOkqQ',
271 silly reify   '/Users/rashmianand/Desktop/shopsmart/server/node_modules/morgan': '/Users/rashmianand/Desktop/shopsmart/server/node_modules/.morgan-nwMR3sjx',
271 silly reify   '/Users/rashmianand/Desktop/shopsmart/server/node_modules/ms': '/Users/rashmianand/Desktop/shopsmart/server/node_modules/.ms-RYUC9x1K',
271 silly reify   '/Users/rashmianand/Desktop/shopsmart/server/node_modules/negotiator': '/Users/rashmianand/Desktop/shopsmart/server/node_modules/.negotiator-snDmweZb',
271 silly reify   '/Users/rashmianand/Desktop/shopsmart/server/node_modules/node-int64': '/Users/rashmianand/Desktop/shopsmart/server/node_modules/.node-int64-T5PfzZBR',
271 silly reify   '/Users/rashmianand/Desktop/shopsmart/server/node_modules/node-releases': '/Users/rashmianand/Desktop/shopsmart/server/node_modules/.node-releases-iuLiB8Sm',
271 silly reify   '/Users/rashmianand/Desktop/shopsmart/server/node_modules/nodemon': '/Users/rashmianand/Desktop/shopsmart/server/node_modules/.nodemon-5MRF7gr9',
271 silly reify   '/Users/rashmianand/Desktop/shopsmart/server/node_modules/normalize-path': '/Users/rashmianand/Desktop/shopsmart/server/node_modules/.normalize-path-Oez0neYt',
271 silly reify   '/Users/rashmianand/Desktop/shopsmart/server/node_modules/npm-run-path': '/Users/rashmianand/Desktop/shopsmart/server/node_modules/.npm-run-path-JEuiT3rf',
271 silly reify   '/Users/rashmianand/Desktop/shopsmart/server/node_modules/on-finished': '/Users/rashmianand/Desktop/shopsmart/server/node_modules/.on-finished-1FZvBLuz',
271 silly reify   '/Users/rashmianand/Desktop/shopsmart/server/node_modules/on-headers': '/Users/rashmianand/Desktop/shopsmart/server/node_modules/.on-headers-bMXd32mD',
271 silly reify   '/Users/rashmianand/Desktop/shopsmart/server/node_modules/onetime': '/Users/rashmianand/Desktop/shopsmart/server/node_modules/.onetime-ufoVFJqu',
271 silly reify   '/Users/rashmianand/Desktop/shopsmart/server/node_modules/p-locate': '/Users/rashmianand/Desktop/shopsmart/server/node_modules/.p-locate-lUOeUgSI',
271 silly reify   '/Users/rashmianand/Desktop/shopsmart/server/node_modules/p-try': '/Users/rashmianand/Desktop/shopsmart/server/node_modules/.p-try-q3RKx9mp',
271 silly reify   '/Users/rashmianand/Desktop/shopsmart/server/node_modules/parse-json': '/Users/rashmianand/Desktop/shopsmart/server/node_modules/.parse-json-CAzkkDph',
271 silly reify   '/Users/rashmianand/Desktop/shopsmart/server/node_modules/parseurl': '/Users/rashmianand/Desktop/shopsmart/server/node_modules/.parseurl-dy35Kd2j',
271 silly reify   '/Users/rashmianand/Desktop/shopsmart/server/node_modules/path-to-regexp': '/Users/rashmianand/Desktop/shopsmart/server/node_modules/.path-to-regexp-M7ZwefhP',
271 silly reify   '/Users/rashmianand/Desktop/shopsmart/server/node_modules/picomatch': '/Users/rashmianand/Desktop/shopsmart/server/node_modules/.picomatch-406RdLWi',
271 silly reify   '/Users/rashmianand/Desktop/shopsmart/server/node_modules/pkg-dir': '/Users/rashmianand/Desktop/shopsmart/server/node_modules/.pkg-dir-mvPuPpDA',
271 silly reify   '/Users/rashmianand/Desktop/shopsmart/server/node_modules/pirates': '/Users/rashmianand/Desktop/shopsmart/server/node_modules/.pirates-ANJPi4CV',
271 silly reify   '/Users/rashmianand/Desktop/shopsmart/server/node_modules/proxy-addr': '/Users/rashmianand/Desktop/shopsmart/server/node_modules/.proxy-addr-tfmJdk0L',
271 silly reify   '/Users/rashmianand/Desktop/shopsmart/server/node_modules/pstree.remy': '/Users/rashmianand/Desktop/shopsmart/server/node_modules/.pstree.remy-4ylba9Mt',
271 silly reify   '/Users/rashmianand/Desktop/shopsmart/server/node_modules/pure-rand': '/Users/rashmianand/Desktop/shopsmart/server/node_modules/.pure-rand-DFicxvvZ',
271 silly reify   '/Users/rashmianand/Desktop/shopsmart/server/node_modules/qs': '/Users/rashmianand/Desktop/shopsmart/server/node_modules/.qs-SwMkgbQ4',
271 silly reify   '/Users/rashmianand/Desktop/shopsmart/server/node_modules/prompts': '/Users/rashmianand/Desktop/shopsmart/server/node_modules/.prompts-W69B6isK',
271 silly reify   '/Users/rashmianand/Desktop/shopsmart/server/node_modules/raw-body': '/Users/rashmianand/Desktop/shopsmart/server/node_modules/.raw-body-iqudzIsX',
271 silly reify   '/Users/rashmianand/Desktop/shopsmart/server/node_modules/readdirp': '/Users/rashmianand/Desktop/shopsmart/server/node_modules/.readdirp-l0MR2grf',
271 silly reify   '/Users/rashmianand/Desktop/shopsmart/server/node_modules/require-directory': '/Users/rashmianand/Desktop/shopsmart/server/node_modules/.require-directory-B1jXa41F',
271 silly reify   '/Users/rashmianand/Desktop/shopsmart/server/node_modules/range-parser': '/Users/rashmianand/Desktop/shopsmart/server/node_modules/.range-parser-WpfyL6aV',
271 silly reify   '/Users/rashmianand/Desktop/shopsmart/server/node_modules/resolve': '/Users/rashmianand/Desktop/shopsmart/server/node_modules/.resolve-pA99Ff43',
271 silly reify   '/Users/rashmianand/Desktop/shopsmart/server/node_modules/resolve-cwd': '/Users/rashmianand/Desktop/shopsmart/server/node_modules/.resolve-cwd-ODx1w2zx',
271 silly reify   '/Users/rashmianand/Desktop/shopsmart/server/node_modules/resolve-from': '/Users/rashmianand/Desktop/shopsmart/server/node_modules/.resolve-from-Z7h4iGBT',
271 silly reify   '/Users/rashmianand/Desktop/shopsmart/server/node_modules/resolve.exports': '/Users/rashmianand/Desktop/shopsmart/server/node_modules/.resolve.exports-AsQWrlPH',
271 silly reify   '/Users/rashmianand/Desktop/shopsmart/server/node_modules/send': '/Users/rashmianand/Desktop/shopsmart/server/node_modules/.send-6YZHYcDX',
271 silly reify   '/Users/rashmianand/Desktop/shopsmart/server/node_modules/safe-buffer': '/Users/rashmianand/Desktop/shopsmart/server/node_modules/.safe-buffer-G5vpokRp',
271 silly reify   '/Users/rashmianand/Desktop/shopsmart/server/node_modules/setprototypeof': '/Users/rashmianand/Desktop/shopsmart/server/node_modules/.setprototypeof-HyX8tIUK',
271 silly reify   '/Users/rashmianand/Desktop/shopsmart/server/node_modules/serve-static': '/Users/rashmianand/Desktop/shopsmart/server/node_modules/.serve-static-6krLgtUN',
271 silly reify   '/Users/rashmianand/Desktop/shopsmart/server/node_modules/side-channel-list': '/Users/rashmianand/Desktop/shopsmart/server/node_modules/.side-channel-list-NptsTc5M',
271 silly reify   '/Users/rashmianand/Desktop/shopsmart/server/node_modules/signal-exit': '/Users/rashmianand/Desktop/shopsmart/server/node_modules/.signal-exit-iQzMoyg5',
271 silly reify   '/Users/rashmianand/Desktop/shopsmart/server/node_modules/simple-update-notifier': '/Users/rashmianand/Desktop/shopsmart/server/node_modules/.simple-update-notifier-uOnJeDlF',
271 silly reify   '/Users/rashmianand/Desktop/shopsmart/server/node_modules/sisteransi': '/Users/rashmianand/Desktop/shopsmart/server/node_modules/.sisteransi-kfWfefdJ',
271 silly reify   '/Users/rashmianand/Desktop/shopsmart/server/node_modules/slash': '/Users/rashmianand/Desktop/shopsmart/server/node_modules/.slash-Ipn3rzdL',
271 silly reify   '/Users/rashmianand/Desktop/shopsmart/server/node_modules/source-map': '/Users/rashmianand/Desktop/shopsmart/server/node_modules/.source-map-gatlx6UF',
271 silly reify   '/Users/rashmianand/Desktop/shopsmart/server/node_modules/source-map-support': '/Users/rashmianand/Desktop/shopsmart/server/node_modules/.source-map-support-SkAYtmi1',
271 silly reify   '/Users/rashmianand/Desktop/shopsmart/server/node_modules/sprintf-js': '/Users/rashmianand/Desktop/shopsmart/server/node_modules/.sprintf-js-C4M5e0fm',
271 silly reify   '/Users/rashmianand/Desktop/shopsmart/server/node_modules/stack-utils': '/Users/rashmianand/Desktop/shopsmart/server/node_modules/.stack-utils-yRJG3H5V',
271 silly reify   '/Users/rashmianand/Desktop/shopsmart/server/node_modules/statuses': '/Users/rashmianand/Desktop/shopsmart/server/node_modules/.statuses-DVXTl7kv',
271 silly reify   '/Users/rashmianand/Desktop/shopsmart/server/node_modules/string-length': '/Users/rashmianand/Desktop/shopsmart/server/node_modules/.string-length-mhn2VzZf',
271 silly reify   '/Users/rashmianand/Desktop/shopsmart/server/node_modules/string-width': '/Users/rashmianand/Desktop/shopsmart/server/node_modules/.string-width-D4p6OwtU',
271 silly reify   '/Users/rashmianand/Desktop/shopsmart/server/node_modules/strip-bom': '/Users/rashmianand/Desktop/shopsmart/server/node_modules/.strip-bom-Xd0E25wh',
271 silly reify   '/Users/rashmianand/Desktop/shopsmart/server/node_modules/strip-final-newline': '/Users/rashmianand/Desktop/shopsmart/server/node_modules/.strip-final-newline-mSLwzOBY',
271 silly reify   '/Users/rashmianand/Desktop/shopsmart/server/node_modules/supertest': '/Users/rashmianand/Desktop/shopsmart/server/node_modules/.supertest-w3VF0ouw',
271 silly reify   '/Users/rashmianand/Desktop/shopsmart/server/node_modules/superagent': '/Users/rashmianand/Desktop/shopsmart/server/node_modules/.superagent-dLwwobuS',
271 silly reify   '/Users/rashmianand/Desktop/shopsmart/server/node_modules/test-exclude': '/Users/rashmianand/Desktop/shopsmart/server/node_modules/.test-exclude-0rwooDHt',
271 silly reify   '/Users/rashmianand/Desktop/shopsmart/server/node_modules/to-regex-range': '/Users/rashmianand/Desktop/shopsmart/server/node_modules/.to-regex-range-25bOc4B6',
271 silly reify   '/Users/rashmianand/Desktop/shopsmart/server/node_modules/tmpl': '/Users/rashmianand/Desktop/shopsmart/server/node_modules/.tmpl-3b7TIpxi',
271 silly reify   '/Users/rashmianand/Desktop/shopsmart/server/node_modules/toidentifier': '/Users/rashmianand/Desktop/shopsmart/server/node_modules/.toidentifier-g0iRI9AG',
271 silly reify   '/Users/rashmianand/Desktop/shopsmart/server/node_modules/touch': '/Users/rashmianand/Desktop/shopsmart/server/node_modules/.touch-1LkulFT4',
271 silly reify   '/Users/rashmianand/Desktop/shopsmart/server/node_modules/type-detect': '/Users/rashmianand/Desktop/shopsmart/server/node_modules/.type-detect-0eVC56ND',
271 silly reify   '/Users/rashmianand/Desktop/shopsmart/server/node_modules/type-fest': '/Users/rashmianand/Desktop/shopsmart/server/node_modules/.type-fest-RzR4GCK2',
271 silly reify   '/Users/rashmianand/Desktop/shopsmart/server/node_modules/type-is': '/Users/rashmianand/Desktop/shopsmart/server/node_modules/.type-is-zqLThi28',
271 silly reify   '/Users/rashmianand/Desktop/shopsmart/server/node_modules/undefsafe': '/Users/rashmianand/Desktop/shopsmart/server/node_modules/.undefsafe-CQwHcg17',
271 silly reify   '/Users/rashmianand/Desktop/shopsmart/server/node_modules/undici-types': '/Users/rashmianand/Desktop/shopsmart/server/node_modules/.undici-types-ieazA0Qs',
271 silly reify   '/Users/rashmianand/Desktop/shopsmart/server/node_modules/unpipe': '/Users/rashmianand/Desktop/shopsmart/server/node_modules/.unpipe-5JD6Fyjg',
271 silly reify   '/Users/rashmianand/Desktop/shopsmart/server/node_modules/v8-to-istanbul': '/Users/rashmianand/Desktop/shopsmart/server/node_modules/.v8-to-istanbul-1JFAzwH9',
271 silly reify   '/Users/rashmianand/Desktop/shopsmart/server/node_modules/vary': '/Users/rashmianand/Desktop/shopsmart/server/node_modules/.vary-afcwo2Xt',
271 silly reify   '/Users/rashmianand/Desktop/shopsmart/server/node_modules/utils-merge': '/Users/rashmianand/Desktop/shopsmart/server/node_modules/.utils-merge-fL18hCGc',
271 silly reify   '/Users/rashmianand/Desktop/shopsmart/server/node_modules/walker': '/Users/rashmianand/Desktop/shopsmart/server/node_modules/.walker-2eaqorzC',
271 silly reify   '/Users/rashmianand/Desktop/shopsmart/server/node_modules/wrap-ansi': '/Users/rashmianand/Desktop/shopsmart/server/node_modules/.wrap-ansi-BKIlEaDu',
271 silly reify   '/Users/rashmianand/Desktop/shopsmart/server/node_modules/write-file-atomic': '/Users/rashmianand/Desktop/shopsmart/server/node_modules/.write-file-atomic-GJ74M2aL',
271 silly reify   '/Users/rashmianand/Desktop/shopsmart/server/node_modules/y18n': '/Users/rashmianand/Desktop/shopsmart/server/node_modules/.y18n-pT1Pteu9',
271 silly reify   '/Users/rashmianand/Desktop/shopsmart/server/node_modules/yargs': '/Users/rashmianand/Desktop/shopsmart/server/node_modules/.yargs-FRjMzc1i',
271 silly reify   '/Users/rashmianand/Desktop/shopsmart/server/node_modules/yargs-parser': '/Users/rashmianand/Desktop/shopsmart/server/node_modules/.yargs-parser-q9DJqj2T',
271 silly reify   '/Users/rashmianand/Desktop/shopsmart/server/node_modules/@babel/compat-data': '/Users/rashmianand/Desktop/shopsmart/server/node_modules/@babel/.compat-data-KxfzBuTu',
271 silly reify   '/Users/rashmianand/Desktop/shopsmart/server/node_modules/@babel/parser': '/Users/rashmianand/Desktop/shopsmart/server/node_modules/@babel/.parser-I7E1SwED',
271 silly reify   '/Users/rashmianand/Desktop/shopsmart/server/node_modules/@babel/plugin-syntax-async-generators': '/Users/rashmianand/Desktop/shopsmart/server/node_modules/@babel/.plugin-syntax-async-generators-iJVnZ2OJ',
271 silly reify   '/Users/rashmianand/Desktop/shopsmart/server/node_modules/@babel/plugin-syntax-class-properties': '/Users/rashmianand/Desktop/shopsmart/server/node_modules/@babel/.plugin-syntax-class-properties-tC0B1ufk',
271 silly reify   '/Users/rashmianand/Desktop/shopsmart/server/node_modules/@babel/plugin-syntax-bigint': '/Users/rashmianand/Desktop/shopsmart/server/node_modules/@babel/.plugin-syntax-bigint-ep1w2ydw',
271 silly reify   '/Users/rashmianand/Desktop/shopsmart/server/node_modules/@babel/plugin-syntax-import-attributes': '/Users/rashmianand/Desktop/shopsmart/server/node_modules/@babel/.plugin-syntax-import-attributes-Lkehji8Q',
271 silly reify   '/Users/rashmianand/Desktop/shopsmart/server/node_modules/@babel/plugin-syntax-class-static-block': '/Users/rashmianand/Desktop/shopsmart/server/node_modules/@babel/.plugin-syntax-class-static-block-bBsPFxbn',
271 silly reify   '/Users/rashmianand/Desktop/shopsmart/server/node_modules/@babel/plugin-syntax-import-meta': '/Users/rashmianand/Desktop/shopsmart/server/node_modules/@babel/.plugin-syntax-import-meta-UpW0iIvz',
271 silly reify   '/Users/rashmianand/Desktop/shopsmart/server/node_modules/@babel/plugin-syntax-json-strings': '/Users/rashmianand/Desktop/shopsmart/server/node_modules/@babel/.plugin-syntax-json-strings-2lTEh1rq',
271 silly reify   '/Users/rashmianand/Desktop/shopsmart/server/node_modules/@babel/plugin-syntax-jsx': '/Users/rashmianand/Desktop/shopsmart/server/node_modules/@babel/.plugin-syntax-jsx-u5WMXV5q',
271 silly reify   '/Users/rashmianand/Desktop/shopsmart/server/node_modules/@babel/plugin-syntax-logical-assignment-operators': '/Users/rashmianand/Desktop/shopsmart/server/node_modules/@babel/.plugin-syntax-logical-assignment-operators-HQ6M3OIf',
271 silly reify   '/Users/rashmianand/Desktop/shopsmart/server/node_modules/@babel/plugin-syntax-nullish-coalescing-operator': '/Users/rashmianand/Desktop/shopsmart/server/node_modules/@babel/.plugin-syntax-nullish-coalescing-operator-9XlzLd6S',
271 silly reify   '/Users/rashmianand/Desktop/shopsmart/server/node_modules/@babel/plugin-syntax-numeric-separator': '/Users/rashmianand/Desktop/shopsmart/server/node_modules/@babel/.plugin-syntax-numeric-separator-MavZndia',
271 silly reify   '/Users/rashmianand/Desktop/shopsmart/server/node_modules/@babel/plugin-syntax-object-rest-spread': '/Users/rashmianand/Desktop/shopsmart/server/node_modules/@babel/.plugin-syntax-object-rest-spread-thQzDNvm',
271 silly reify   '/Users/rashmianand/Desktop/shopsmart/server/node_modules/@babel/plugin-syntax-optional-catch-binding': '/Users/rashmianand/Desktop/shopsmart/server/node_modules/@babel/.plugin-syntax-optional-catch-binding-ARETVk7M',
271 silly reify   '/Users/rashmianand/Desktop/shopsmart/server/node_modules/@babel/plugin-syntax-optional-chaining': '/Users/rashmianand/Desktop/shopsmart/server/node_modules/@babel/.plugin-syntax-optional-chaining-ggCXQlAX',
271 silly reify   '/Users/rashmianand/Desktop/shopsmart/server/node_modules/@babel/plugin-syntax-private-property-in-object': '/Users/rashmianand/Desktop/shopsmart/server/node_modules/@babel/.plugin-syntax-private-property-in-object-UaTPyIDJ',
271 silly reify   '/Users/rashmianand/Desktop/shopsmart/server/node_modules/@babel/plugin-syntax-top-level-await': '/Users/rashmianand/Desktop/shopsmart/server/node_modules/@babel/.plugin-syntax-top-level-await-eV9vzF4P',
271 silly reify   '/Users/rashmianand/Desktop/shopsmart/server/node_modules/@babel/plugin-syntax-typescript': '/Users/rashmianand/Desktop/shopsmart/server/node_modules/@babel/.plugin-syntax-typescript-7ur5TO3r',
271 silly reify   '/Users/rashmianand/Desktop/shopsmart/server/node_modules/@bcoe/v8-coverage': '/Users/rashmianand/Desktop/shopsmart/server/node_modules/@bcoe/.v8-coverage-P8jXxIGP',
271 silly reify   '/Users/rashmianand/Desktop/shopsmart/server/node_modules/@istanbuljs/load-nyc-config': '/Users/rashmianand/Desktop/shopsmart/server/node_modules/@istanbuljs/.load-nyc-config-sL06OI5l',
271 silly reify   '/Users/rashmianand/Desktop/shopsmart/server/node_modules/@istanbuljs/schema': '/Users/rashmianand/Desktop/shopsmart/server/node_modules/@istanbuljs/.schema-O1HcMeE4',
271 silly reify   '/Users/rashmianand/Desktop/shopsmart/server/node_modules/@jest/environment': '/Users/rashmianand/Desktop/shopsmart/server/node_modules/@jest/.environment-f1biKNci',
271 silly reify   '/Users/rashmianand/Desktop/shopsmart/server/node_modules/@jest/expect': '/Users/rashmianand/Desktop/shopsmart/server/node_modules/@jest/.expect-aNUhA89x',
271 silly reify   '/Users/rashmianand/Desktop/shopsmart/server/node_modules/@jest/expect-utils': '/Users/rashmianand/Desktop/shopsmart/server/node_modules/@jest/.expect-utils-rrX03BzV',
271 silly reify   '/Users/rashmianand/Desktop/shopsmart/server/node_modules/@jest/fake-timers': '/Users/rashmianand/Desktop/shopsmart/server/node_modules/@jest/.fake-timers-M2g7Vksk',
271 silly reify   '/Users/rashmianand/Desktop/shopsmart/server/node_modules/@jest/core': '/Users/rashmianand/Desktop/shopsmart/server/node_modules/@jest/.core-1enTcTpZ',
271 silly reify   '/Users/rashmianand/Desktop/shopsmart/server/node_modules/@jest/globals': '/Users/rashmianand/Desktop/shopsmart/server/node_modules/@jest/.globals-NhklRTQS',
271 silly reify   '/Users/rashmianand/Desktop/shopsmart/server/node_modules/@jest/reporters': '/Users/rashmianand/Desktop/shopsmart/server/node_modules/@jest/.reporters-lQPsIGpS',
271 silly reify   '/Users/rashmianand/Desktop/shopsmart/server/node_modules/@jest/test-result': '/Users/rashmianand/Desktop/shopsmart/server/node_modules/@jest/.test-result-rS9PVIx2',
271 silly reify   '/Users/rashmianand/Desktop/shopsmart/server/node_modules/@jest/console': '/Users/rashmianand/Desktop/shopsmart/server/node_modules/@jest/.console-h32ZioRI',
271 silly reify   '/Users/rashmianand/Desktop/shopsmart/server/node_modules/@jest/source-map': '/Users/rashmianand/Desktop/shopsmart/server/node_modules/@jest/.source-map-XvfwdmTZ',
271 silly reify   '/Users/rashmianand/Desktop/shopsmart/server/node_modules/@jest/transform': '/Users/rashmianand/Desktop/shopsmart/server/node_modules/@jest/.transform-3JSmuOYk',
271 silly reify   '/Users/rashmianand/Desktop/shopsmart/server/node_modules/@jest/test-sequencer': '/Users/rashmianand/Desktop/shopsmart/server/node_modules/@jest/.test-sequencer-m7EHgvky',
271 silly reify   '/Users/rashmianand/Desktop/shopsmart/server/node_modules/@jest/types': '/Users/rashmianand/Desktop/shopsmart/server/node_modules/@jest/.types-j77zisik',
271 silly reify   '/Users/rashmianand/Desktop/shopsmart/server/node_modules/@noble/hashes': '/Users/rashmianand/Desktop/shopsmart/server/node_modules/@noble/.hashes-OtJIIOwp',
271 silly reify   '/Users/rashmianand/Desktop/shopsmart/server/node_modules/@paralleldrive/cuid2': '/Users/rashmianand/Desktop/shopsmart/server/node_modules/@paralleldrive/.cuid2-XM90t5kA',
271 silly reify   '/Users/rashmianand/Desktop/shopsmart/server/node_modules/@sinonjs/commons': '/Users/rashmianand/Desktop/shopsmart/server/node_modules/@sinonjs/.commons-IuReSikK',
271 silly reify   '/Users/rashmianand/Desktop/shopsmart/server/node_modules/@sinonjs/fake-timers': '/Users/rashmianand/Desktop/shopsmart/server/node_modules/@sinonjs/.fake-timers-o4Sk25d5',
271 silly reify   '/Users/rashmianand/Desktop/shopsmart/server/node_modules/@types/graceful-fs': '/Users/rashmianand/Desktop/shopsmart/server/node_modules/@types/.graceful-fs-Zbm1SyIS',
271 silly reify   '/Users/rashmianand/Desktop/shopsmart/server/node_modules/@types/istanbul-lib-coverage': '/Users/rashmianand/Desktop/shopsmart/server/node_modules/@types/.istanbul-lib-coverage-ZnETd7jY',
271 silly reify   '/Users/rashmianand/Desktop/shopsmart/server/node_modules/@types/istanbul-lib-report': '/Users/rashmianand/Desktop/shopsmart/server/node_modules/@types/.istanbul-lib-report-ePLjirsj',
271 silly reify   '/Users/rashmianand/Desktop/shopsmart/server/node_modules/@types/istanbul-reports': '/Users/rashmianand/Desktop/shopsmart/server/node_modules/@types/.istanbul-reports-Yw3wsBMF',
271 silly reify   '/Users/rashmianand/Desktop/shopsmart/server/node_modules/@types/node': '/Users/rashmianand/Desktop/shopsmart/server/node_modules/@types/.node-H63fciar',
271 silly reify   '/Users/rashmianand/Desktop/shopsmart/server/node_modules/@types/stack-utils': '/Users/rashmianand/Desktop/shopsmart/server/node_modules/@types/.stack-utils-8aUZwjlx',
271 silly reify   '/Users/rashmianand/Desktop/shopsmart/server/node_modules/@types/yargs': '/Users/rashmianand/Desktop/shopsmart/server/node_modules/@types/.yargs-tGFL7xPk',
271 silly reify   '/Users/rashmianand/Desktop/shopsmart/server/node_modules/@types/yargs-parser': '/Users/rashmianand/Desktop/shopsmart/server/node_modules/@types/.yargs-parser-PkTsuQiM',
271 silly reify   '/Users/rashmianand/Desktop/shopsmart/server/node_modules/jsesc': '/Users/rashmianand/Desktop/shopsmart/server/node_modules/.jsesc-W699VB3M',
271 silly reify   '/Users/rashmianand/Desktop/shopsmart/server/node_modules/.bin/jsesc': '/Users/rashmianand/Desktop/shopsmart/server/node_modules/.bin/.jsesc-5TQflald',
271 silly reify   '/Users/rashmianand/Desktop/shopsmart/server/node_modules/json5': '/Users/rashmianand/Desktop/shopsmart/server/node_modules/.json5-LdXLd34c',
271 silly reify   '/Users/rashmianand/Desktop/shopsmart/server/node_modules/.bin/json5': '/Users/rashmianand/Desktop/shopsmart/server/node_modules/.bin/.json5-krSahoTp',
271 silly reify   '/Users/rashmianand/Desktop/shopsmart/server/node_modules/semver': '/Users/rashmianand/Desktop/shopsmart/server/node_modules/.semver-ejgvyuns',
271 silly reify   '/Users/rashmianand/Desktop/shopsmart/server/node_modules/.bin/semver': '/Users/rashmianand/Desktop/shopsmart/server/node_modules/.bin/.semver-aUgEMcpi',
271 silly reify   '/Users/rashmianand/Desktop/shopsmart/server/node_modules/update-browserslist-db': '/Users/rashmianand/Desktop/shopsmart/server/node_modules/.update-browserslist-db-1GdSWRu0',
271 silly reify   '/Users/rashmianand/Desktop/shopsmart/server/node_modules/.bin/update-browserslist-db': '/Users/rashmianand/Desktop/shopsmart/server/node_modules/.bin/.update-browserslist-db-H6fvVoKW',
271 silly reify   '/Users/rashmianand/Desktop/shopsmart/server/node_modules/which': '/Users/rashmianand/Desktop/shopsmart/server/node_modules/.which-7QHdJ5mm',
271 silly reify   '/Users/rashmianand/Desktop/shopsmart/server/node_modules/.bin/node-which': '/Users/rashmianand/Desktop/shopsmart/server/node_modules/.bin/.node-which-ODNxmjfa'
271 silly reify }
272 silly audit bulk request {
272 silly audit   '@babel/code-frame': [ '7.29.0' ],
272 silly audit   '@babel/compat-data': [ '7.29.0' ],
272 silly audit   '@babel/core': [ '7.29.0' ],
272 silly audit   debug: [ '4.4.3', '2.6.9' ],
272 silly audit   ms: [ '2.1.3', '2.0.0' ],
272 silly audit   '@babel/generator': [ '7.29.1' ],
272 silly audit   '@babel/helper-compilation-targets': [ '7.28.6' ],
272 silly audit   '@babel/helper-globals': [ '7.28.0' ],
272 silly audit   '@babel/helper-module-imports': [ '7.28.6' ],
272 silly audit   '@babel/helper-module-transforms': [ '7.28.6' ],
272 silly audit   '@babel/helper-plugin-utils': [ '7.28.6' ],
272 silly audit   '@babel/helper-string-parser': [ '7.27.1' ],
272 silly audit   '@babel/helper-validator-identifier': [ '7.28.5' ],
272 silly audit   '@babel/helper-validator-option': [ '7.27.1' ],
272 silly audit   '@babel/helpers': [ '7.29.2' ],
272 silly audit   '@babel/parser': [ '7.29.2' ],
272 silly audit   '@babel/plugin-syntax-async-generators': [ '7.8.4' ],
272 silly audit   '@babel/plugin-syntax-bigint': [ '7.8.3' ],
272 silly audit   '@babel/plugin-syntax-class-properties': [ '7.12.13' ],
272 silly audit   '@babel/plugin-syntax-class-static-block': [ '7.14.5' ],
272 silly audit   '@babel/plugin-syntax-import-attributes': [ '7.28.6' ],
272 silly audit   '@babel/plugin-syntax-import-meta': [ '7.10.4' ],
272 silly audit   '@babel/plugin-syntax-json-strings': [ '7.8.3' ],
272 silly audit   '@babel/plugin-syntax-jsx': [ '7.28.6' ],
272 silly audit   '@babel/plugin-syntax-logical-assignment-operators': [ '7.10.4' ],
272 silly audit   '@babel/plugin-syntax-nullish-coalescing-operator': [ '7.8.3' ],
272 silly audit   '@babel/plugin-syntax-numeric-separator': [ '7.10.4' ],
272 silly audit   '@babel/plugin-syntax-object-rest-spread': [ '7.8.3' ],
272 silly audit   '@babel/plugin-syntax-optional-catch-binding': [ '7.8.3' ],
272 silly audit   '@babel/plugin-syntax-optional-chaining': [ '7.8.3' ],
272 silly audit   '@babel/plugin-syntax-private-property-in-object': [ '7.14.5' ],
272 silly audit   '@babel/plugin-syntax-top-level-await': [ '7.14.5' ],
272 silly audit   '@babel/plugin-syntax-typescript': [ '7.28.6' ],
272 silly audit   '@babel/template': [ '7.28.6' ],
272 silly audit   '@babel/traverse': [ '7.29.0' ],
272 silly audit   '@babel/types': [ '7.29.0' ],
272 silly audit   '@bcoe/v8-coverage': [ '0.2.3' ],
272 silly audit   '@istanbuljs/load-nyc-config': [ '1.1.0' ],
272 silly audit   '@istanbuljs/schema': [ '0.1.3' ],
272 silly audit   '@jest/console': [ '29.7.0' ],
272 silly audit   '@jest/core': [ '29.7.0' ],
272 silly audit   '@jest/environment': [ '29.7.0' ],
272 silly audit   '@jest/expect': [ '29.7.0' ],
272 silly audit   '@jest/expect-utils': [ '29.7.0' ],
272 silly audit   '@jest/fake-timers': [ '29.7.0' ],
272 silly audit   '@jest/globals': [ '29.7.0' ],
272 silly audit   '@jest/reporters': [ '29.7.0' ],
272 silly audit   '@jest/schemas': [ '29.6.3' ],
272 silly audit   '@jest/source-map': [ '29.6.3' ],
272 silly audit   '@jest/test-result': [ '29.7.0' ],
272 silly audit   '@jest/test-sequencer': [ '29.7.0' ],
272 silly audit   '@jest/transform': [ '29.7.0' ],
272 silly audit   '@jest/types': [ '29.6.3' ],
272 silly audit   '@jridgewell/gen-mapping': [ '0.3.13' ],
272 silly audit   '@jridgewell/remapping': [ '2.3.5' ],
272 silly audit   '@jridgewell/resolve-uri': [ '3.1.2' ],
272 silly audit   '@jridgewell/sourcemap-codec': [ '1.5.5' ],
272 silly audit   '@jridgewell/trace-mapping': [ '0.3.31' ],
272 silly audit   '@noble/hashes': [ '1.8.0' ],
272 silly audit   '@paralleldrive/cuid2': [ '2.3.1' ],
272 silly audit   '@sinclair/typebox': [ '0.27.10' ],
272 silly audit   '@sinonjs/commons': [ '3.0.1' ],
272 silly audit   '@sinonjs/fake-timers': [ '10.3.0' ],
272 silly audit   '@types/babel__core': [ '7.20.5' ],
272 silly audit   '@types/babel__generator': [ '7.27.0' ],
272 silly audit   '@types/babel__template': [ '7.4.4' ],
272 silly audit   '@types/babel__traverse': [ '7.28.0' ],
272 silly audit   '@types/graceful-fs': [ '4.1.9' ],
272 silly audit   '@types/istanbul-lib-coverage': [ '2.0.6' ],
272 silly audit   '@types/istanbul-lib-report': [ '3.0.3' ],
272 silly audit   '@types/istanbul-reports': [ '3.0.4' ],
272 silly audit   '@types/node': [ '25.5.0' ],
272 silly audit   '@types/stack-utils': [ '2.0.3' ],
272 silly audit   '@types/yargs': [ '17.0.35' ],
272 silly audit   '@types/yargs-parser': [ '21.0.3' ],
272 silly audit   accepts: [ '1.3.8' ],
272 silly audit   'ansi-escapes': [ '4.3.2' ],
272 silly audit   'ansi-regex': [ '5.0.1' ],
272 silly audit   'ansi-styles': [ '4.3.0', '5.2.0' ],
272 silly audit   anymatch: [ '3.1.3' ],
272 silly audit   argparse: [ '1.0.10' ],
272 silly audit   'array-flatten': [ '1.1.1' ],
272 silly audit   asap: [ '2.0.6' ],
272 silly audit   asynckit: [ '0.4.0' ],
272 silly audit   'babel-jest': [ '29.7.0' ],
272 silly audit   'babel-plugin-istanbul': [ '6.1.1' ],
272 silly audit   'istanbul-lib-instrument': [ '5.2.1', '6.0.3' ],
272 silly audit   'babel-plugin-jest-hoist': [ '29.6.3' ],
272 silly audit   'babel-preset-current-node-syntax': [ '1.2.0' ],
272 silly audit   'babel-preset-jest': [ '29.6.3' ],
272 silly audit   'balanced-match': [ '1.0.2', '4.0.4' ],
272 silly audit   'baseline-browser-mapping': [ '2.10.8' ],
272 silly audit   'basic-auth': [ '2.0.1' ],
272 silly audit   'safe-buffer': [ '5.1.2', '5.2.1' ],
272 silly audit   'binary-extensions': [ '2.3.0' ],
272 silly audit   'body-parser': [ '1.20.4' ],
272 silly audit   'brace-expansion': [ '1.1.12', '5.0.4' ],
272 silly audit   braces: [ '3.0.3' ],
272 silly audit   browserslist: [ '4.28.1' ],
272 silly audit   bser: [ '2.1.1' ],
272 silly audit   'buffer-from': [ '1.1.2' ],
272 silly audit   bytes: [ '3.1.2' ],
272 silly audit   'call-bind-apply-helpers': [ '1.0.2' ],
272 silly audit   'call-bound': [ '1.0.4' ],
272 silly audit   callsites: [ '3.1.0' ],
272 silly audit   camelcase: [ '5.3.1', '6.3.0' ],
272 silly audit   'caniuse-lite': [ '1.0.30001780' ],
272 silly audit   chalk: [ '4.1.2' ],
272 silly audit   'char-regex': [ '1.0.2' ],
272 silly audit   chokidar: [ '3.6.0' ],
272 silly audit   'ci-info': [ '3.9.0' ],
272 silly audit   'cjs-module-lexer': [ '1.4.3' ],
272 silly audit   cliui: [ '8.0.1' ],
272 silly audit   co: [ '4.6.0' ],
272 silly audit   'collect-v8-coverage': [ '1.0.3' ],
272 silly audit   'color-convert': [ '2.0.1' ],
272 silly audit   'color-name': [ '1.1.4' ],
272 silly audit   'combined-stream': [ '1.0.8' ],
272 silly audit   'component-emitter': [ '1.3.1' ],
272 silly audit   'concat-map': [ '0.0.1' ],
272 silly audit   'content-disposition': [ '0.5.4' ],
272 silly audit   'content-type': [ '1.0.5' ],
272 silly audit   'convert-source-map': [ '2.0.0' ],
272 silly audit   cookie: [ '0.7.2' ],
272 silly audit   'cookie-signature': [ '1.0.7' ],
272 silly audit   cookiejar: [ '2.1.4' ],
272 silly audit   cors: [ '2.8.6' ],
272 silly audit   'create-jest': [ '29.7.0' ],
272 silly audit   'cross-spawn': [ '7.0.6' ],
272 silly audit   dedent: [ '1.7.2' ],
272 silly audit   deepmerge: [ '4.3.1' ],
272 silly audit   'delayed-stream': [ '1.0.0' ],
272 silly audit   depd: [ '2.0.0' ],
272 silly audit   destroy: [ '1.2.0' ],
272 silly audit   'detect-newline': [ '3.1.0' ],
272 silly audit   dezalgo: [ '1.0.4' ],
272 silly audit   'diff-sequences': [ '29.6.3' ],
272 silly audit   dotenv: [ '16.6.1' ],
272 silly audit   'dunder-proto': [ '1.0.1' ],
272 silly audit   'ee-first': [ '1.1.1' ],
272 silly audit   'electron-to-chromium': [ '1.5.321' ],
272 silly audit   emittery: [ '0.13.1' ],
272 silly audit   'emoji-regex': [ '8.0.0' ],
272 silly audit   encodeurl: [ '2.0.0' ],
272 silly audit   'error-ex': [ '1.3.4' ],
272 silly audit   'es-define-property': [ '1.0.1' ],
272 silly audit   'es-errors': [ '1.3.0' ],
272 silly audit   'es-object-atoms': [ '1.1.1' ],
272 silly audit   'es-set-tostringtag': [ '2.1.0' ],
272 silly audit   escalade: [ '3.2.0' ],
272 silly audit   'escape-html': [ '1.0.3' ],
272 silly audit   'escape-string-regexp': [ '2.0.0' ],
272 silly audit   esprima: [ '4.0.1' ],
272 silly audit   etag: [ '1.8.1' ],
272 silly audit   execa: [ '5.1.1' ],
272 silly audit   exit: [ '0.1.2' ],
272 silly audit   expect: [ '29.7.0' ],
272 silly audit   express: [ '4.22.1' ],
272 silly audit   'fast-json-stable-stringify': [ '2.1.0' ],
272 silly audit   'fast-safe-stringify': [ '2.1.1' ],
272 silly audit   'fb-watchman': [ '2.0.2' ],
272 silly audit   'fill-range': [ '7.1.1' ],
272 silly audit   finalhandler: [ '1.3.2' ],
272 silly audit   'find-up': [ '4.1.0' ],
272 silly audit   'form-data': [ '4.0.5' ],
272 silly audit   formidable: [ '2.1.5' ],
272 silly audit   forwarded: [ '0.2.0' ],
272 silly audit   fresh: [ '0.5.2' ],
272 silly audit   'fs.realpath': [ '1.0.0' ],
272 silly audit   fsevents: [ '2.3.3' ],
272 silly audit   'function-bind': [ '1.1.2' ],
272 silly audit   gensync: [ '1.0.0-beta.2' ],
272 silly audit   'get-caller-file': [ '2.0.5' ],
272 silly audit   'get-intrinsic': [ '1.3.0' ],
272 silly audit   'get-package-type': [ '0.1.0' ],
272 silly audit   'get-proto': [ '1.0.1' ],
272 silly audit   'get-stream': [ '6.0.1' ],
272 silly audit   glob: [ '7.2.3' ],
272 silly audit   'glob-parent': [ '5.1.2' ],
272 silly audit   gopd: [ '1.2.0' ],
272 silly audit   'graceful-fs': [ '4.2.11' ],
272 silly audit   'has-flag': [ '4.0.0', '3.0.0' ],
272 silly audit   'has-symbols': [ '1.1.0' ],
272 silly audit   'has-tostringtag': [ '1.0.2' ],
272 silly audit   hasown: [ '2.0.2' ],
272 silly audit   'html-escaper': [ '2.0.2' ],
272 silly audit   'http-errors': [ '2.0.1' ],
272 silly audit   'human-signals': [ '2.1.0' ],
272 silly audit   'iconv-lite': [ '0.4.24' ],
272 silly audit   'ignore-by-default': [ '1.0.1' ],
272 silly audit   'import-local': [ '3.2.0' ],
272 silly audit   imurmurhash: [ '0.1.4' ],
272 silly audit   inflight: [ '1.0.6' ],
272 silly audit   inherits: [ '2.0.4' ],
272 silly audit   'ipaddr.js': [ '1.9.1' ],
272 silly audit   'is-arrayish': [ '0.2.1' ],
272 silly audit   'is-binary-path': [ '2.1.0' ],
272 silly audit   'is-core-module': [ '2.16.1' ],
272 silly audit   'is-extglob': [ '2.1.1' ],
272 silly audit   'is-fullwidth-code-point': [ '3.0.0' ],
272 silly audit   'is-generator-fn': [ '2.1.0' ],
272 silly audit   'is-glob': [ '4.0.3' ],
272 silly audit   'is-number': [ '7.0.0' ],
272 silly audit   'is-stream': [ '2.0.1' ],
272 silly audit   isexe: [ '2.0.0' ],
272 silly audit   'istanbul-lib-coverage': [ '3.2.2' ],
272 silly audit   semver: [ '7.7.4', '6.3.1' ],
272 silly audit   'istanbul-lib-report': [ '3.0.1' ],
272 silly audit   'istanbul-lib-source-maps': [ '4.0.1' ],
272 silly audit   'istanbul-reports': [ '3.2.0' ],
272 silly audit   jest: [ '29.7.0' ],
272 silly audit   'jest-changed-files': [ '29.7.0' ],
272 silly audit   'jest-circus': [ '29.7.0' ],
272 silly audit   'jest-cli': [ '29.7.0' ],
272 silly audit   'jest-config': [ '29.7.0' ],
272 silly audit   'jest-environment-node': [ '29.7.0', '29.6.4' ],
272 silly audit   'jest-diff': [ '29.7.0' ],
272 silly audit   'jest-docblock': [ '29.7.0' ],
272 silly audit   'jest-each': [ '29.7.0' ],
272 silly audit   'jest-get-type': [ '29.6.3' ],
272 silly audit   'jest-haste-map': [ '29.7.0' ],
272 silly audit   'jest-leak-detector': [ '29.7.0' ],
272 silly audit   'jest-matcher-utils': [ '29.7.0' ],
272 silly audit   'jest-message-util': [ '29.7.0' ],
272 silly audit   'jest-mock': [ '29.7.0' ],
272 silly audit   'jest-pnp-resolver': [ '1.2.3' ],
272 silly audit   'jest-regex-util': [ '29.6.3' ],
272 silly audit   'jest-resolve': [ '29.7.0' ],
272 silly audit   'jest-resolve-dependencies': [ '29.7.0' ],
272 silly audit   'jest-runner': [ '29.7.0' ],
272 silly audit   'jest-runtime': [ '29.7.0' ],
272 silly audit   'jest-snapshot': [ '29.7.0' ],
272 silly audit   'jest-util': [ '29.7.0' ],
272 silly audit   'jest-validate': [ '29.7.0' ],
272 silly audit   'jest-watcher': [ '29.7.0' ],
272 silly audit   'jest-worker': [ '29.7.0' ],
272 silly audit   'supports-color': [ '8.1.1', '5.5.0', '7.2.0' ],
272 silly audit   'js-tokens': [ '4.0.0' ],
272 silly audit   'js-yaml': [ '3.14.2' ],
272 silly audit   jsesc: [ '3.1.0' ],
272 silly audit   'json-parse-even-better-errors': [ '2.3.1' ],
272 silly audit   json5: [ '2.2.3' ],
272 silly audit   kleur: [ '3.0.3' ],
272 silly audit   leven: [ '3.1.0' ],
272 silly audit   'lines-and-columns': [ '1.2.4' ],
272 silly audit   'locate-path': [ '5.0.0' ],
272 silly audit   'lru-cache': [ '5.1.1' ],
272 silly audit   'make-dir': [ '4.0.0' ],
272 silly audit   makeerror: [ '1.0.12' ],
272 silly audit   'math-intrinsics': [ '1.1.0' ],
272 silly audit   'media-typer': [ '0.3.0' ],
272 silly audit   'merge-descriptors': [ '1.0.3' ],
272 silly audit   'merge-stream': [ '2.0.0' ],
272 silly audit   methods: [ '1.1.2' ],
272 silly audit   micromatch: [ '4.0.8' ],
272 silly audit   mime: [ '1.6.0', '2.6.0' ],
272 silly audit   'mime-db': [ '1.52.0' ],
272 silly audit   'mime-types': [ '2.1.35' ],
272 silly audit   'mimic-fn': [ '2.1.0' ],
272 silly audit   minimatch: [ '3.1.5', '10.2.4' ],
272 silly audit   morgan: [ '1.10.1' ],
272 silly audit   'on-finished': [ '2.3.0', '2.4.1' ],
272 silly audit   'natural-compare': [ '1.4.0' ],
272 silly audit   negotiator: [ '0.6.3' ],
272 silly audit   'node-int64': [ '0.4.0' ],
272 silly audit   'node-releases': [ '2.0.36' ],
272 silly audit   nodemon: [ '3.1.14' ],
272 silly audit   'normalize-path': [ '3.0.0' ],
272 silly audit   'npm-run-path': [ '4.0.1' ],
272 silly audit   'object-assign': [ '4.1.1' ],
272 silly audit   'object-inspect': [ '1.13.4' ],
272 silly audit   'on-headers': [ '1.1.0' ],
272 silly audit   once: [ '1.4.0' ],
272 silly audit   onetime: [ '5.1.2' ],
272 silly audit   'p-limit': [ '3.1.0', '2.3.0' ],
272 silly audit   'p-locate': [ '4.1.0' ],
272 silly audit   'p-try': [ '2.2.0' ],
272 silly audit   'parse-json': [ '5.2.0' ],
272 silly audit   parseurl: [ '1.3.3' ],
272 silly audit   'path-exists': [ '4.0.0' ],
272 silly audit   'path-is-absolute': [ '1.0.1' ],
272 silly audit   'path-key': [ '3.1.1' ],
272 silly audit   'path-parse': [ '1.0.7' ],
272 silly audit   'path-to-regexp': [ '0.1.12' ],
272 silly audit   picocolors: [ '1.1.1' ],
272 silly audit   picomatch: [ '2.3.1' ],
272 silly audit   pirates: [ '4.0.7' ],
272 silly audit   'pkg-dir': [ '4.2.0' ],
272 silly audit   'pretty-format': [ '29.7.0' ],
272 silly audit   prompts: [ '2.4.2' ],
272 silly audit   'proxy-addr': [ '2.0.7' ],
272 silly audit   'pstree.remy': [ '1.1.8' ],
272 silly audit   'pure-rand': [ '6.1.0' ],
272 silly audit   qs: [ '6.14.2' ],
272 silly audit   'range-parser': [ '1.2.1' ],
272 silly audit   'raw-body': [ '2.5.3' ],
272 silly audit   'react-is': [ '18.3.1' ],
272 silly audit   readdirp: [ '3.6.0' ],
272 silly audit   'require-directory': [ '2.1.1' ],
272 silly audit   resolve: [ '1.22.11' ],
272 silly audit   'resolve-cwd': [ '3.0.0' ],
272 silly audit   'resolve-from': [ '5.0.0' ],
272 silly audit   'resolve.exports': [ '2.0.3' ],
272 silly audit   'safer-buffer': [ '2.1.2' ],
272 silly audit   send: [ '0.19.2' ],
272 silly audit   'serve-static': [ '1.16.3' ],
272 silly audit   setprototypeof: [ '1.2.0' ],
272 silly audit   'shebang-command': [ '2.0.0' ],
272 silly audit   'shebang-regex': [ '3.0.0' ],
272 silly audit   'side-channel': [ '1.1.0' ],
272 silly audit   'side-channel-list': [ '1.0.0' ],
272 silly audit   'side-channel-map': [ '1.0.1' ],
272 silly audit   'side-channel-weakmap': [ '1.0.2' ],
272 silly audit   'signal-exit': [ '3.0.7' ],
272 silly audit   'simple-update-notifier': [ '2.0.0' ],
272 silly audit   sisteransi: [ '1.0.5' ],
272 silly audit   slash: [ '3.0.0' ],
272 silly audit   'source-map': [ '0.6.1' ],
272 silly audit   'source-map-support': [ '0.5.13' ],
272 silly audit   'sprintf-js': [ '1.0.3' ],
272 silly audit   'stack-utils': [ '2.0.6' ],
272 silly audit   statuses: [ '2.0.2' ],
272 silly audit   'string-length': [ '4.0.2' ],
272 silly audit   'string-width': [ '4.2.3' ],
272 silly audit   'strip-ansi': [ '6.0.1' ],
272 silly audit   'strip-bom': [ '4.0.0' ],
272 silly audit   'strip-final-newline': [ '2.0.0' ],
272 silly audit   'strip-json-comments': [ '3.1.1' ],
272 silly audit   superagent: [ '8.1.2' ],
272 silly audit   supertest: [ '6.3.4' ],
272 silly audit   'supports-preserve-symlinks-flag': [ '1.0.0' ],
272 silly audit   'test-exclude': [ '6.0.0' ],
272 silly audit   tmpl: [ '1.0.5' ],
272 silly audit   'to-regex-range': [ '5.0.1' ],
272 silly audit   toidentifier: [ '1.0.1' ],
272 silly audit   touch: [ '3.1.1' ],
272 silly audit   'type-detect': [ '4.0.8' ],
272 silly audit   'type-fest': [ '0.21.3' ],
272 silly audit   'type-is': [ '1.6.18' ],
272 silly audit   undefsafe: [ '2.0.5' ],
272 silly audit   'undici-types': [ '7.18.2' ],
272 silly audit   unpipe: [ '1.0.0' ],
272 silly audit   'update-browserslist-db': [ '1.2.3' ],
272 silly audit   'utils-merge': [ '1.0.1' ],
272 silly audit   'v8-to-istanbul': [ '9.3.0' ],
272 silly audit   vary: [ '1.1.2' ],
272 silly audit   walker: [ '1.0.8' ],
272 silly audit   which: [ '2.0.2' ],
272 silly audit   'wrap-ansi': [ '7.0.0' ],
272 silly audit   wrappy: [ '1.0.2' ],
272 silly audit   'write-file-atomic': [ '4.0.2' ],
272 silly audit   y18n: [ '5.0.8' ],
272 silly audit   yallist: [ '3.1.1' ],
272 silly audit   yargs: [ '17.7.2' ],
272 silly audit   'yargs-parser': [ '21.1.1' ],
272 silly audit   'yocto-queue': [ '0.1.0' ]
272 silly audit }
273 verbose audit error FetchError: request to https://registry.npmjs.org/-/npm/v1/security/advisories/bulk failed, reason: getaddrinfo ENOTFOUND registry.npmjs.org
273 verbose audit error     at ClientRequest.<anonymous> (/opt/homebrew/lib/node_modules/npm/node_modules/minipass-fetch/lib/index.js:130:14)
273 verbose audit error     at ClientRequest.emit (node:events:508:28)
273 verbose audit error     at emitErrorEvent (node:_http_client:108:11)
273 verbose audit error     at _destroy (node:_http_client:962:9)
273 verbose audit error     at onSocketNT (node:_http_client:982:5)
273 verbose audit error     at process.processTicksAndRejections (node:internal/process/task_queues:90:21) {
273 verbose audit error   code: 'ENOTFOUND',
273 verbose audit error   errno: 'ENOTFOUND',
273 verbose audit error   syscall: 'getaddrinfo',
273 verbose audit error   hostname: 'registry.npmjs.org',
273 verbose audit error   type: 'system'
273 verbose audit error }
274 silly audit error undefined
275 silly audit report null
276 http cache which@https://registry.npmmirror.com/which/-/which-2.0.2.tgz 0ms (cache hit)
277 http cache update-browserslist-db@https://registry.npmmirror.com/update-browserslist-db/-/update-browserslist-db-1.2.3.tgz 0ms (cache hit)
278 http cache semver@https://registry.npmmirror.com/semver/-/semver-6.3.1.tgz 0ms (cache hit)
279 http cache json5@https://registry.npmmirror.com/json5/-/json5-2.2.3.tgz 0ms (cache hit)
280 http cache jsesc@https://registry.npmmirror.com/jsesc/-/jsesc-3.1.0.tgz 0ms (cache hit)
281 http cache @types/yargs-parser@https://registry.npmmirror.com/@types/yargs-parser/-/yargs-parser-21.0.3.tgz 0ms (cache hit)
282 http cache @types/yargs@https://registry.npmmirror.com/@types/yargs/-/yargs-17.0.35.tgz 0ms (cache hit)
283 http cache @types/stack-utils@https://registry.npmmirror.com/@types/stack-utils/-/stack-utils-2.0.3.tgz 0ms (cache hit)
284 http cache @types/node@https://registry.npmmirror.com/@types/node/-/node-25.5.0.tgz 0ms (cache hit)
285 http cache @types/istanbul-reports@https://registry.npmmirror.com/@types/istanbul-reports/-/istanbul-reports-3.0.4.tgz 0ms (cache hit)
286 http cache @types/istanbul-lib-report@https://registry.npmmirror.com/@types/istanbul-lib-report/-/istanbul-lib-report-3.0.3.tgz 0ms (cache hit)
287 http cache @types/istanbul-lib-coverage@https://registry.npmmirror.com/@types/istanbul-lib-coverage/-/istanbul-lib-coverage-2.0.6.tgz 0ms (cache hit)
288 http cache @sinonjs/fake-timers@https://registry.npmmirror.com/@sinonjs/fake-timers/-/fake-timers-10.3.0.tgz 0ms (cache hit)
289 http cache @types/graceful-fs@https://registry.npmmirror.com/@types/graceful-fs/-/graceful-fs-4.1.9.tgz 0ms (cache hit)
290 http cache @sinonjs/commons@https://registry.npmmirror.com/@sinonjs/commons/-/commons-3.0.1.tgz 0ms (cache hit)
291 http cache @paralleldrive/cuid2@https://registry.npmmirror.com/@paralleldrive/cuid2/-/cuid2-2.3.1.tgz 0ms (cache hit)
292 http cache @jest/types@https://registry.npmmirror.com/@jest/types/-/types-29.6.3.tgz 0ms (cache hit)
293 http cache @noble/hashes@https://registry.npmmirror.com/@noble/hashes/-/hashes-1.8.0.tgz 0ms (cache hit)
294 http cache @jest/transform@https://registry.npmmirror.com/@jest/transform/-/transform-29.7.0.tgz 0ms (cache hit)
295 http cache @jest/test-sequencer@https://registry.npmmirror.com/@jest/test-sequencer/-/test-sequencer-29.7.0.tgz 0ms (cache hit)
296 http cache @jest/console@https://registry.npmmirror.com/@jest/console/-/console-29.7.0.tgz 0ms (cache hit)
297 http cache @jest/test-result@https://registry.npmmirror.com/@jest/test-result/-/test-result-29.7.0.tgz 0ms (cache hit)
298 http cache @jest/source-map@https://registry.npmmirror.com/@jest/source-map/-/source-map-29.6.3.tgz 0ms (cache hit)
299 http cache @jest/reporters@https://registry.npmmirror.com/@jest/reporters/-/reporters-29.7.0.tgz 0ms (cache hit)
300 http cache @jest/globals@https://registry.npmmirror.com/@jest/globals/-/globals-29.7.0.tgz 0ms (cache hit)
301 http cache @jest/core@https://registry.npmmirror.com/@jest/core/-/core-29.7.0.tgz 0ms (cache hit)
302 http cache @jest/fake-timers@https://registry.npmmirror.com/@jest/fake-timers/-/fake-timers-29.7.0.tgz 0ms (cache hit)
303 http cache @jest/expect-utils@https://registry.npmmirror.com/@jest/expect-utils/-/expect-utils-29.7.0.tgz 0ms (cache hit)
304 http cache @istanbuljs/schema@https://registry.npmmirror.com/@istanbuljs/schema/-/schema-0.1.3.tgz 0ms (cache hit)
305 http cache @istanbuljs/load-nyc-config@https://registry.npmmirror.com/@istanbuljs/load-nyc-config/-/load-nyc-config-1.1.0.tgz 0ms (cache hit)
306 http cache @bcoe/v8-coverage@https://registry.npmmirror.com/@bcoe/v8-coverage/-/v8-coverage-0.2.3.tgz 0ms (cache hit)
307 http cache @babel/plugin-syntax-typescript@https://registry.npmmirror.com/@babel/plugin-syntax-typescript/-/plugin-syntax-typescript-7.28.6.tgz 0ms (cache hit)
308 http cache @babel/plugin-syntax-top-level-await@https://registry.npmmirror.com/@babel/plugin-syntax-top-level-await/-/plugin-syntax-top-level-await-7.14.5.tgz 0ms (cache hit)
309 http cache @jest/expect@https://registry.npmmirror.com/@jest/expect/-/expect-29.7.0.tgz 0ms (cache hit)
310 http cache @babel/plugin-syntax-private-property-in-object@https://registry.npmmirror.com/@babel/plugin-syntax-private-property-in-object/-/plugin-syntax-private-property-in-object-7.14.5.tgz 0ms (cache hit)
311 http cache @babel/plugin-syntax-optional-chaining@https://registry.npmmirror.com/@babel/plugin-syntax-optional-chaining/-/plugin-syntax-optional-chaining-7.8.3.tgz 0ms (cache hit)
312 http cache @babel/plugin-syntax-optional-catch-binding@https://registry.npmmirror.com/@babel/plugin-syntax-optional-catch-binding/-/plugin-syntax-optional-catch-binding-7.8.3.tgz 0ms (cache hit)
313 http cache @jest/environment@https://registry.npmmirror.com/@jest/environment/-/environment-29.7.0.tgz 0ms (cache hit)
314 http cache @babel/plugin-syntax-object-rest-spread@https://registry.npmmirror.com/@babel/plugin-syntax-object-rest-spread/-/plugin-syntax-object-rest-spread-7.8.3.tgz 0ms (cache hit)
315 http cache @babel/plugin-syntax-nullish-coalescing-operator@https://registry.npmmirror.com/@babel/plugin-syntax-nullish-coalescing-operator/-/plugin-syntax-nullish-coalescing-operator-7.8.3.tgz 0ms (cache hit)
316 http cache @babel/plugin-syntax-numeric-separator@https://registry.npmmirror.com/@babel/plugin-syntax-numeric-separator/-/plugin-syntax-numeric-separator-7.10.4.tgz 0ms (cache hit)
317 http cache @babel/plugin-syntax-logical-assignment-operators@https://registry.npmmirror.com/@babel/plugin-syntax-logical-assignment-operators/-/plugin-syntax-logical-assignment-operators-7.10.4.tgz 0ms (cache hit)
318 http cache @babel/plugin-syntax-jsx@https://registry.npmmirror.com/@babel/plugin-syntax-jsx/-/plugin-syntax-jsx-7.28.6.tgz 0ms (cache hit)
319 http cache @babel/plugin-syntax-import-meta@https://registry.npmmirror.com/@babel/plugin-syntax-import-meta/-/plugin-syntax-import-meta-7.10.4.tgz 0ms (cache hit)
320 http cache @babel/plugin-syntax-json-strings@https://registry.npmmirror.com/@babel/plugin-syntax-json-strings/-/plugin-syntax-json-strings-7.8.3.tgz 0ms (cache hit)
321 http cache @babel/plugin-syntax-import-attributes@https://registry.npmmirror.com/@babel/plugin-syntax-import-attributes/-/plugin-syntax-import-attributes-7.28.6.tgz 0ms (cache hit)
322 http cache @babel/plugin-syntax-class-static-block@https://registry.npmmirror.com/@babel/plugin-syntax-class-static-block/-/plugin-syntax-class-static-block-7.14.5.tgz 0ms (cache hit)
323 http cache @babel/plugin-syntax-class-properties@https://registry.npmmirror.com/@babel/plugin-syntax-class-properties/-/plugin-syntax-class-properties-7.12.13.tgz 0ms (cache hit)
324 http cache @babel/plugin-syntax-async-generators@https://registry.npmmirror.com/@babel/plugin-syntax-async-generators/-/plugin-syntax-async-generators-7.8.4.tgz 0ms (cache hit)
325 http cache @babel/parser@https://registry.npmmirror.com/@babel/parser/-/parser-7.29.2.tgz 0ms (cache hit)
326 http cache @babel/compat-data@https://registry.npmmirror.com/@babel/compat-data/-/compat-data-7.29.0.tgz 0ms (cache hit)
327 http cache yargs-parser@https://registry.npmmirror.com/yargs-parser/-/yargs-parser-21.1.1.tgz 0ms (cache hit)
328 http cache yargs@https://registry.npmmirror.com/yargs/-/yargs-17.7.2.tgz 0ms (cache hit)
329 http cache y18n@https://registry.npmmirror.com/y18n/-/y18n-5.0.8.tgz 0ms (cache hit)
330 http cache write-file-atomic@https://registry.npmmirror.com/write-file-atomic/-/write-file-atomic-4.0.2.tgz 0ms (cache hit)
331 http cache wrap-ansi@https://registry.npmmirror.com/wrap-ansi/-/wrap-ansi-7.0.0.tgz 0ms (cache hit)
332 http cache walker@https://registry.npmmirror.com/walker/-/walker-1.0.8.tgz 0ms (cache hit)
333 http cache vary@https://registry.npmmirror.com/vary/-/vary-1.1.2.tgz 0ms (cache hit)
334 http cache @babel/plugin-syntax-bigint@https://registry.npmmirror.com/@babel/plugin-syntax-bigint/-/plugin-syntax-bigint-7.8.3.tgz 0ms (cache hit)
335 http cache v8-to-istanbul@https://registry.npmmirror.com/v8-to-istanbul/-/v8-to-istanbul-9.3.0.tgz 0ms (cache hit)
336 http cache utils-merge@https://registry.npmmirror.com/utils-merge/-/utils-merge-1.0.1.tgz 0ms (cache hit)
337 http cache undefsafe@https://registry.npmmirror.com/undefsafe/-/undefsafe-2.0.5.tgz 0ms (cache hit)
338 http cache undici-types@https://registry.npmmirror.com/undici-types/-/undici-types-7.18.2.tgz 0ms (cache hit)
339 http cache type-is@https://registry.npmmirror.com/type-is/-/type-is-1.6.18.tgz 0ms (cache hit)
340 http cache type-detect@https://registry.npmmirror.com/type-detect/-/type-detect-4.0.8.tgz 0ms (cache hit)
341 http cache type-fest@https://registry.npmmirror.com/type-fest/-/type-fest-0.21.3.tgz 0ms (cache hit)
342 http cache touch@https://registry.npmmirror.com/touch/-/touch-3.1.1.tgz 0ms (cache hit)
343 http cache unpipe@https://registry.npmmirror.com/unpipe/-/unpipe-1.0.0.tgz 0ms (cache hit)
344 http cache toidentifier@https://registry.npmmirror.com/toidentifier/-/toidentifier-1.0.1.tgz 0ms (cache hit)
345 http cache tmpl@https://registry.npmmirror.com/tmpl/-/tmpl-1.0.5.tgz 0ms (cache hit)
346 http cache test-exclude@https://registry.npmmirror.com/test-exclude/-/test-exclude-6.0.0.tgz 0ms (cache hit)
347 http cache supertest@https://registry.npmmirror.com/supertest/-/supertest-6.3.4.tgz 0ms (cache hit)
348 http cache superagent@https://registry.npmmirror.com/superagent/-/superagent-8.1.2.tgz 0ms (cache hit)
349 http cache to-regex-range@https://registry.npmmirror.com/to-regex-range/-/to-regex-range-5.0.1.tgz 0ms (cache hit)
350 http cache strip-final-newline@https://registry.npmmirror.com/strip-final-newline/-/strip-final-newline-2.0.0.tgz 0ms (cache hit)
351 http cache strip-bom@https://registry.npmmirror.com/strip-bom/-/strip-bom-4.0.0.tgz 0ms (cache hit)
352 http cache statuses@https://registry.npmmirror.com/statuses/-/statuses-2.0.2.tgz 0ms (cache hit)
353 http cache string-length@https://registry.npmmirror.com/string-length/-/string-length-4.0.2.tgz 0ms (cache hit)
354 http cache stack-utils@https://registry.npmmirror.com/stack-utils/-/stack-utils-2.0.6.tgz 0ms (cache hit)
355 http cache sprintf-js@https://registry.npmmirror.com/sprintf-js/-/sprintf-js-1.0.3.tgz 0ms (cache hit)
356 http cache source-map-support@https://registry.npmmirror.com/source-map-support/-/source-map-support-0.5.13.tgz 0ms (cache hit)
357 http cache source-map@https://registry.npmmirror.com/source-map/-/source-map-0.6.1.tgz 0ms (cache hit)
358 http cache slash@https://registry.npmmirror.com/slash/-/slash-3.0.0.tgz 0ms (cache hit)
359 http cache sisteransi@https://registry.npmmirror.com/sisteransi/-/sisteransi-1.0.5.tgz 0ms (cache hit)
360 http cache simple-update-notifier@https://registry.npmmirror.com/simple-update-notifier/-/simple-update-notifier-2.0.0.tgz 0ms (cache hit)
361 http cache side-channel-list@https://registry.npmmirror.com/side-channel-list/-/side-channel-list-1.0.0.tgz 0ms (cache hit)
362 http cache signal-exit@https://registry.npmmirror.com/signal-exit/-/signal-exit-3.0.7.tgz 0ms (cache hit)
363 http cache serve-static@https://registry.npmmirror.com/serve-static/-/serve-static-1.16.3.tgz 0ms (cache hit)
364 http cache setprototypeof@https://registry.npmmirror.com/setprototypeof/-/setprototypeof-1.2.0.tgz 0ms (cache hit)
365 http cache safe-buffer@https://registry.npmmirror.com/safe-buffer/-/safe-buffer-5.2.1.tgz 0ms (cache hit)
366 http cache send@https://registry.npmmirror.com/send/-/send-0.19.2.tgz 0ms (cache hit)
367 http cache resolve.exports@https://registry.npmmirror.com/resolve.exports/-/resolve.exports-2.0.3.tgz 0ms (cache hit)
368 http cache resolve-from@https://registry.npmmirror.com/resolve-from/-/resolve-from-5.0.0.tgz 0ms (cache hit)
369 http cache resolve-cwd@https://registry.npmmirror.com/resolve-cwd/-/resolve-cwd-3.0.0.tgz 0ms (cache hit)
370 http cache resolve@https://registry.npmmirror.com/resolve/-/resolve-1.22.11.tgz 0ms (cache hit)
371 http cache range-parser@https://registry.npmmirror.com/range-parser/-/range-parser-1.2.1.tgz 0ms (cache hit)
372 http cache readdirp@https://registry.npmmirror.com/readdirp/-/readdirp-3.6.0.tgz 0ms (cache hit)
373 http cache require-directory@https://registry.npmmirror.com/require-directory/-/require-directory-2.1.1.tgz 0ms (cache hit)
374 http cache raw-body@https://registry.npmmirror.com/raw-body/-/raw-body-2.5.3.tgz 0ms (cache hit)
375 http cache prompts@https://registry.npmmirror.com/prompts/-/prompts-2.4.2.tgz 0ms (cache hit)
376 http cache pure-rand@https://registry.npmmirror.com/pure-rand/-/pure-rand-6.1.0.tgz 0ms (cache hit)
377 http cache qs@https://registry.npmmirror.com/qs/-/qs-6.14.2.tgz 0ms (cache hit)
378 http cache string-width@https://registry.npmmirror.com/string-width/-/string-width-4.2.3.tgz 0ms (cache hit)
379 http cache pstree.remy@https://registry.npmmirror.com/pstree.remy/-/pstree.remy-1.1.8.tgz 0ms (cache hit)
380 http cache proxy-addr@https://registry.npmmirror.com/proxy-addr/-/proxy-addr-2.0.7.tgz 0ms (cache hit)
381 http cache pkg-dir@https://registry.npmmirror.com/pkg-dir/-/pkg-dir-4.2.0.tgz 0ms (cache hit)
382 http cache picomatch@https://registry.npmmirror.com/picomatch/-/picomatch-2.3.1.tgz 0ms (cache hit)
383 http cache path-to-regexp@https://registry.npmmirror.com/path-to-regexp/-/path-to-regexp-0.1.12.tgz 0ms (cache hit)
384 http cache parse-json@https://registry.npmmirror.com/parse-json/-/parse-json-5.2.0.tgz 0ms (cache hit)
385 http cache p-try@https://registry.npmmirror.com/p-try/-/p-try-2.2.0.tgz 0ms (cache hit)
386 http cache parseurl@https://registry.npmmirror.com/parseurl/-/parseurl-1.3.3.tgz 0ms (cache hit)
387 http cache p-locate@https://registry.npmmirror.com/p-locate/-/p-locate-4.1.0.tgz 0ms (cache hit)
388 http cache onetime@https://registry.npmmirror.com/onetime/-/onetime-5.1.2.tgz 0ms (cache hit)
389 http cache on-headers@https://registry.npmmirror.com/on-headers/-/on-headers-1.1.0.tgz 0ms (cache hit)
390 http cache on-finished@https://registry.npmmirror.com/on-finished/-/on-finished-2.4.1.tgz 0ms (cache hit)
391 http cache npm-run-path@https://registry.npmmirror.com/npm-run-path/-/npm-run-path-4.0.1.tgz 0ms (cache hit)
392 http cache normalize-path@https://registry.npmmirror.com/normalize-path/-/normalize-path-3.0.0.tgz 0ms (cache hit)
393 http cache nodemon@https://registry.npmmirror.com/nodemon/-/nodemon-3.1.14.tgz 0ms (cache hit)
394 http cache node-releases@https://registry.npmmirror.com/node-releases/-/node-releases-2.0.36.tgz 0ms (cache hit)
395 http cache node-int64@https://registry.npmmirror.com/node-int64/-/node-int64-0.4.0.tgz 0ms (cache hit)
396 http cache ms@https://registry.npmmirror.com/ms/-/ms-2.0.0.tgz 0ms (cache hit)
397 http cache morgan@https://registry.npmmirror.com/morgan/-/morgan-1.10.1.tgz 0ms (cache hit)
398 http cache negotiator@https://registry.npmmirror.com/negotiator/-/negotiator-0.6.3.tgz 0ms (cache hit)
399 http cache mimic-fn@https://registry.npmmirror.com/mimic-fn/-/mimic-fn-2.1.0.tgz 0ms (cache hit)
400 http cache mime@https://registry.npmmirror.com/mime/-/mime-1.6.0.tgz 0ms (cache hit)
401 http cache micromatch@https://registry.npmmirror.com/micromatch/-/micromatch-4.0.8.tgz 0ms (cache hit)
402 http cache locate-path@https://registry.npmmirror.com/locate-path/-/locate-path-5.0.0.tgz 0ms (cache hit)
403 http cache methods@https://registry.npmmirror.com/methods/-/methods-1.1.2.tgz 0ms (cache hit)
404 http cache merge-descriptors@https://registry.npmmirror.com/merge-descriptors/-/merge-descriptors-1.0.3.tgz 0ms (cache hit)
405 http cache media-typer@https://registry.npmmirror.com/media-typer/-/media-typer-0.3.0.tgz 0ms (cache hit)
406 http cache makeerror@https://registry.npmmirror.com/makeerror/-/makeerror-1.0.12.tgz 0ms (cache hit)
407 http cache make-dir@https://registry.npmmirror.com/make-dir/-/make-dir-4.0.0.tgz 0ms (cache hit)
408 http cache lines-and-columns@https://registry.npmmirror.com/lines-and-columns/-/lines-and-columns-1.2.4.tgz 0ms (cache hit)
409 http cache leven@https://registry.npmmirror.com/leven/-/leven-3.1.0.tgz 0ms (cache hit)
410 http cache kleur@https://registry.npmmirror.com/kleur/-/kleur-3.0.3.tgz 0ms (cache hit)
411 http cache json-parse-even-better-errors@https://registry.npmmirror.com/json-parse-even-better-errors/-/json-parse-even-better-errors-2.3.1.tgz 0ms (cache hit)
412 http cache js-yaml@https://registry.npmmirror.com/js-yaml/-/js-yaml-3.14.2.tgz 0ms (cache hit)
413 http cache jest-watcher@https://registry.npmmirror.com/jest-watcher/-/jest-watcher-29.7.0.tgz 1ms (cache hit)
414 http cache jest-worker@https://registry.npmmirror.com/jest-worker/-/jest-worker-29.7.0.tgz 0ms (cache hit)
415 http cache jest-validate@https://registry.npmmirror.com/jest-validate/-/jest-validate-29.7.0.tgz 0ms (cache hit)
416 http cache jest-util@https://registry.npmmirror.com/jest-util/-/jest-util-29.7.0.tgz 0ms (cache hit)
417 http cache jest-snapshot@https://registry.npmmirror.com/jest-snapshot/-/jest-snapshot-29.7.0.tgz 0ms (cache hit)
418 http cache jest-runtime@https://registry.npmmirror.com/jest-runtime/-/jest-runtime-29.7.0.tgz 0ms (cache hit)
419 http cache jest-runner@https://registry.npmmirror.com/jest-runner/-/jest-runner-29.7.0.tgz 0ms (cache hit)
420 http cache jest-resolve-dependencies@https://registry.npmmirror.com/jest-resolve-dependencies/-/jest-resolve-dependencies-29.7.0.tgz 0ms (cache hit)
421 http cache jest-resolve@https://registry.npmmirror.com/jest-resolve/-/jest-resolve-29.7.0.tgz 0ms (cache hit)
422 http cache jest-regex-util@https://registry.npmmirror.com/jest-regex-util/-/jest-regex-util-29.6.3.tgz 0ms (cache hit)
423 http cache jest-pnp-resolver@https://registry.npmmirror.com/jest-pnp-resolver/-/jest-pnp-resolver-1.2.3.tgz 0ms (cache hit)
424 http cache jest-mock@https://registry.npmmirror.com/jest-mock/-/jest-mock-29.7.0.tgz 0ms (cache hit)
425 http cache jest-message-util@https://registry.npmmirror.com/jest-message-util/-/jest-message-util-29.7.0.tgz 0ms (cache hit)
426 http cache jest-matcher-utils@https://registry.npmmirror.com/jest-matcher-utils/-/jest-matcher-utils-29.7.0.tgz 0ms (cache hit)
427 http cache jest-leak-detector@https://registry.npmmirror.com/jest-leak-detector/-/jest-leak-detector-29.7.0.tgz 0ms (cache hit)
428 http cache jest-haste-map@https://registry.npmmirror.com/jest-haste-map/-/jest-haste-map-29.7.0.tgz 0ms (cache hit)
429 http cache jest-get-type@https://registry.npmmirror.com/jest-get-type/-/jest-get-type-29.6.3.tgz 0ms (cache hit)
430 http cache jest-environment-node@https://registry.npmmirror.com/jest-environment-node/-/jest-environment-node-29.6.4.tgz 0ms (cache hit)
431 http cache jest-each@https://registry.npmmirror.com/jest-each/-/jest-each-29.7.0.tgz 0ms (cache hit)
432 http cache jest-docblock@https://registry.npmmirror.com/jest-docblock/-/jest-docblock-29.7.0.tgz 0ms (cache hit)
433 http cache jest-diff@https://registry.npmmirror.com/jest-diff/-/jest-diff-29.7.0.tgz 0ms (cache hit)
434 http cache jest-config@https://registry.npmmirror.com/jest-config/-/jest-config-29.7.0.tgz 0ms (cache hit)
435 http cache jest-cli@https://registry.npmmirror.com/jest-cli/-/jest-cli-29.7.0.tgz 0ms (cache hit)
436 http cache jest-circus@https://registry.npmmirror.com/jest-circus/-/jest-circus-29.7.0.tgz 0ms (cache hit)
437 http cache jest-changed-files@https://registry.npmmirror.com/jest-changed-files/-/jest-changed-files-29.7.0.tgz 0ms (cache hit)
438 http cache jest@https://registry.npmmirror.com/jest/-/jest-29.7.0.tgz 0ms (cache hit)
439 http cache istanbul-reports@https://registry.npmmirror.com/istanbul-reports/-/istanbul-reports-3.2.0.tgz 0ms (cache hit)
440 http cache istanbul-lib-source-maps@https://registry.npmmirror.com/istanbul-lib-source-maps/-/istanbul-lib-source-maps-4.0.1.tgz 0ms (cache hit)
441 http cache istanbul-lib-report@https://registry.npmmirror.com/istanbul-lib-report/-/istanbul-lib-report-3.0.1.tgz 0ms (cache hit)
442 http cache istanbul-lib-instrument@https://registry.npmmirror.com/istanbul-lib-instrument/-/istanbul-lib-instrument-6.0.3.tgz 0ms (cache hit)
443 http cache istanbul-lib-coverage@https://registry.npmmirror.com/istanbul-lib-coverage/-/istanbul-lib-coverage-3.2.2.tgz 0ms (cache hit)
444 http cache is-number@https://registry.npmmirror.com/is-number/-/is-number-7.0.0.tgz 0ms (cache hit)
445 http cache is-generator-fn@https://registry.npmmirror.com/is-generator-fn/-/is-generator-fn-2.1.0.tgz 0ms (cache hit)
446 http cache is-stream@https://registry.npmmirror.com/is-stream/-/is-stream-2.0.1.tgz 0ms (cache hit)
447 http cache is-fullwidth-code-point@https://registry.npmmirror.com/is-fullwidth-code-point/-/is-fullwidth-code-point-3.0.0.tgz 0ms (cache hit)
448 http cache is-binary-path@https://registry.npmmirror.com/is-binary-path/-/is-binary-path-2.1.0.tgz 0ms (cache hit)
449 http cache is-arrayish@https://registry.npmmirror.com/is-arrayish/-/is-arrayish-0.2.1.tgz 0ms (cache hit)
450 http cache ipaddr.js@https://registry.npmmirror.com/ipaddr.js/-/ipaddr.js-1.9.1.tgz 0ms (cache hit)
451 http cache http-errors@https://registry.npmmirror.com/http-errors/-/http-errors-2.0.1.tgz 0ms (cache hit)
452 http cache import-local@https://registry.npmmirror.com/import-local/-/import-local-3.2.0.tgz 0ms (cache hit)
453 http cache pirates@https://registry.npmmirror.com/pirates/-/pirates-4.0.7.tgz 0ms (cache hit)
454 http cache ignore-by-default@https://registry.npmmirror.com/ignore-by-default/-/ignore-by-default-1.0.1.tgz 0ms (cache hit)
455 http cache human-signals@https://registry.npmmirror.com/human-signals/-/human-signals-2.1.0.tgz 0ms (cache hit)
456 http cache html-escaper@https://registry.npmmirror.com/html-escaper/-/html-escaper-2.0.2.tgz 0ms (cache hit)
457 http cache hasown@https://registry.npmmirror.com/hasown/-/hasown-2.0.2.tgz 0ms (cache hit)
458 http cache graceful-fs@https://registry.npmmirror.com/graceful-fs/-/graceful-fs-4.2.11.tgz 0ms (cache hit)
459 http cache glob-parent@https://registry.npmmirror.com/glob-parent/-/glob-parent-5.1.2.tgz 0ms (cache hit)
460 http cache get-stream@https://registry.npmmirror.com/get-stream/-/get-stream-6.0.1.tgz 0ms (cache hit)
461 http cache get-package-type@https://registry.npmmirror.com/get-package-type/-/get-package-type-0.1.0.tgz 0ms (cache hit)
462 http cache get-caller-file@https://registry.npmmirror.com/get-caller-file/-/get-caller-file-2.0.5.tgz 0ms (cache hit)
463 http cache fresh@https://registry.npmmirror.com/fresh/-/fresh-0.5.2.tgz 0ms (cache hit)
464 http cache forwarded@https://registry.npmmirror.com/forwarded/-/forwarded-0.2.0.tgz 0ms (cache hit)
465 http cache formidable@https://registry.npmmirror.com/formidable/-/formidable-2.1.5.tgz 0ms (cache hit)
466 http cache find-up@https://registry.npmmirror.com/find-up/-/find-up-4.1.0.tgz 0ms (cache hit)
467 http cache finalhandler@https://registry.npmmirror.com/finalhandler/-/finalhandler-1.3.2.tgz 0ms (cache hit)
468 http cache fast-safe-stringify@https://registry.npmmirror.com/fast-safe-stringify/-/fast-safe-stringify-2.1.1.tgz 0ms (cache hit)
469 http cache fb-watchman@https://registry.npmmirror.com/fb-watchman/-/fb-watchman-2.0.2.tgz 0ms (cache hit)
470 http cache express@https://registry.npmmirror.com/express/-/express-4.22.1.tgz 0ms (cache hit)
471 http cache fill-range@https://registry.npmmirror.com/fill-range/-/fill-range-7.1.1.tgz 0ms (cache hit)
472 http cache etag@https://registry.npmmirror.com/etag/-/etag-1.8.1.tgz 0ms (cache hit)
473 http cache expect@https://registry.npmmirror.com/expect/-/expect-29.7.0.tgz 0ms (cache hit)
474 http cache exit@https://registry.npmmirror.com/exit/-/exit-0.1.2.tgz 0ms (cache hit)
475 http cache execa@https://registry.npmmirror.com/execa/-/execa-5.1.1.tgz 0ms (cache hit)
476 http cache esprima@https://registry.npmmirror.com/esprima/-/esprima-4.0.1.tgz 0ms (cache hit)
477 http cache escape-string-regexp@https://registry.npmmirror.com/escape-string-regexp/-/escape-string-regexp-2.0.0.tgz 0ms (cache hit)
478 http cache escape-html@https://registry.npmmirror.com/escape-html/-/escape-html-1.0.3.tgz 0ms (cache hit)
479 http cache error-ex@https://registry.npmmirror.com/error-ex/-/error-ex-1.3.4.tgz 0ms (cache hit)
480 http cache encodeurl@https://registry.npmmirror.com/encodeurl/-/encodeurl-2.0.0.tgz 0ms (cache hit)
481 http cache ee-first@https://registry.npmmirror.com/ee-first/-/ee-first-1.1.1.tgz 0ms (cache hit)
482 http cache emoji-regex@https://registry.npmmirror.com/emoji-regex/-/emoji-regex-8.0.0.tgz 0ms (cache hit)
483 http cache emittery@https://registry.npmmirror.com/emittery/-/emittery-0.13.1.tgz 0ms (cache hit)
484 http cache electron-to-chromium@https://registry.npmmirror.com/electron-to-chromium/-/electron-to-chromium-1.5.321.tgz 0ms (cache hit)
485 http cache dotenv@https://registry.npmmirror.com/dotenv/-/dotenv-16.6.1.tgz 0ms (cache hit)
486 http cache dezalgo@https://registry.npmmirror.com/dezalgo/-/dezalgo-1.0.4.tgz 0ms (cache hit)
487 http cache detect-newline@https://registry.npmmirror.com/detect-newline/-/detect-newline-3.1.0.tgz 0ms (cache hit)
488 http cache dedent@https://registry.npmmirror.com/dedent/-/dedent-1.7.2.tgz 0ms (cache hit)
489 http cache destroy@https://registry.npmmirror.com/destroy/-/destroy-1.2.0.tgz 0ms (cache hit)
490 http cache depd@https://registry.npmmirror.com/depd/-/depd-2.0.0.tgz 0ms (cache hit)
491 http cache content-type@https://registry.npmmirror.com/content-type/-/content-type-1.0.5.tgz 0ms (cache hit)
492 http cache debug@https://registry.npmmirror.com/debug/-/debug-2.6.9.tgz 0ms (cache hit)
493 http cache create-jest@https://registry.npmmirror.com/create-jest/-/create-jest-29.7.0.tgz 0ms (cache hit)
494 http cache deepmerge@https://registry.npmmirror.com/deepmerge/-/deepmerge-4.3.1.tgz 0ms (cache hit)
495 http cache iconv-lite@https://registry.npmmirror.com/iconv-lite/-/iconv-lite-0.4.24.tgz 0ms (cache hit)
496 http cache cors@https://registry.npmmirror.com/cors/-/cors-2.8.6.tgz 0ms (cache hit)
497 http cache cookiejar@https://registry.npmmirror.com/cookiejar/-/cookiejar-2.1.4.tgz 0ms (cache hit)
498 http cache cookie@https://registry.npmmirror.com/cookie/-/cookie-0.7.2.tgz 0ms (cache hit)
499 http cache content-disposition@https://registry.npmmirror.com/content-disposition/-/content-disposition-0.5.4.tgz 0ms (cache hit)
500 http cache component-emitter@https://registry.npmmirror.com/component-emitter/-/component-emitter-1.3.1.tgz 0ms (cache hit)
501 http cache collect-v8-coverage@https://registry.npmmirror.com/collect-v8-coverage/-/collect-v8-coverage-1.0.3.tgz 0ms (cache hit)
502 http cache co@https://registry.npmmirror.com/co/-/co-4.6.0.tgz 0ms (cache hit)
503 http cache cjs-module-lexer@https://registry.npmmirror.com/cjs-module-lexer/-/cjs-module-lexer-1.4.3.tgz 0ms (cache hit)
504 http cache cookie-signature@https://registry.npmmirror.com/cookie-signature/-/cookie-signature-1.0.7.tgz 0ms (cache hit)
505 http cache cliui@https://registry.npmmirror.com/cliui/-/cliui-8.0.1.tgz 0ms (cache hit)
506 http cache chokidar@https://registry.npmmirror.com/chokidar/-/chokidar-3.6.0.tgz 0ms (cache hit)
507 http cache char-regex@https://registry.npmmirror.com/char-regex/-/char-regex-1.0.2.tgz 0ms (cache hit)
508 http cache ci-info@https://registry.npmmirror.com/ci-info/-/ci-info-3.9.0.tgz 0ms (cache hit)
509 http cache caniuse-lite@https://registry.npmmirror.com/caniuse-lite/-/caniuse-lite-1.0.30001780.tgz 0ms (cache hit)
510 http cache camelcase@https://registry.npmmirror.com/camelcase/-/camelcase-5.3.1.tgz 0ms (cache hit)
511 http cache buffer-from@https://registry.npmmirror.com/buffer-from/-/buffer-from-1.1.2.tgz 0ms (cache hit)
512 http cache bser@https://registry.npmmirror.com/bser/-/bser-2.1.1.tgz 0ms (cache hit)
513 http cache browserslist@https://registry.npmmirror.com/browserslist/-/browserslist-4.28.1.tgz 0ms (cache hit)
514 http cache braces@https://registry.npmmirror.com/braces/-/braces-3.0.3.tgz 0ms (cache hit)
515 http cache brace-expansion@https://registry.npmmirror.com/brace-expansion/-/brace-expansion-1.1.12.tgz 0ms (cache hit)
516 http cache binary-extensions@https://registry.npmmirror.com/binary-extensions/-/binary-extensions-2.3.0.tgz 0ms (cache hit)
517 http cache basic-auth@https://registry.npmmirror.com/basic-auth/-/basic-auth-2.0.1.tgz 0ms (cache hit)
518 http cache bytes@https://registry.npmmirror.com/bytes/-/bytes-3.1.2.tgz 0ms (cache hit)
519 http cache baseline-browser-mapping@https://registry.npmmirror.com/baseline-browser-mapping/-/baseline-browser-mapping-2.10.8.tgz 0ms (cache hit)
520 http cache body-parser@https://registry.npmmirror.com/body-parser/-/body-parser-1.20.4.tgz 0ms (cache hit)
521 http cache babel-preset-current-node-syntax@https://registry.npmmirror.com/babel-preset-current-node-syntax/-/babel-preset-current-node-syntax-1.2.0.tgz 0ms (cache hit)
522 http cache babel-plugin-jest-hoist@https://registry.npmmirror.com/babel-plugin-jest-hoist/-/babel-plugin-jest-hoist-29.6.3.tgz 0ms (cache hit)
523 http cache asap@https://registry.npmmirror.com/asap/-/asap-2.0.6.tgz 0ms (cache hit)
524 http cache babel-jest@https://registry.npmmirror.com/babel-jest/-/babel-jest-29.7.0.tgz 0ms (cache hit)
525 http cache babel-plugin-istanbul@https://registry.npmmirror.com/babel-plugin-istanbul/-/babel-plugin-istanbul-6.1.1.tgz 0ms (cache hit)
526 http cache babel-preset-jest@https://registry.npmmirror.com/babel-preset-jest/-/babel-preset-jest-29.6.3.tgz 0ms (cache hit)
527 http cache array-flatten@https://registry.npmmirror.com/array-flatten/-/array-flatten-1.1.1.tgz 0ms (cache hit)
528 http cache accepts@https://registry.npmmirror.com/accepts/-/accepts-1.3.8.tgz 0ms (cache hit)
529 http cache anymatch@https://registry.npmmirror.com/anymatch/-/anymatch-3.1.3.tgz 0ms (cache hit)
530 http cache ansi-escapes@https://registry.npmmirror.com/ansi-escapes/-/ansi-escapes-4.3.2.tgz 0ms (cache hit)
531 http cache argparse@https://registry.npmmirror.com/argparse/-/argparse-1.0.10.tgz 0ms (cache hit)
532 http cache mime@https://registry.npmmirror.com/mime/-/mime-2.6.0.tgz 0ms (cache hit)
533 http cache semver@https://registry.npmmirror.com/semver/-/semver-7.7.4.tgz 0ms (cache hit)
534 http cache semver@https://registry.npmmirror.com/semver/-/semver-7.7.4.tgz 0ms (cache hit)
535 http cache p-limit@https://registry.npmmirror.com/p-limit/-/p-limit-2.3.0.tgz 0ms (cache hit)
536 http cache supports-color@https://registry.npmmirror.com/supports-color/-/supports-color-5.5.0.tgz 0ms (cache hit)
537 http cache minimatch@https://registry.npmmirror.com/minimatch/-/minimatch-10.2.4.tgz 0ms (cache hit)
538 http cache has-flag@https://registry.npmmirror.com/has-flag/-/has-flag-3.0.0.tgz 0ms (cache hit)
539 http cache brace-expansion@https://registry.npmmirror.com/brace-expansion/-/brace-expansion-5.0.4.tgz 0ms (cache hit)
540 http cache semver@https://registry.npmmirror.com/semver/-/semver-7.7.4.tgz 0ms (cache hit)
541 http cache balanced-match@https://registry.npmmirror.com/balanced-match/-/balanced-match-4.0.4.tgz 0ms (cache hit)
542 http cache on-finished@https://registry.npmmirror.com/on-finished/-/on-finished-2.3.0.tgz 0ms (cache hit)
543 http cache semver@https://registry.npmmirror.com/semver/-/semver-7.7.4.tgz 0ms (cache hit)
544 http cache supports-color@https://registry.npmmirror.com/supports-color/-/supports-color-8.1.1.tgz 0ms (cache hit)
545 http cache camelcase@https://registry.npmmirror.com/camelcase/-/camelcase-6.3.0.tgz 0ms (cache hit)
546 http cache jest-environment-node@https://registry.npmmirror.com/jest-environment-node/-/jest-environment-node-29.7.0.tgz 0ms (cache hit)
547 http cache semver@https://registry.npmmirror.com/semver/-/semver-7.7.4.tgz 0ms (cache hit)
548 http cache jest-environment-node@https://registry.npmmirror.com/jest-environment-node/-/jest-environment-node-29.7.0.tgz 0ms (cache hit)
549 http cache safe-buffer@https://registry.npmmirror.com/safe-buffer/-/safe-buffer-5.1.2.tgz 0ms (cache hit)
550 http cache semver@https://registry.npmmirror.com/semver/-/semver-7.7.4.tgz 0ms (cache hit)
551 http cache istanbul-lib-instrument@https://registry.npmmirror.com/istanbul-lib-instrument/-/istanbul-lib-instrument-5.2.1.tgz 0ms (cache hit)
552 silly tarball no local data for which@https://registry.npmmirror.com/which/-/which-2.0.2.tgz. Extracting by manifest.
553 silly tarball no local data for update-browserslist-db@https://registry.npmmirror.com/update-browserslist-db/-/update-browserslist-db-1.2.3.tgz. Extracting by manifest.
554 silly tarball no local data for semver@https://registry.npmmirror.com/semver/-/semver-6.3.1.tgz. Extracting by manifest.
555 silly tarball no local data for json5@https://registry.npmmirror.com/json5/-/json5-2.2.3.tgz. Extracting by manifest.
556 silly tarball no local data for jsesc@https://registry.npmmirror.com/jsesc/-/jsesc-3.1.0.tgz. Extracting by manifest.
557 silly tarball no local data for @types/yargs-parser@https://registry.npmmirror.com/@types/yargs-parser/-/yargs-parser-21.0.3.tgz. Extracting by manifest.
558 silly tarball no local data for @types/yargs@https://registry.npmmirror.com/@types/yargs/-/yargs-17.0.35.tgz. Extracting by manifest.
559 silly tarball no local data for @types/stack-utils@https://registry.npmmirror.com/@types/stack-utils/-/stack-utils-2.0.3.tgz. Extracting by manifest.
560 silly tarball no local data for @types/node@https://registry.npmmirror.com/@types/node/-/node-25.5.0.tgz. Extracting by manifest.
561 silly tarball no local data for @types/istanbul-reports@https://registry.npmmirror.com/@types/istanbul-reports/-/istanbul-reports-3.0.4.tgz. Extracting by manifest.
562 silly tarball no local data for @types/istanbul-lib-report@https://registry.npmmirror.com/@types/istanbul-lib-report/-/istanbul-lib-report-3.0.3.tgz. Extracting by manifest.
563 silly tarball no local data for @types/istanbul-lib-coverage@https://registry.npmmirror.com/@types/istanbul-lib-coverage/-/istanbul-lib-coverage-2.0.6.tgz. Extracting by manifest.
564 silly tarball no local data for @sinonjs/fake-timers@https://registry.npmmirror.com/@sinonjs/fake-timers/-/fake-timers-10.3.0.tgz. Extracting by manifest.
565 silly tarball no local data for @types/graceful-fs@https://registry.npmmirror.com/@types/graceful-fs/-/graceful-fs-4.1.9.tgz. Extracting by manifest.
566 silly tarball no local data for @sinonjs/commons@https://registry.npmmirror.com/@sinonjs/commons/-/commons-3.0.1.tgz. Extracting by manifest.
567 silly tarball no local data for @paralleldrive/cuid2@https://registry.npmmirror.com/@paralleldrive/cuid2/-/cuid2-2.3.1.tgz. Extracting by manifest.
568 silly tarball no local data for @jest/types@https://registry.npmmirror.com/@jest/types/-/types-29.6.3.tgz. Extracting by manifest.
569 silly tarball no local data for @noble/hashes@https://registry.npmmirror.com/@noble/hashes/-/hashes-1.8.0.tgz. Extracting by manifest.
570 silly tarball no local data for @jest/transform@https://registry.npmmirror.com/@jest/transform/-/transform-29.7.0.tgz. Extracting by manifest.
571 silly tarball no local data for @jest/test-sequencer@https://registry.npmmirror.com/@jest/test-sequencer/-/test-sequencer-29.7.0.tgz. Extracting by manifest.
572 silly tarball no local data for @jest/console@https://registry.npmmirror.com/@jest/console/-/console-29.7.0.tgz. Extracting by manifest.
573 silly tarball no local data for @jest/test-result@https://registry.npmmirror.com/@jest/test-result/-/test-result-29.7.0.tgz. Extracting by manifest.
574 silly tarball no local data for @jest/source-map@https://registry.npmmirror.com/@jest/source-map/-/source-map-29.6.3.tgz. Extracting by manifest.
575 silly tarball no local data for @jest/reporters@https://registry.npmmirror.com/@jest/reporters/-/reporters-29.7.0.tgz. Extracting by manifest.
576 silly tarball no local data for @jest/globals@https://registry.npmmirror.com/@jest/globals/-/globals-29.7.0.tgz. Extracting by manifest.
577 silly tarball no local data for @jest/core@https://registry.npmmirror.com/@jest/core/-/core-29.7.0.tgz. Extracting by manifest.
578 silly tarball no local data for @jest/fake-timers@https://registry.npmmirror.com/@jest/fake-timers/-/fake-timers-29.7.0.tgz. Extracting by manifest.
579 silly tarball no local data for @jest/expect-utils@https://registry.npmmirror.com/@jest/expect-utils/-/expect-utils-29.7.0.tgz. Extracting by manifest.
580 silly tarball no local data for @istanbuljs/schema@https://registry.npmmirror.com/@istanbuljs/schema/-/schema-0.1.3.tgz. Extracting by manifest.
581 silly tarball no local data for @istanbuljs/load-nyc-config@https://registry.npmmirror.com/@istanbuljs/load-nyc-config/-/load-nyc-config-1.1.0.tgz. Extracting by manifest.
582 silly tarball no local data for @bcoe/v8-coverage@https://registry.npmmirror.com/@bcoe/v8-coverage/-/v8-coverage-0.2.3.tgz. Extracting by manifest.
583 silly tarball no local data for @babel/plugin-syntax-typescript@https://registry.npmmirror.com/@babel/plugin-syntax-typescript/-/plugin-syntax-typescript-7.28.6.tgz. Extracting by manifest.
584 silly tarball no local data for @babel/plugin-syntax-top-level-await@https://registry.npmmirror.com/@babel/plugin-syntax-top-level-await/-/plugin-syntax-top-level-await-7.14.5.tgz. Extracting by manifest.
585 silly tarball no local data for @jest/expect@https://registry.npmmirror.com/@jest/expect/-/expect-29.7.0.tgz. Extracting by manifest.
586 silly tarball no local data for @babel/plugin-syntax-private-property-in-object@https://registry.npmmirror.com/@babel/plugin-syntax-private-property-in-object/-/plugin-syntax-private-property-in-object-7.14.5.tgz. Extracting by manifest.
587 silly tarball no local data for @babel/plugin-syntax-optional-chaining@https://registry.npmmirror.com/@babel/plugin-syntax-optional-chaining/-/plugin-syntax-optional-chaining-7.8.3.tgz. Extracting by manifest.
588 silly tarball no local data for @babel/plugin-syntax-optional-catch-binding@https://registry.npmmirror.com/@babel/plugin-syntax-optional-catch-binding/-/plugin-syntax-optional-catch-binding-7.8.3.tgz. Extracting by manifest.
589 silly tarball no local data for @jest/environment@https://registry.npmmirror.com/@jest/environment/-/environment-29.7.0.tgz. Extracting by manifest.
590 silly tarball no local data for @babel/plugin-syntax-object-rest-spread@https://registry.npmmirror.com/@babel/plugin-syntax-object-rest-spread/-/plugin-syntax-object-rest-spread-7.8.3.tgz. Extracting by manifest.
591 silly tarball no local data for @babel/plugin-syntax-nullish-coalescing-operator@https://registry.npmmirror.com/@babel/plugin-syntax-nullish-coalescing-operator/-/plugin-syntax-nullish-coalescing-operator-7.8.3.tgz. Extracting by manifest.
592 silly tarball no local data for @babel/plugin-syntax-numeric-separator@https://registry.npmmirror.com/@babel/plugin-syntax-numeric-separator/-/plugin-syntax-numeric-separator-7.10.4.tgz. Extracting by manifest.
593 silly tarball no local data for @babel/plugin-syntax-logical-assignment-operators@https://registry.npmmirror.com/@babel/plugin-syntax-logical-assignment-operators/-/plugin-syntax-logical-assignment-operators-7.10.4.tgz. Extracting by manifest.
594 silly tarball no local data for @babel/plugin-syntax-jsx@https://registry.npmmirror.com/@babel/plugin-syntax-jsx/-/plugin-syntax-jsx-7.28.6.tgz. Extracting by manifest.
595 silly tarball no local data for @babel/plugin-syntax-import-meta@https://registry.npmmirror.com/@babel/plugin-syntax-import-meta/-/plugin-syntax-import-meta-7.10.4.tgz. Extracting by manifest.
596 silly tarball no local data for @babel/plugin-syntax-json-strings@https://registry.npmmirror.com/@babel/plugin-syntax-json-strings/-/plugin-syntax-json-strings-7.8.3.tgz. Extracting by manifest.
597 silly tarball no local data for @babel/plugin-syntax-import-attributes@https://registry.npmmirror.com/@babel/plugin-syntax-import-attributes/-/plugin-syntax-import-attributes-7.28.6.tgz. Extracting by manifest.
598 silly tarball no local data for @babel/plugin-syntax-class-static-block@https://registry.npmmirror.com/@babel/plugin-syntax-class-static-block/-/plugin-syntax-class-static-block-7.14.5.tgz. Extracting by manifest.
599 silly tarball no local data for @babel/plugin-syntax-class-properties@https://registry.npmmirror.com/@babel/plugin-syntax-class-properties/-/plugin-syntax-class-properties-7.12.13.tgz. Extracting by manifest.
600 silly tarball no local data for @babel/plugin-syntax-async-generators@https://registry.npmmirror.com/@babel/plugin-syntax-async-generators/-/plugin-syntax-async-generators-7.8.4.tgz. Extracting by manifest.
601 silly tarball no local data for @babel/parser@https://registry.npmmirror.com/@babel/parser/-/parser-7.29.2.tgz. Extracting by manifest.
602 silly tarball no local data for @babel/compat-data@https://registry.npmmirror.com/@babel/compat-data/-/compat-data-7.29.0.tgz. Extracting by manifest.
603 silly tarball no local data for yargs-parser@https://registry.npmmirror.com/yargs-parser/-/yargs-parser-21.1.1.tgz. Extracting by manifest.
604 silly tarball no local data for yargs@https://registry.npmmirror.com/yargs/-/yargs-17.7.2.tgz. Extracting by manifest.
605 silly tarball no local data for y18n@https://registry.npmmirror.com/y18n/-/y18n-5.0.8.tgz. Extracting by manifest.
606 silly tarball no local data for write-file-atomic@https://registry.npmmirror.com/write-file-atomic/-/write-file-atomic-4.0.2.tgz. Extracting by manifest.
607 silly tarball no local data for wrap-ansi@https://registry.npmmirror.com/wrap-ansi/-/wrap-ansi-7.0.0.tgz. Extracting by manifest.
608 silly tarball no local data for walker@https://registry.npmmirror.com/walker/-/walker-1.0.8.tgz. Extracting by manifest.
609 silly tarball no local data for vary@https://registry.npmmirror.com/vary/-/vary-1.1.2.tgz. Extracting by manifest.
610 silly tarball no local data for @babel/plugin-syntax-bigint@https://registry.npmmirror.com/@babel/plugin-syntax-bigint/-/plugin-syntax-bigint-7.8.3.tgz. Extracting by manifest.
611 silly tarball no local data for v8-to-istanbul@https://registry.npmmirror.com/v8-to-istanbul/-/v8-to-istanbul-9.3.0.tgz. Extracting by manifest.
612 silly tarball no local data for utils-merge@https://registry.npmmirror.com/utils-merge/-/utils-merge-1.0.1.tgz. Extracting by manifest.
613 silly tarball no local data for undefsafe@https://registry.npmmirror.com/undefsafe/-/undefsafe-2.0.5.tgz. Extracting by manifest.
614 silly tarball no local data for undici-types@https://registry.npmmirror.com/undici-types/-/undici-types-7.18.2.tgz. Extracting by manifest.
615 silly tarball no local data for type-is@https://registry.npmmirror.com/type-is/-/type-is-1.6.18.tgz. Extracting by manifest.
616 silly tarball no local data for type-detect@https://registry.npmmirror.com/type-detect/-/type-detect-4.0.8.tgz. Extracting by manifest.
617 silly tarball no local data for type-fest@https://registry.npmmirror.com/type-fest/-/type-fest-0.21.3.tgz. Extracting by manifest.
618 silly tarball no local data for touch@https://registry.npmmirror.com/touch/-/touch-3.1.1.tgz. Extracting by manifest.
619 silly tarball no local data for unpipe@https://registry.npmmirror.com/unpipe/-/unpipe-1.0.0.tgz. Extracting by manifest.
620 silly tarball no local data for toidentifier@https://registry.npmmirror.com/toidentifier/-/toidentifier-1.0.1.tgz. Extracting by manifest.
621 silly tarball no local data for tmpl@https://registry.npmmirror.com/tmpl/-/tmpl-1.0.5.tgz. Extracting by manifest.
622 silly tarball no local data for test-exclude@https://registry.npmmirror.com/test-exclude/-/test-exclude-6.0.0.tgz. Extracting by manifest.
623 silly tarball no local data for supertest@https://registry.npmmirror.com/supertest/-/supertest-6.3.4.tgz. Extracting by manifest.
624 silly tarball no local data for superagent@https://registry.npmmirror.com/superagent/-/superagent-8.1.2.tgz. Extracting by manifest.
625 silly tarball no local data for to-regex-range@https://registry.npmmirror.com/to-regex-range/-/to-regex-range-5.0.1.tgz. Extracting by manifest.
626 silly tarball no local data for strip-final-newline@https://registry.npmmirror.com/strip-final-newline/-/strip-final-newline-2.0.0.tgz. Extracting by manifest.
627 silly tarball no local data for strip-bom@https://registry.npmmirror.com/strip-bom/-/strip-bom-4.0.0.tgz. Extracting by manifest.
628 silly tarball no local data for statuses@https://registry.npmmirror.com/statuses/-/statuses-2.0.2.tgz. Extracting by manifest.
629 silly tarball no local data for string-length@https://registry.npmmirror.com/string-length/-/string-length-4.0.2.tgz. Extracting by manifest.
630 silly tarball no local data for stack-utils@https://registry.npmmirror.com/stack-utils/-/stack-utils-2.0.6.tgz. Extracting by manifest.
631 silly tarball no local data for sprintf-js@https://registry.npmmirror.com/sprintf-js/-/sprintf-js-1.0.3.tgz. Extracting by manifest.
632 silly tarball no local data for source-map-support@https://registry.npmmirror.com/source-map-support/-/source-map-support-0.5.13.tgz. Extracting by manifest.
633 silly tarball no local data for source-map@https://registry.npmmirror.com/source-map/-/source-map-0.6.1.tgz. Extracting by manifest.
634 silly tarball no local data for slash@https://registry.npmmirror.com/slash/-/slash-3.0.0.tgz. Extracting by manifest.
635 silly tarball no local data for sisteransi@https://registry.npmmirror.com/sisteransi/-/sisteransi-1.0.5.tgz. Extracting by manifest.
636 silly tarball no local data for simple-update-notifier@https://registry.npmmirror.com/simple-update-notifier/-/simple-update-notifier-2.0.0.tgz. Extracting by manifest.
637 silly tarball no local data for side-channel-list@https://registry.npmmirror.com/side-channel-list/-/side-channel-list-1.0.0.tgz. Extracting by manifest.
638 silly tarball no local data for signal-exit@https://registry.npmmirror.com/signal-exit/-/signal-exit-3.0.7.tgz. Extracting by manifest.
639 silly tarball no local data for serve-static@https://registry.npmmirror.com/serve-static/-/serve-static-1.16.3.tgz. Extracting by manifest.
640 silly tarball no local data for setprototypeof@https://registry.npmmirror.com/setprototypeof/-/setprototypeof-1.2.0.tgz. Extracting by manifest.
641 silly tarball no local data for send@https://registry.npmmirror.com/send/-/send-0.19.2.tgz. Extracting by manifest.
642 silly tarball no local data for safe-buffer@https://registry.npmmirror.com/safe-buffer/-/safe-buffer-5.2.1.tgz. Extracting by manifest.
643 silly tarball no local data for resolve.exports@https://registry.npmmirror.com/resolve.exports/-/resolve.exports-2.0.3.tgz. Extracting by manifest.
644 silly tarball no local data for resolve-from@https://registry.npmmirror.com/resolve-from/-/resolve-from-5.0.0.tgz. Extracting by manifest.
645 silly tarball no local data for resolve-cwd@https://registry.npmmirror.com/resolve-cwd/-/resolve-cwd-3.0.0.tgz. Extracting by manifest.
646 silly tarball no local data for resolve@https://registry.npmmirror.com/resolve/-/resolve-1.22.11.tgz. Extracting by manifest.
647 silly tarball no local data for range-parser@https://registry.npmmirror.com/range-parser/-/range-parser-1.2.1.tgz. Extracting by manifest.
648 silly tarball no local data for readdirp@https://registry.npmmirror.com/readdirp/-/readdirp-3.6.0.tgz. Extracting by manifest.
649 silly tarball no local data for require-directory@https://registry.npmmirror.com/require-directory/-/require-directory-2.1.1.tgz. Extracting by manifest.
650 silly tarball no local data for raw-body@https://registry.npmmirror.com/raw-body/-/raw-body-2.5.3.tgz. Extracting by manifest.
651 silly tarball no local data for prompts@https://registry.npmmirror.com/prompts/-/prompts-2.4.2.tgz. Extracting by manifest.
652 silly tarball no local data for pure-rand@https://registry.npmmirror.com/pure-rand/-/pure-rand-6.1.0.tgz. Extracting by manifest.
653 silly tarball no local data for qs@https://registry.npmmirror.com/qs/-/qs-6.14.2.tgz. Extracting by manifest.
654 silly tarball no local data for string-width@https://registry.npmmirror.com/string-width/-/string-width-4.2.3.tgz. Extracting by manifest.
655 silly tarball no local data for pstree.remy@https://registry.npmmirror.com/pstree.remy/-/pstree.remy-1.1.8.tgz. Extracting by manifest.
656 silly tarball no local data for proxy-addr@https://registry.npmmirror.com/proxy-addr/-/proxy-addr-2.0.7.tgz. Extracting by manifest.
657 silly tarball no local data for pkg-dir@https://registry.npmmirror.com/pkg-dir/-/pkg-dir-4.2.0.tgz. Extracting by manifest.
658 silly tarball no local data for picomatch@https://registry.npmmirror.com/picomatch/-/picomatch-2.3.1.tgz. Extracting by manifest.
659 silly tarball no local data for path-to-regexp@https://registry.npmmirror.com/path-to-regexp/-/path-to-regexp-0.1.12.tgz. Extracting by manifest.
660 silly tarball no local data for parse-json@https://registry.npmmirror.com/parse-json/-/parse-json-5.2.0.tgz. Extracting by manifest.
661 silly tarball no local data for p-try@https://registry.npmmirror.com/p-try/-/p-try-2.2.0.tgz. Extracting by manifest.
662 silly tarball no local data for parseurl@https://registry.npmmirror.com/parseurl/-/parseurl-1.3.3.tgz. Extracting by manifest.
663 silly tarball no local data for p-locate@https://registry.npmmirror.com/p-locate/-/p-locate-4.1.0.tgz. Extracting by manifest.
664 silly tarball no local data for onetime@https://registry.npmmirror.com/onetime/-/onetime-5.1.2.tgz. Extracting by manifest.
665 silly tarball no local data for on-headers@https://registry.npmmirror.com/on-headers/-/on-headers-1.1.0.tgz. Extracting by manifest.
666 silly tarball no local data for on-finished@https://registry.npmmirror.com/on-finished/-/on-finished-2.4.1.tgz. Extracting by manifest.
667 silly tarball no local data for npm-run-path@https://registry.npmmirror.com/npm-run-path/-/npm-run-path-4.0.1.tgz. Extracting by manifest.
668 silly tarball no local data for normalize-path@https://registry.npmmirror.com/normalize-path/-/normalize-path-3.0.0.tgz. Extracting by manifest.
669 silly tarball no local data for nodemon@https://registry.npmmirror.com/nodemon/-/nodemon-3.1.14.tgz. Extracting by manifest.
670 silly tarball no local data for node-releases@https://registry.npmmirror.com/node-releases/-/node-releases-2.0.36.tgz. Extracting by manifest.
671 silly tarball no local data for node-int64@https://registry.npmmirror.com/node-int64/-/node-int64-0.4.0.tgz. Extracting by manifest.
672 silly tarball no local data for ms@https://registry.npmmirror.com/ms/-/ms-2.0.0.tgz. Extracting by manifest.
673 silly tarball no local data for morgan@https://registry.npmmirror.com/morgan/-/morgan-1.10.1.tgz. Extracting by manifest.
674 silly tarball no local data for negotiator@https://registry.npmmirror.com/negotiator/-/negotiator-0.6.3.tgz. Extracting by manifest.
675 silly tarball no local data for mimic-fn@https://registry.npmmirror.com/mimic-fn/-/mimic-fn-2.1.0.tgz. Extracting by manifest.
676 silly tarball no local data for mime@https://registry.npmmirror.com/mime/-/mime-1.6.0.tgz. Extracting by manifest.
677 silly tarball no local data for micromatch@https://registry.npmmirror.com/micromatch/-/micromatch-4.0.8.tgz. Extracting by manifest.
678 silly tarball no local data for locate-path@https://registry.npmmirror.com/locate-path/-/locate-path-5.0.0.tgz. Extracting by manifest.
679 silly tarball no local data for methods@https://registry.npmmirror.com/methods/-/methods-1.1.2.tgz. Extracting by manifest.
680 silly tarball no local data for merge-descriptors@https://registry.npmmirror.com/merge-descriptors/-/merge-descriptors-1.0.3.tgz. Extracting by manifest.
681 silly tarball no local data for media-typer@https://registry.npmmirror.com/media-typer/-/media-typer-0.3.0.tgz. Extracting by manifest.
682 silly tarball no local data for makeerror@https://registry.npmmirror.com/makeerror/-/makeerror-1.0.12.tgz. Extracting by manifest.
683 silly tarball no local data for make-dir@https://registry.npmmirror.com/make-dir/-/make-dir-4.0.0.tgz. Extracting by manifest.
684 silly tarball no local data for lines-and-columns@https://registry.npmmirror.com/lines-and-columns/-/lines-and-columns-1.2.4.tgz. Extracting by manifest.
685 silly tarball no local data for leven@https://registry.npmmirror.com/leven/-/leven-3.1.0.tgz. Extracting by manifest.
686 silly tarball no local data for kleur@https://registry.npmmirror.com/kleur/-/kleur-3.0.3.tgz. Extracting by manifest.
687 silly tarball no local data for json-parse-even-better-errors@https://registry.npmmirror.com/json-parse-even-better-errors/-/json-parse-even-better-errors-2.3.1.tgz. Extracting by manifest.
688 silly tarball no local data for js-yaml@https://registry.npmmirror.com/js-yaml/-/js-yaml-3.14.2.tgz. Extracting by manifest.
689 silly tarball no local data for jest-watcher@https://registry.npmmirror.com/jest-watcher/-/jest-watcher-29.7.0.tgz. Extracting by manifest.
690 silly tarball no local data for jest-worker@https://registry.npmmirror.com/jest-worker/-/jest-worker-29.7.0.tgz. Extracting by manifest.
691 silly tarball no local data for jest-validate@https://registry.npmmirror.com/jest-validate/-/jest-validate-29.7.0.tgz. Extracting by manifest.
692 silly tarball no local data for jest-util@https://registry.npmmirror.com/jest-util/-/jest-util-29.7.0.tgz. Extracting by manifest.
693 silly tarball no local data for jest-snapshot@https://registry.npmmirror.com/jest-snapshot/-/jest-snapshot-29.7.0.tgz. Extracting by manifest.
694 silly tarball no local data for jest-runtime@https://registry.npmmirror.com/jest-runtime/-/jest-runtime-29.7.0.tgz. Extracting by manifest.
695 silly tarball no local data for jest-runner@https://registry.npmmirror.com/jest-runner/-/jest-runner-29.7.0.tgz. Extracting by manifest.
696 silly tarball no local data for jest-resolve-dependencies@https://registry.npmmirror.com/jest-resolve-dependencies/-/jest-resolve-dependencies-29.7.0.tgz. Extracting by manifest.
697 silly tarball no local data for jest-resolve@https://registry.npmmirror.com/jest-resolve/-/jest-resolve-29.7.0.tgz. Extracting by manifest.
698 silly tarball no local data for jest-regex-util@https://registry.npmmirror.com/jest-regex-util/-/jest-regex-util-29.6.3.tgz. Extracting by manifest.
699 silly tarball no local data for jest-pnp-resolver@https://registry.npmmirror.com/jest-pnp-resolver/-/jest-pnp-resolver-1.2.3.tgz. Extracting by manifest.
700 silly tarball no local data for jest-mock@https://registry.npmmirror.com/jest-mock/-/jest-mock-29.7.0.tgz. Extracting by manifest.
701 silly tarball no local data for jest-message-util@https://registry.npmmirror.com/jest-message-util/-/jest-message-util-29.7.0.tgz. Extracting by manifest.
702 silly tarball no local data for jest-matcher-utils@https://registry.npmmirror.com/jest-matcher-utils/-/jest-matcher-utils-29.7.0.tgz. Extracting by manifest.
703 silly tarball no local data for jest-leak-detector@https://registry.npmmirror.com/jest-leak-detector/-/jest-leak-detector-29.7.0.tgz. Extracting by manifest.
704 silly tarball no local data for jest-haste-map@https://registry.npmmirror.com/jest-haste-map/-/jest-haste-map-29.7.0.tgz. Extracting by manifest.
705 silly tarball no local data for jest-get-type@https://registry.npmmirror.com/jest-get-type/-/jest-get-type-29.6.3.tgz. Extracting by manifest.
706 silly tarball no local data for jest-environment-node@https://registry.npmmirror.com/jest-environment-node/-/jest-environment-node-29.6.4.tgz. Extracting by manifest.
707 silly tarball no local data for jest-each@https://registry.npmmirror.com/jest-each/-/jest-each-29.7.0.tgz. Extracting by manifest.
708 silly tarball no local data for jest-docblock@https://registry.npmmirror.com/jest-docblock/-/jest-docblock-29.7.0.tgz. Extracting by manifest.
709 silly tarball no local data for jest-diff@https://registry.npmmirror.com/jest-diff/-/jest-diff-29.7.0.tgz. Extracting by manifest.
710 silly tarball no local data for jest-config@https://registry.npmmirror.com/jest-config/-/jest-config-29.7.0.tgz. Extracting by manifest.
711 silly tarball no local data for jest-cli@https://registry.npmmirror.com/jest-cli/-/jest-cli-29.7.0.tgz. Extracting by manifest.
712 silly tarball no local data for jest-circus@https://registry.npmmirror.com/jest-circus/-/jest-circus-29.7.0.tgz. Extracting by manifest.
713 silly tarball no local data for jest-changed-files@https://registry.npmmirror.com/jest-changed-files/-/jest-changed-files-29.7.0.tgz. Extracting by manifest.
714 silly tarball no local data for jest@https://registry.npmmirror.com/jest/-/jest-29.7.0.tgz. Extracting by manifest.
715 silly tarball no local data for istanbul-reports@https://registry.npmmirror.com/istanbul-reports/-/istanbul-reports-3.2.0.tgz. Extracting by manifest.
716 silly tarball no local data for istanbul-lib-source-maps@https://registry.npmmirror.com/istanbul-lib-source-maps/-/istanbul-lib-source-maps-4.0.1.tgz. Extracting by manifest.
717 silly tarball no local data for istanbul-lib-report@https://registry.npmmirror.com/istanbul-lib-report/-/istanbul-lib-report-3.0.1.tgz. Extracting by manifest.
718 silly tarball no local data for istanbul-lib-instrument@https://registry.npmmirror.com/istanbul-lib-instrument/-/istanbul-lib-instrument-6.0.3.tgz. Extracting by manifest.
719 silly tarball no local data for istanbul-lib-coverage@https://registry.npmmirror.com/istanbul-lib-coverage/-/istanbul-lib-coverage-3.2.2.tgz. Extracting by manifest.
720 silly tarball no local data for is-number@https://registry.npmmirror.com/is-number/-/is-number-7.0.0.tgz. Extracting by manifest.
721 silly tarball no local data for is-generator-fn@https://registry.npmmirror.com/is-generator-fn/-/is-generator-fn-2.1.0.tgz. Extracting by manifest.
722 silly tarball no local data for is-stream@https://registry.npmmirror.com/is-stream/-/is-stream-2.0.1.tgz. Extracting by manifest.
723 silly tarball no local data for is-fullwidth-code-point@https://registry.npmmirror.com/is-fullwidth-code-point/-/is-fullwidth-code-point-3.0.0.tgz. Extracting by manifest.
724 silly tarball no local data for is-binary-path@https://registry.npmmirror.com/is-binary-path/-/is-binary-path-2.1.0.tgz. Extracting by manifest.
725 silly tarball no local data for is-arrayish@https://registry.npmmirror.com/is-arrayish/-/is-arrayish-0.2.1.tgz. Extracting by manifest.
726 silly tarball no local data for ipaddr.js@https://registry.npmmirror.com/ipaddr.js/-/ipaddr.js-1.9.1.tgz. Extracting by manifest.
727 silly tarball no local data for http-errors@https://registry.npmmirror.com/http-errors/-/http-errors-2.0.1.tgz. Extracting by manifest.
728 silly tarball no local data for import-local@https://registry.npmmirror.com/import-local/-/import-local-3.2.0.tgz. Extracting by manifest.
729 silly tarball no local data for pirates@https://registry.npmmirror.com/pirates/-/pirates-4.0.7.tgz. Extracting by manifest.
730 silly tarball no local data for ignore-by-default@https://registry.npmmirror.com/ignore-by-default/-/ignore-by-default-1.0.1.tgz. Extracting by manifest.
731 silly tarball no local data for human-signals@https://registry.npmmirror.com/human-signals/-/human-signals-2.1.0.tgz. Extracting by manifest.
732 silly tarball no local data for html-escaper@https://registry.npmmirror.com/html-escaper/-/html-escaper-2.0.2.tgz. Extracting by manifest.
733 silly tarball no local data for hasown@https://registry.npmmirror.com/hasown/-/hasown-2.0.2.tgz. Extracting by manifest.
734 silly tarball no local data for graceful-fs@https://registry.npmmirror.com/graceful-fs/-/graceful-fs-4.2.11.tgz. Extracting by manifest.
735 silly tarball no local data for glob-parent@https://registry.npmmirror.com/glob-parent/-/glob-parent-5.1.2.tgz. Extracting by manifest.
736 silly tarball no local data for get-stream@https://registry.npmmirror.com/get-stream/-/get-stream-6.0.1.tgz. Extracting by manifest.
737 silly tarball no local data for get-package-type@https://registry.npmmirror.com/get-package-type/-/get-package-type-0.1.0.tgz. Extracting by manifest.
738 silly tarball no local data for get-caller-file@https://registry.npmmirror.com/get-caller-file/-/get-caller-file-2.0.5.tgz. Extracting by manifest.
739 silly tarball no local data for fresh@https://registry.npmmirror.com/fresh/-/fresh-0.5.2.tgz. Extracting by manifest.
740 silly tarball no local data for forwarded@https://registry.npmmirror.com/forwarded/-/forwarded-0.2.0.tgz. Extracting by manifest.
741 silly tarball no local data for formidable@https://registry.npmmirror.com/formidable/-/formidable-2.1.5.tgz. Extracting by manifest.
742 silly tarball no local data for find-up@https://registry.npmmirror.com/find-up/-/find-up-4.1.0.tgz. Extracting by manifest.
743 silly tarball no local data for finalhandler@https://registry.npmmirror.com/finalhandler/-/finalhandler-1.3.2.tgz. Extracting by manifest.
744 silly tarball no local data for fast-safe-stringify@https://registry.npmmirror.com/fast-safe-stringify/-/fast-safe-stringify-2.1.1.tgz. Extracting by manifest.
745 silly tarball no local data for fb-watchman@https://registry.npmmirror.com/fb-watchman/-/fb-watchman-2.0.2.tgz. Extracting by manifest.
746 silly tarball no local data for express@https://registry.npmmirror.com/express/-/express-4.22.1.tgz. Extracting by manifest.
747 silly tarball no local data for fill-range@https://registry.npmmirror.com/fill-range/-/fill-range-7.1.1.tgz. Extracting by manifest.
748 silly tarball no local data for etag@https://registry.npmmirror.com/etag/-/etag-1.8.1.tgz. Extracting by manifest.
749 silly tarball no local data for expect@https://registry.npmmirror.com/expect/-/expect-29.7.0.tgz. Extracting by manifest.
750 silly tarball no local data for exit@https://registry.npmmirror.com/exit/-/exit-0.1.2.tgz. Extracting by manifest.
751 silly tarball no local data for execa@https://registry.npmmirror.com/execa/-/execa-5.1.1.tgz. Extracting by manifest.
752 silly tarball no local data for esprima@https://registry.npmmirror.com/esprima/-/esprima-4.0.1.tgz. Extracting by manifest.
753 silly tarball no local data for escape-string-regexp@https://registry.npmmirror.com/escape-string-regexp/-/escape-string-regexp-2.0.0.tgz. Extracting by manifest.
754 silly tarball no local data for escape-html@https://registry.npmmirror.com/escape-html/-/escape-html-1.0.3.tgz. Extracting by manifest.
755 silly tarball no local data for error-ex@https://registry.npmmirror.com/error-ex/-/error-ex-1.3.4.tgz. Extracting by manifest.
756 silly tarball no local data for encodeurl@https://registry.npmmirror.com/encodeurl/-/encodeurl-2.0.0.tgz. Extracting by manifest.
757 silly tarball no local data for ee-first@https://registry.npmmirror.com/ee-first/-/ee-first-1.1.1.tgz. Extracting by manifest.
758 silly tarball no local data for emoji-regex@https://registry.npmmirror.com/emoji-regex/-/emoji-regex-8.0.0.tgz. Extracting by manifest.
759 silly tarball no local data for emittery@https://registry.npmmirror.com/emittery/-/emittery-0.13.1.tgz. Extracting by manifest.
760 silly tarball no local data for electron-to-chromium@https://registry.npmmirror.com/electron-to-chromium/-/electron-to-chromium-1.5.321.tgz. Extracting by manifest.
761 silly tarball no local data for dotenv@https://registry.npmmirror.com/dotenv/-/dotenv-16.6.1.tgz. Extracting by manifest.
762 silly tarball no local data for dezalgo@https://registry.npmmirror.com/dezalgo/-/dezalgo-1.0.4.tgz. Extracting by manifest.
763 silly tarball no local data for detect-newline@https://registry.npmmirror.com/detect-newline/-/detect-newline-3.1.0.tgz. Extracting by manifest.
764 silly tarball no local data for dedent@https://registry.npmmirror.com/dedent/-/dedent-1.7.2.tgz. Extracting by manifest.
765 silly tarball no local data for destroy@https://registry.npmmirror.com/destroy/-/destroy-1.2.0.tgz. Extracting by manifest.
766 silly tarball no local data for depd@https://registry.npmmirror.com/depd/-/depd-2.0.0.tgz. Extracting by manifest.
767 silly tarball no local data for content-type@https://registry.npmmirror.com/content-type/-/content-type-1.0.5.tgz. Extracting by manifest.
768 silly tarball no local data for debug@https://registry.npmmirror.com/debug/-/debug-2.6.9.tgz. Extracting by manifest.
769 silly tarball no local data for create-jest@https://registry.npmmirror.com/create-jest/-/create-jest-29.7.0.tgz. Extracting by manifest.
770 silly tarball no local data for deepmerge@https://registry.npmmirror.com/deepmerge/-/deepmerge-4.3.1.tgz. Extracting by manifest.
771 silly tarball no local data for iconv-lite@https://registry.npmmirror.com/iconv-lite/-/iconv-lite-0.4.24.tgz. Extracting by manifest.
772 silly tarball no local data for cors@https://registry.npmmirror.com/cors/-/cors-2.8.6.tgz. Extracting by manifest.
773 silly tarball no local data for cookiejar@https://registry.npmmirror.com/cookiejar/-/cookiejar-2.1.4.tgz. Extracting by manifest.
774 silly tarball no local data for cookie@https://registry.npmmirror.com/cookie/-/cookie-0.7.2.tgz. Extracting by manifest.
775 silly tarball no local data for content-disposition@https://registry.npmmirror.com/content-disposition/-/content-disposition-0.5.4.tgz. Extracting by manifest.
776 silly tarball no local data for component-emitter@https://registry.npmmirror.com/component-emitter/-/component-emitter-1.3.1.tgz. Extracting by manifest.
777 silly tarball no local data for collect-v8-coverage@https://registry.npmmirror.com/collect-v8-coverage/-/collect-v8-coverage-1.0.3.tgz. Extracting by manifest.
778 silly tarball no local data for co@https://registry.npmmirror.com/co/-/co-4.6.0.tgz. Extracting by manifest.
779 silly tarball no local data for cjs-module-lexer@https://registry.npmmirror.com/cjs-module-lexer/-/cjs-module-lexer-1.4.3.tgz. Extracting by manifest.
780 silly tarball no local data for cookie-signature@https://registry.npmmirror.com/cookie-signature/-/cookie-signature-1.0.7.tgz. Extracting by manifest.
781 silly tarball no local data for cliui@https://registry.npmmirror.com/cliui/-/cliui-8.0.1.tgz. Extracting by manifest.
782 silly tarball no local data for chokidar@https://registry.npmmirror.com/chokidar/-/chokidar-3.6.0.tgz. Extracting by manifest.
783 silly tarball no local data for char-regex@https://registry.npmmirror.com/char-regex/-/char-regex-1.0.2.tgz. Extracting by manifest.
784 silly tarball no local data for ci-info@https://registry.npmmirror.com/ci-info/-/ci-info-3.9.0.tgz. Extracting by manifest.
785 silly tarball no local data for caniuse-lite@https://registry.npmmirror.com/caniuse-lite/-/caniuse-lite-1.0.30001780.tgz. Extracting by manifest.
786 silly tarball no local data for camelcase@https://registry.npmmirror.com/camelcase/-/camelcase-5.3.1.tgz. Extracting by manifest.
787 silly tarball no local data for buffer-from@https://registry.npmmirror.com/buffer-from/-/buffer-from-1.1.2.tgz. Extracting by manifest.
788 silly tarball no local data for bser@https://registry.npmmirror.com/bser/-/bser-2.1.1.tgz. Extracting by manifest.
789 silly tarball no local data for browserslist@https://registry.npmmirror.com/browserslist/-/browserslist-4.28.1.tgz. Extracting by manifest.
790 silly tarball no local data for braces@https://registry.npmmirror.com/braces/-/braces-3.0.3.tgz. Extracting by manifest.
791 silly tarball no local data for brace-expansion@https://registry.npmmirror.com/brace-expansion/-/brace-expansion-1.1.12.tgz. Extracting by manifest.
792 silly tarball no local data for binary-extensions@https://registry.npmmirror.com/binary-extensions/-/binary-extensions-2.3.0.tgz. Extracting by manifest.
793 silly tarball no local data for basic-auth@https://registry.npmmirror.com/basic-auth/-/basic-auth-2.0.1.tgz. Extracting by manifest.
794 silly tarball no local data for bytes@https://registry.npmmirror.com/bytes/-/bytes-3.1.2.tgz. Extracting by manifest.
795 silly tarball no local data for baseline-browser-mapping@https://registry.npmmirror.com/baseline-browser-mapping/-/baseline-browser-mapping-2.10.8.tgz. Extracting by manifest.
796 silly tarball no local data for body-parser@https://registry.npmmirror.com/body-parser/-/body-parser-1.20.4.tgz. Extracting by manifest.
797 silly tarball no local data for babel-preset-current-node-syntax@https://registry.npmmirror.com/babel-preset-current-node-syntax/-/babel-preset-current-node-syntax-1.2.0.tgz. Extracting by manifest.
798 silly tarball no local data for babel-plugin-jest-hoist@https://registry.npmmirror.com/babel-plugin-jest-hoist/-/babel-plugin-jest-hoist-29.6.3.tgz. Extracting by manifest.
799 silly tarball no local data for asap@https://registry.npmmirror.com/asap/-/asap-2.0.6.tgz. Extracting by manifest.
800 silly tarball no local data for babel-jest@https://registry.npmmirror.com/babel-jest/-/babel-jest-29.7.0.tgz. Extracting by manifest.
801 silly tarball no local data for babel-plugin-istanbul@https://registry.npmmirror.com/babel-plugin-istanbul/-/babel-plugin-istanbul-6.1.1.tgz. Extracting by manifest.
802 silly tarball no local data for babel-preset-jest@https://registry.npmmirror.com/babel-preset-jest/-/babel-preset-jest-29.6.3.tgz. Extracting by manifest.
803 silly tarball no local data for array-flatten@https://registry.npmmirror.com/array-flatten/-/array-flatten-1.1.1.tgz. Extracting by manifest.
804 silly tarball no local data for accepts@https://registry.npmmirror.com/accepts/-/accepts-1.3.8.tgz. Extracting by manifest.
805 silly tarball no local data for anymatch@https://registry.npmmirror.com/anymatch/-/anymatch-3.1.3.tgz. Extracting by manifest.
806 silly tarball no local data for ansi-escapes@https://registry.npmmirror.com/ansi-escapes/-/ansi-escapes-4.3.2.tgz. Extracting by manifest.
807 silly tarball no local data for argparse@https://registry.npmmirror.com/argparse/-/argparse-1.0.10.tgz. Extracting by manifest.
808 silly tarball no local data for mime@https://registry.npmmirror.com/mime/-/mime-2.6.0.tgz. Extracting by manifest.
809 silly tarball no local data for semver@https://registry.npmmirror.com/semver/-/semver-7.7.4.tgz. Extracting by manifest.
810 silly tarball no local data for semver@https://registry.npmmirror.com/semver/-/semver-7.7.4.tgz. Extracting by manifest.
811 silly tarball no local data for p-limit@https://registry.npmmirror.com/p-limit/-/p-limit-2.3.0.tgz. Extracting by manifest.
812 silly tarball no local data for supports-color@https://registry.npmmirror.com/supports-color/-/supports-color-5.5.0.tgz. Extracting by manifest.
813 silly tarball no local data for minimatch@https://registry.npmmirror.com/minimatch/-/minimatch-10.2.4.tgz. Extracting by manifest.
814 silly tarball no local data for has-flag@https://registry.npmmirror.com/has-flag/-/has-flag-3.0.0.tgz. Extracting by manifest.
815 silly tarball no local data for brace-expansion@https://registry.npmmirror.com/brace-expansion/-/brace-expansion-5.0.4.tgz. Extracting by manifest.
816 silly tarball no local data for semver@https://registry.npmmirror.com/semver/-/semver-7.7.4.tgz. Extracting by manifest.
817 silly tarball no local data for balanced-match@https://registry.npmmirror.com/balanced-match/-/balanced-match-4.0.4.tgz. Extracting by manifest.
818 silly tarball no local data for on-finished@https://registry.npmmirror.com/on-finished/-/on-finished-2.3.0.tgz. Extracting by manifest.
819 silly tarball no local data for semver@https://registry.npmmirror.com/semver/-/semver-7.7.4.tgz. Extracting by manifest.
820 silly tarball no local data for supports-color@https://registry.npmmirror.com/supports-color/-/supports-color-8.1.1.tgz. Extracting by manifest.
821 silly tarball no local data for camelcase@https://registry.npmmirror.com/camelcase/-/camelcase-6.3.0.tgz. Extracting by manifest.
822 silly tarball no local data for jest-environment-node@https://registry.npmmirror.com/jest-environment-node/-/jest-environment-node-29.7.0.tgz. Extracting by manifest.
823 silly tarball no local data for semver@https://registry.npmmirror.com/semver/-/semver-7.7.4.tgz. Extracting by manifest.
824 silly tarball no local data for jest-environment-node@https://registry.npmmirror.com/jest-environment-node/-/jest-environment-node-29.7.0.tgz. Extracting by manifest.
825 silly tarball no local data for safe-buffer@https://registry.npmmirror.com/safe-buffer/-/safe-buffer-5.1.2.tgz. Extracting by manifest.
826 silly tarball no local data for semver@https://registry.npmmirror.com/semver/-/semver-7.7.4.tgz. Extracting by manifest.
827 silly tarball no local data for istanbul-lib-instrument@https://registry.npmmirror.com/istanbul-lib-instrument/-/istanbul-lib-instrument-5.2.1.tgz. Extracting by manifest.
828 http fetch GET https://registry.npmmirror.com/which/-/which-2.0.2.tgz attempt 1 failed with ENOTFOUND
829 http fetch GET https://registry.npmmirror.com/update-browserslist-db/-/update-browserslist-db-1.2.3.tgz attempt 1 failed with ENOTFOUND
830 http fetch GET https://registry.npmmirror.com/semver/-/semver-6.3.1.tgz attempt 1 failed with ENOTFOUND
831 http fetch GET https://registry.npmmirror.com/json5/-/json5-2.2.3.tgz attempt 1 failed with ENOTFOUND
832 http fetch GET https://registry.npmmirror.com/jsesc/-/jsesc-3.1.0.tgz attempt 1 failed with ENOTFOUND
833 http fetch GET https://registry.npmmirror.com/@types/yargs-parser/-/yargs-parser-21.0.3.tgz attempt 1 failed with ENOTFOUND
834 http fetch GET https://registry.npmmirror.com/@types/yargs/-/yargs-17.0.35.tgz attempt 1 failed with ENOTFOUND
835 http fetch GET https://registry.npmmirror.com/@types/stack-utils/-/stack-utils-2.0.3.tgz attempt 1 failed with ENOTFOUND
836 http fetch GET https://registry.npmmirror.com/@types/node/-/node-25.5.0.tgz attempt 1 failed with ENOTFOUND
837 http fetch GET https://registry.npmmirror.com/@types/istanbul-reports/-/istanbul-reports-3.0.4.tgz attempt 1 failed with ENOTFOUND
838 http fetch GET https://registry.npmmirror.com/@types/istanbul-lib-report/-/istanbul-lib-report-3.0.3.tgz attempt 1 failed with ENOTFOUND
839 http fetch GET https://registry.npmmirror.com/@types/istanbul-lib-coverage/-/istanbul-lib-coverage-2.0.6.tgz attempt 1 failed with ENOTFOUND
840 http fetch GET https://registry.npmmirror.com/@sinonjs/fake-timers/-/fake-timers-10.3.0.tgz attempt 1 failed with ENOTFOUND
841 http fetch GET https://registry.npmmirror.com/@types/graceful-fs/-/graceful-fs-4.1.9.tgz attempt 1 failed with ENOTFOUND
842 http fetch GET https://registry.npmmirror.com/@sinonjs/commons/-/commons-3.0.1.tgz attempt 1 failed with ENOTFOUND
18 http fetch GET https://registry.npmjs.org/npm attempt 2 failed with ENOTFOUND
843 http fetch GET https://registry.npmjs.org/npm attempt 2 failed with ENOTFOUND
19 http fetch GET https://registry.npmjs.org/@types%2fnode attempt 2 failed with ENOTFOUND
844 http fetch GET https://registry.npmmirror.com/which/-/which-2.0.2.tgz attempt 2 failed with ENOTFOUND
845 http fetch GET https://registry.npmmirror.com/update-browserslist-db/-/update-browserslist-db-1.2.3.tgz attempt 2 failed with ENOTFOUND
846 http fetch GET https://registry.npmmirror.com/semver/-/semver-6.3.1.tgz attempt 2 failed with ENOTFOUND
847 http fetch GET https://registry.npmmirror.com/json5/-/json5-2.2.3.tgz attempt 2 failed with ENOTFOUND
848 http fetch GET https://registry.npmmirror.com/jsesc/-/jsesc-3.1.0.tgz attempt 2 failed with ENOTFOUND
849 http fetch GET https://registry.npmmirror.com/@types/yargs-parser/-/yargs-parser-21.0.3.tgz attempt 2 failed with ENOTFOUND
850 http fetch GET https://registry.npmmirror.com/@types/yargs/-/yargs-17.0.35.tgz attempt 2 failed with ENOTFOUND
851 http fetch GET https://registry.npmmirror.com/@types/stack-utils/-/stack-utils-2.0.3.tgz attempt 2 failed with ENOTFOUND
852 http fetch GET https://registry.npmmirror.com/@types/node/-/node-25.5.0.tgz attempt 2 failed with ENOTFOUND
853 http fetch GET https://registry.npmmirror.com/@types/istanbul-reports/-/istanbul-reports-3.0.4.tgz attempt 2 failed with ENOTFOUND
854 http fetch GET https://registry.npmmirror.com/@types/istanbul-lib-report/-/istanbul-lib-report-3.0.3.tgz attempt 2 failed with ENOTFOUND
855 http fetch GET https://registry.npmmirror.com/@types/istanbul-lib-coverage/-/istanbul-lib-coverage-2.0.6.tgz attempt 2 failed with ENOTFOUND
856 http fetch GET https://registry.npmmirror.com/@sinonjs/fake-timers/-/fake-timers-10.3.0.tgz attempt 2 failed with ENOTFOUND
857 http fetch GET https://registry.npmmirror.com/@types/graceful-fs/-/graceful-fs-4.1.9.tgz attempt 2 failed with ENOTFOUND
858 http fetch GET https://registry.npmmirror.com/@sinonjs/commons/-/commons-3.0.1.tgz attempt 2 failed with ENOTFOUND
859 http fetch GET https://registry.npmjs.org/npm attempt 3 failed with ENOTFOUND
20 http fetch GET https://registry.npmjs.org/npm attempt 3 failed with ENOTFOUND
21 http fetch GET https://registry.npmjs.org/@types%2fnode attempt 3 failed with ENOTFOUND
22 silly placeDep node_modules/@types/yauzl @types/node@ OK for: @types/yauzl@2.10.3 want: *
23 silly reify mark retired [ '/Users/rashmianand/Desktop/shopsmart/client/node_modules/acorn' ]
24 silly reify mark retired [
24 silly reify   '/Users/rashmianand/Desktop/shopsmart/client/node_modules/acorn-walk'
24 silly reify ]
25 silly reify mark retired [
25 silly reify   '/Users/rashmianand/Desktop/shopsmart/client/node_modules/aggregate-error'
25 silly reify ]
26 silly reify mark retired [ '/Users/rashmianand/Desktop/shopsmart/client/node_modules/ajv' ]
27 silly reify mark retired [
27 silly reify   '/Users/rashmianand/Desktop/shopsmart/client/node_modules/ansi-colors'
27 silly reify ]
28 silly reify mark retired [
28 silly reify   '/Users/rashmianand/Desktop/shopsmart/client/node_modules/ansi-escapes'
28 silly reify ]
29 silly reify mark retired [ '/Users/rashmianand/Desktop/shopsmart/client/node_modules/arch' ]
30 silly reify mark retired [ '/Users/rashmianand/Desktop/shopsmart/client/node_modules/asn1' ]
31 silly reify mark retired [
31 silly reify   '/Users/rashmianand/Desktop/shopsmart/client/node_modules/assert-plus'
31 silly reify ]
32 silly reify mark retired [
32 silly reify   '/Users/rashmianand/Desktop/shopsmart/client/node_modules/astral-regex'
32 silly reify ]
33 silly reify mark retired [
33 silly reify   '/Users/rashmianand/Desktop/shopsmart/client/node_modules/at-least-node'
33 silly reify ]
34 silly reify mark retired [
34 silly reify   '/Users/rashmianand/Desktop/shopsmart/client/node_modules/aws-sign2'
34 silly reify ]
35 silly reify mark retired [ '/Users/rashmianand/Desktop/shopsmart/client/node_modules/aws4' ]
36 silly reify mark retired [ '/Users/rashmianand/Desktop/shopsmart/client/node_modules/axios' ]
37 silly reify mark retired [
37 silly reify   '/Users/rashmianand/Desktop/shopsmart/client/node_modules/base64-js'
37 silly reify ]
38 silly reify mark retired [
38 silly reify   '/Users/rashmianand/Desktop/shopsmart/client/node_modules/baseline-browser-mapping'
38 silly reify ]
39 silly reify mark retired [
39 silly reify   '/Users/rashmianand/Desktop/shopsmart/client/node_modules/bcrypt-pbkdf'
39 silly reify ]
40 silly reify mark retired [
40 silly reify   '/Users/rashmianand/Desktop/shopsmart/client/node_modules/blob-util'
40 silly reify ]
41 silly reify mark retired [ '/Users/rashmianand/Desktop/shopsmart/client/node_modules/bluebird' ]
42 silly reify mark retired [
42 silly reify   '/Users/rashmianand/Desktop/shopsmart/client/node_modules/brace-expansion'
42 silly reify ]
43 silly reify mark retired [
43 silly reify   '/Users/rashmianand/Desktop/shopsmart/client/node_modules/browserslist'
43 silly reify ]
44 silly reify mark retired [ '/Users/rashmianand/Desktop/shopsmart/client/node_modules/buffer' ]
45 silly reify mark retired [
45 silly reify   '/Users/rashmianand/Desktop/shopsmart/client/node_modules/buffer-crc32'
45 silly reify ]
46 silly reify mark retired [ '/Users/rashmianand/Desktop/shopsmart/client/node_modules/cachedir' ]
47 silly reify mark retired [
47 silly reify   '/Users/rashmianand/Desktop/shopsmart/client/node_modules/call-bind'
47 silly reify ]
48 silly reify mark retired [
48 silly reify   '/Users/rashmianand/Desktop/shopsmart/client/node_modules/caniuse-lite'
48 silly reify ]
49 silly reify mark retired [ '/Users/rashmianand/Desktop/shopsmart/client/node_modules/caseless' ]
50 silly reify mark retired [ '/Users/rashmianand/Desktop/shopsmart/client/node_modules/ci-info' ]
51 silly reify mark retired [
51 silly reify   '/Users/rashmianand/Desktop/shopsmart/client/node_modules/clean-stack'
51 silly reify ]
52 silly reify mark retired [
52 silly reify   '/Users/rashmianand/Desktop/shopsmart/client/node_modules/cli-cursor'
52 silly reify ]
53 silly reify mark retired [
53 silly reify   '/Users/rashmianand/Desktop/shopsmart/client/node_modules/cli-table3'
53 silly reify ]
54 silly reify mark retired [
54 silly reify   '/Users/rashmianand/Desktop/shopsmart/client/node_modules/cli-truncate'
54 silly reify ]
55 silly reify mark retired [
55 silly reify   '/Users/rashmianand/Desktop/shopsmart/client/node_modules/colorette'
55 silly reify ]
56 silly reify mark retired [ '/Users/rashmianand/Desktop/shopsmart/client/node_modules/colors' ]
57 silly reify mark retired [
57 silly reify   '/Users/rashmianand/Desktop/shopsmart/client/node_modules/commander'
57 silly reify ]
58 silly reify mark retired [
58 silly reify   '/Users/rashmianand/Desktop/shopsmart/client/node_modules/common-tags'
58 silly reify ]
59 silly reify mark retired [ '/Users/rashmianand/Desktop/shopsmart/client/node_modules/cookie' ]
60 silly reify mark retired [
60 silly reify   '/Users/rashmianand/Desktop/shopsmart/client/node_modules/core-util-is'
60 silly reify ]
61 silly reify mark retired [ '/Users/rashmianand/Desktop/shopsmart/client/node_modules/cypress' ]
62 silly reify mark retired [ '/Users/rashmianand/Desktop/shopsmart/client/node_modules/dashdash' ]
63 silly reify mark retired [ '/Users/rashmianand/Desktop/shopsmart/client/node_modules/dayjs' ]
64 silly reify mark retired [ '/Users/rashmianand/Desktop/shopsmart/client/node_modules/ecc-jsbn' ]
65 silly reify mark retired [
65 silly reify   '/Users/rashmianand/Desktop/shopsmart/client/node_modules/electron-to-chromium'
65 silly reify ]
66 silly reify mark retired [
66 silly reify   '/Users/rashmianand/Desktop/shopsmart/client/node_modules/emoji-regex'
66 silly reify ]
67 silly reify mark retired [
67 silly reify   '/Users/rashmianand/Desktop/shopsmart/client/node_modules/end-of-stream'
67 silly reify ]
68 silly reify mark retired [ '/Users/rashmianand/Desktop/shopsmart/client/node_modules/enquirer' ]
69 silly reify mark retired [
69 silly reify   '/Users/rashmianand/Desktop/shopsmart/client/node_modules/es-abstract'
69 silly reify ]
70 silly reify mark retired [
70 silly reify   '/Users/rashmianand/Desktop/shopsmart/client/node_modules/es-iterator-helpers'
70 silly reify ]
71 silly reify mark retired [
71 silly reify   '/Users/rashmianand/Desktop/shopsmart/client/node_modules/eventemitter2'
71 silly reify ]
72 silly reify mark retired [
72 silly reify   '/Users/rashmianand/Desktop/shopsmart/client/node_modules/executable'
72 silly reify ]
73 silly reify mark retired [ '/Users/rashmianand/Desktop/shopsmart/client/node_modules/extend' ]
74 silly reify mark retired [
74 silly reify   '/Users/rashmianand/Desktop/shopsmart/client/node_modules/extract-zip'
74 silly reify ]
75 silly reify mark retired [
75 silly reify   '/Users/rashmianand/Desktop/shopsmart/client/node_modules/extsprintf'
75 silly reify ]
76 silly reify mark retired [
76 silly reify   '/Users/rashmianand/Desktop/shopsmart/client/node_modules/fd-slicer'
76 silly reify ]
77 silly reify mark retired [ '/Users/rashmianand/Desktop/shopsmart/client/node_modules/figures' ]
78 silly reify mark retired [ '/Users/rashmianand/Desktop/shopsmart/client/node_modules/flatted' ]
79 silly reify mark retired [
79 silly reify   '/Users/rashmianand/Desktop/shopsmart/client/node_modules/follow-redirects'
79 silly reify ]
80 silly reify mark retired [
80 silly reify   '/Users/rashmianand/Desktop/shopsmart/client/node_modules/forever-agent'
80 silly reify ]
81 silly reify mark retired [
81 silly reify   '/Users/rashmianand/Desktop/shopsmart/client/node_modules/framer-motion'
81 silly reify ]
82 silly reify mark retired [ '/Users/rashmianand/Desktop/shopsmart/client/node_modules/fs-extra' ]
83 silly reify mark retired [ '/Users/rashmianand/Desktop/shopsmart/client/node_modules/getpass' ]
84 silly reify mark retired [ '/Users/rashmianand/Desktop/shopsmart/client/node_modules/globals' ]
85 silly reify mark retired [
85 silly reify   '/Users/rashmianand/Desktop/shopsmart/client/node_modules/global-dirs'
85 silly reify ]
86 silly reify mark retired [
86 silly reify   '/Users/rashmianand/Desktop/shopsmart/client/node_modules/graceful-fs'
86 silly reify ]
87 silly reify mark retired [ '/Users/rashmianand/Desktop/shopsmart/client/node_modules/hasha' ]
88 silly reify mark retired [ '/Users/rashmianand/Desktop/shopsmart/client/node_modules/hasown' ]
89 silly reify mark retired [
89 silly reify   '/Users/rashmianand/Desktop/shopsmart/client/node_modules/http-signature'
89 silly reify ]
90 silly reify mark retired [ '/Users/rashmianand/Desktop/shopsmart/client/node_modules/ieee754' ]
91 silly reify mark retired [ '/Users/rashmianand/Desktop/shopsmart/client/node_modules/ini' ]
92 silly reify mark retired [
92 silly reify   '/Users/rashmianand/Desktop/shopsmart/client/node_modules/is-fullwidth-code-point'
92 silly reify ]
93 silly reify mark retired [
93 silly reify   '/Users/rashmianand/Desktop/shopsmart/client/node_modules/is-installed-globally'
93 silly reify ]
94 silly reify mark retired [
94 silly reify   '/Users/rashmianand/Desktop/shopsmart/client/node_modules/is-typedarray'
94 silly reify ]
95 silly reify mark retired [
95 silly reify   '/Users/rashmianand/Desktop/shopsmart/client/node_modules/is-unicode-supported'
95 silly reify ]
96 silly reify mark retired [ '/Users/rashmianand/Desktop/shopsmart/client/node_modules/isstream' ]
97 silly reify mark retired [ '/Users/rashmianand/Desktop/shopsmart/client/node_modules/jsbn' ]
98 silly reify mark retired [
98 silly reify   '/Users/rashmianand/Desktop/shopsmart/client/node_modules/json-schema'
98 silly reify ]
99 silly reify mark retired [
99 silly reify   '/Users/rashmianand/Desktop/shopsmart/client/node_modules/json-stringify-safe'
99 silly reify ]
100 silly reify mark retired [ '/Users/rashmianand/Desktop/shopsmart/client/node_modules/jsonfile' ]
101 silly reify mark retired [ '/Users/rashmianand/Desktop/shopsmart/client/node_modules/jsprim' ]
102 silly reify mark retired [ '/Users/rashmianand/Desktop/shopsmart/client/node_modules/listr2' ]
103 silly reify mark retired [ '/Users/rashmianand/Desktop/shopsmart/client/node_modules/lodash' ]
104 silly reify mark retired [
104 silly reify   '/Users/rashmianand/Desktop/shopsmart/client/node_modules/lodash.once'
104 silly reify ]
105 silly reify mark retired [
105 silly reify   '/Users/rashmianand/Desktop/shopsmart/client/node_modules/log-symbols'
105 silly reify ]
106 silly reify mark retired [
106 silly reify   '/Users/rashmianand/Desktop/shopsmart/client/node_modules/log-update'
106 silly reify ]
107 silly reify mark retired [
107 silly reify   '/Users/rashmianand/Desktop/shopsmart/client/node_modules/lucide-react'
107 silly reify ]
108 silly reify mark retired [
108 silly reify   '/Users/rashmianand/Desktop/shopsmart/client/node_modules/minimatch'
108 silly reify ]
109 silly reify mark retired [ '/Users/rashmianand/Desktop/shopsmart/client/node_modules/minimist' ]
110 silly reify mark retired [ '/Users/rashmianand/Desktop/shopsmart/client/node_modules/mlly' ]
111 silly reify mark retired [
111 silly reify   '/Users/rashmianand/Desktop/shopsmart/client/node_modules/motion-dom'
111 silly reify ]
112 silly reify mark retired [
112 silly reify   '/Users/rashmianand/Desktop/shopsmart/client/node_modules/motion-utils'
112 silly reify ]
113 silly reify mark retired [ '/Users/rashmianand/Desktop/shopsmart/client/node_modules/nanoid' ]
114 silly reify mark retired [
114 silly reify   '/Users/rashmianand/Desktop/shopsmart/client/node_modules/node-releases'
114 silly reify ]
115 silly reify mark retired [ '/Users/rashmianand/Desktop/shopsmart/client/node_modules/ospath' ]
116 silly reify mark retired [ '/Users/rashmianand/Desktop/shopsmart/client/node_modules/p-map' ]
117 silly reify mark retired [
117 silly reify   '/Users/rashmianand/Desktop/shopsmart/client/node_modules/performance-now'
117 silly reify ]
118 silly reify mark retired [ '/Users/rashmianand/Desktop/shopsmart/client/node_modules/pend' ]
119 silly reify mark retired [ '/Users/rashmianand/Desktop/shopsmart/client/node_modules/pify' ]
120 silly reify mark retired [ '/Users/rashmianand/Desktop/shopsmart/client/node_modules/postcss' ]
121 silly reify mark retired [
121 silly reify   '/Users/rashmianand/Desktop/shopsmart/client/node_modules/pretty-bytes'
121 silly reify ]
122 silly reify mark retired [ '/Users/rashmianand/Desktop/shopsmart/client/node_modules/process' ]
123 silly reify mark retired [
123 silly reify   '/Users/rashmianand/Desktop/shopsmart/client/node_modules/proxy-from-env'
123 silly reify ]
124 silly reify mark retired [ '/Users/rashmianand/Desktop/shopsmart/client/node_modules/pump' ]
125 silly reify mark retired [ '/Users/rashmianand/Desktop/shopsmart/client/node_modules/qs' ]
126 silly reify mark retired [
126 silly reify   '/Users/rashmianand/Desktop/shopsmart/client/node_modules/react-router'
126 silly reify ]
127 silly reify mark retired [
127 silly reify   '/Users/rashmianand/Desktop/shopsmart/client/node_modules/react-router-dom'
127 silly reify ]
128 silly reify mark retired [
128 silly reify   '/Users/rashmianand/Desktop/shopsmart/client/node_modules/request-progress'
128 silly reify ]
129 silly reify mark retired [ '/Users/rashmianand/Desktop/shopsmart/client/node_modules/resolve' ]
130 silly reify mark retired [
130 silly reify   '/Users/rashmianand/Desktop/shopsmart/client/node_modules/restore-cursor'
130 silly reify ]
131 silly reify mark retired [ '/Users/rashmianand/Desktop/shopsmart/client/node_modules/rfdc' ]
132 silly reify mark retired [ '/Users/rashmianand/Desktop/shopsmart/client/node_modules/rollup' ]
133 silly reify mark retired [ '/Users/rashmianand/Desktop/shopsmart/client/node_modules/rxjs' ]
134 silly reify mark retired [
134 silly reify   '/Users/rashmianand/Desktop/shopsmart/client/node_modules/safe-array-concat'
134 silly reify ]
135 silly reify mark retired [
135 silly reify   '/Users/rashmianand/Desktop/shopsmart/client/node_modules/safe-buffer'
135 silly reify ]
136 silly reify mark retired [
136 silly reify   '/Users/rashmianand/Desktop/shopsmart/client/node_modules/set-cookie-parser'
136 silly reify ]
137 silly reify mark retired [
137 silly reify   '/Users/rashmianand/Desktop/shopsmart/client/node_modules/side-channel-list'
137 silly reify ]
138 silly reify mark retired [
138 silly reify   '/Users/rashmianand/Desktop/shopsmart/client/node_modules/slice-ansi'
138 silly reify ]
139 silly reify mark retired [ '/Users/rashmianand/Desktop/shopsmart/client/node_modules/sshpk' ]
140 silly reify mark retired [
140 silly reify   '/Users/rashmianand/Desktop/shopsmart/client/node_modules/string-width'
140 silly reify ]
141 silly reify mark retired [
141 silly reify   '/Users/rashmianand/Desktop/shopsmart/client/node_modules/systeminformation'
141 silly reify ]
142 silly reify mark retired [
142 silly reify   '/Users/rashmianand/Desktop/shopsmart/client/node_modules/throttleit'
142 silly reify ]
143 silly reify mark retired [ '/Users/rashmianand/Desktop/shopsmart/client/node_modules/through' ]
144 silly reify mark retired [ '/Users/rashmianand/Desktop/shopsmart/client/node_modules/tldts' ]
145 silly reify mark retired [
145 silly reify   '/Users/rashmianand/Desktop/shopsmart/client/node_modules/tldts-core'
145 silly reify ]
146 silly reify mark retired [ '/Users/rashmianand/Desktop/shopsmart/client/node_modules/tmp' ]
147 silly reify mark retired [
147 silly reify   '/Users/rashmianand/Desktop/shopsmart/client/node_modules/tree-kill'
147 silly reify ]
148 silly reify mark retired [ '/Users/rashmianand/Desktop/shopsmart/client/node_modules/tslib' ]
149 silly reify mark retired [
149 silly reify   '/Users/rashmianand/Desktop/shopsmart/client/node_modules/tunnel-agent'
149 silly reify ]
150 silly reify mark retired [
150 silly reify   '/Users/rashmianand/Desktop/shopsmart/client/node_modules/tweetnacl'
150 silly reify ]
151 silly reify mark retired [ '/Users/rashmianand/Desktop/shopsmart/client/node_modules/ufo' ]
152 silly reify mark retired [
152 silly reify   '/Users/rashmianand/Desktop/shopsmart/client/node_modules/untildify'
152 silly reify ]
153 silly reify mark retired [ '/Users/rashmianand/Desktop/shopsmart/client/node_modules/uuid' ]
154 silly reify mark retired [ '/Users/rashmianand/Desktop/shopsmart/client/node_modules/verror' ]
155 silly reify mark retired [
155 silly reify   '/Users/rashmianand/Desktop/shopsmart/client/node_modules/which-typed-array'
155 silly reify ]
156 silly reify mark retired [
156 silly reify   '/Users/rashmianand/Desktop/shopsmart/client/node_modules/wrap-ansi'
156 silly reify ]
157 silly reify mark retired [ '/Users/rashmianand/Desktop/shopsmart/client/node_modules/ws' ]
158 silly reify mark retired [ '/Users/rashmianand/Desktop/shopsmart/client/node_modules/yauzl' ]
159 silly reify mark retired [
159 silly reify   '/Users/rashmianand/Desktop/shopsmart/client/node_modules/@babel/code-frame'
159 silly reify ]
160 silly reify mark retired [
160 silly reify   '/Users/rashmianand/Desktop/shopsmart/client/node_modules/@babel/compat-data'
160 silly reify ]
161 silly reify mark retired [
161 silly reify   '/Users/rashmianand/Desktop/shopsmart/client/node_modules/@babel/core'
161 silly reify ]
162 silly reify mark retired [
162 silly reify   '/Users/rashmianand/Desktop/shopsmart/client/node_modules/@babel/generator'
162 silly reify ]
163 silly reify mark retired [
163 silly reify   '/Users/rashmianand/Desktop/shopsmart/client/node_modules/@babel/helper-compilation-targets'
163 silly reify ]
164 silly reify mark retired [
164 silly reify   '/Users/rashmianand/Desktop/shopsmart/client/node_modules/@babel/helper-module-imports'
164 silly reify ]
165 silly reify mark retired [
165 silly reify   '/Users/rashmianand/Desktop/shopsmart/client/node_modules/@babel/helper-module-transforms'
165 silly reify ]
166 silly reify mark retired [
166 silly reify   '/Users/rashmianand/Desktop/shopsmart/client/node_modules/@babel/helper-plugin-utils'
166 silly reify ]
167 silly reify mark retired [
167 silly reify   '/Users/rashmianand/Desktop/shopsmart/client/node_modules/@babel/helpers'
167 silly reify ]
168 silly reify mark retired [
168 silly reify   '/Users/rashmianand/Desktop/shopsmart/client/node_modules/@babel/parser'
168 silly reify ]
169 silly reify mark retired [
169 silly reify   '/Users/rashmianand/Desktop/shopsmart/client/node_modules/@babel/runtime'
169 silly reify ]
170 silly reify mark retired [
170 silly reify   '/Users/rashmianand/Desktop/shopsmart/client/node_modules/@babel/template'
170 silly reify ]
171 silly reify mark retired [
171 silly reify   '/Users/rashmianand/Desktop/shopsmart/client/node_modules/@babel/traverse'
171 silly reify ]
172 silly reify mark retired [
172 silly reify   '/Users/rashmianand/Desktop/shopsmart/client/node_modules/@babel/types'
172 silly reify ]
173 silly reify mark retired [
173 silly reify   '/Users/rashmianand/Desktop/shopsmart/client/node_modules/@cypress/request'
173 silly reify ]
174 silly reify mark retired [
174 silly reify   '/Users/rashmianand/Desktop/shopsmart/client/node_modules/@cypress/xvfb'
174 silly reify ]
175 silly reify mark retired [
175 silly reify   '/Users/rashmianand/Desktop/shopsmart/client/node_modules/@rollup/rollup-darwin-arm64'
175 silly reify ]
176 silly reify mark retired [
176 silly reify   '/Users/rashmianand/Desktop/shopsmart/client/node_modules/@sinclair/typebox'
176 silly reify ]
177 silly reify mark retired [
177 silly reify   '/Users/rashmianand/Desktop/shopsmart/client/node_modules/@types/react'
177 silly reify ]
178 silly reify mark retired [
178 silly reify   '/Users/rashmianand/Desktop/shopsmart/client/node_modules/@types/sinonjs__fake-timers'
178 silly reify ]
179 silly reify mark retired [
179 silly reify   '/Users/rashmianand/Desktop/shopsmart/client/node_modules/@types/sizzle'
179 silly reify ]
180 silly reify mark retired [
180 silly reify   '/Users/rashmianand/Desktop/shopsmart/client/node_modules/@types/tmp'
180 silly reify ]
181 silly reify mark retired [
181 silly reify   '/Users/rashmianand/Desktop/shopsmart/client/node_modules/esbuild',
181 silly reify   '/Users/rashmianand/Desktop/shopsmart/client/node_modules/.bin/esbuild'
181 silly reify ]
182 silly reify mark retired [
182 silly reify   '/Users/rashmianand/Desktop/shopsmart/client/node_modules/eslint',
182 silly reify   '/Users/rashmianand/Desktop/shopsmart/client/node_modules/.bin/eslint'
182 silly reify ]
183 silly reify mark retired [
183 silly reify   '/Users/rashmianand/Desktop/shopsmart/client/node_modules/js-yaml',
183 silly reify   '/Users/rashmianand/Desktop/shopsmart/client/node_modules/.bin/js-yaml'
183 silly reify ]
184 silly reify mark retired [
184 silly reify   '/Users/rashmianand/Desktop/shopsmart/client/node_modules/jsesc',
184 silly reify   '/Users/rashmianand/Desktop/shopsmart/client/node_modules/.bin/jsesc'
184 silly reify ]
185 silly reify mark retired [
185 silly reify   '/Users/rashmianand/Desktop/shopsmart/client/node_modules/json5',
185 silly reify   '/Users/rashmianand/Desktop/shopsmart/client/node_modules/.bin/json5'
185 silly reify ]
186 silly reify mark retired [
186 silly reify   '/Users/rashmianand/Desktop/shopsmart/client/node_modules/loose-envify',
186 silly reify   '/Users/rashmianand/Desktop/shopsmart/client/node_modules/.bin/loose-envify'
186 silly reify ]
187 silly reify mark retired [
187 silly reify   '/Users/rashmianand/Desktop/shopsmart/client/node_modules/lz-string',
187 silly reify   '/Users/rashmianand/Desktop/shopsmart/client/node_modules/.bin/lz-string'
187 silly reify ]
188 silly reify mark retired [
188 silly reify   '/Users/rashmianand/Desktop/shopsmart/client/node_modules/rimraf',
188 silly reify   '/Users/rashmianand/Desktop/shopsmart/client/node_modules/.bin/rimraf'
188 silly reify ]
189 silly reify mark retired [
189 silly reify   '/Users/rashmianand/Desktop/shopsmart/client/node_modules/semver',
189 silly reify   '/Users/rashmianand/Desktop/shopsmart/client/node_modules/.bin/semver'
189 silly reify ]
190 silly reify mark retired [
190 silly reify   '/Users/rashmianand/Desktop/shopsmart/client/node_modules/update-browserslist-db',
190 silly reify   '/Users/rashmianand/Desktop/shopsmart/client/node_modules/.bin/update-browserslist-db'
190 silly reify ]
191 silly reify mark retired [
191 silly reify   '/Users/rashmianand/Desktop/shopsmart/client/node_modules/vite',
191 silly reify   '/Users/rashmianand/Desktop/shopsmart/client/node_modules/.bin/vite'
191 silly reify ]
192 silly reify mark retired [
192 silly reify   '/Users/rashmianand/Desktop/shopsmart/client/node_modules/vitest',
192 silly reify   '/Users/rashmianand/Desktop/shopsmart/client/node_modules/.bin/vitest'
192 silly reify ]
193 silly reify mark retired [
193 silly reify   '/Users/rashmianand/Desktop/shopsmart/client/node_modules/which',
193 silly reify   '/Users/rashmianand/Desktop/shopsmart/client/node_modules/.bin/node-which'
193 silly reify ]
194 silly reify mark retired [
194 silly reify   '/Users/rashmianand/Desktop/shopsmart/client/node_modules/vite-node',
194 silly reify   '/Users/rashmianand/Desktop/shopsmart/client/node_modules/.bin/vite-node'
194 silly reify ]
195 silly reify mark retired [
195 silly reify   '/Users/rashmianand/Desktop/shopsmart/client/node_modules/why-is-node-running',
195 silly reify   '/Users/rashmianand/Desktop/shopsmart/client/node_modules/.bin/why-is-node-running'
195 silly reify ]
196 silly reify moves {
196 silly reify   '/Users/rashmianand/Desktop/shopsmart/client/node_modules/acorn': '/Users/rashmianand/Desktop/shopsmart/client/node_modules/.acorn-v1sBMtp1',
196 silly reify   '/Users/rashmianand/Desktop/shopsmart/client/node_modules/acorn-walk': '/Users/rashmianand/Desktop/shopsmart/client/node_modules/.acorn-walk-1tRMhjQG',
196 silly reify   '/Users/rashmianand/Desktop/shopsmart/client/node_modules/aggregate-error': '/Users/rashmianand/Desktop/shopsmart/client/node_modules/.aggregate-error-98Uasicb',
196 silly reify   '/Users/rashmianand/Desktop/shopsmart/client/node_modules/ajv': '/Users/rashmianand/Desktop/shopsmart/client/node_modules/.ajv-0RYaRC0c',
196 silly reify   '/Users/rashmianand/Desktop/shopsmart/client/node_modules/ansi-colors': '/Users/rashmianand/Desktop/shopsmart/client/node_modules/.ansi-colors-ADeJogUf',
196 silly reify   '/Users/rashmianand/Desktop/shopsmart/client/node_modules/ansi-escapes': '/Users/rashmianand/Desktop/shopsmart/client/node_modules/.ansi-escapes-eNPUh8No',
196 silly reify   '/Users/rashmianand/Desktop/shopsmart/client/node_modules/arch': '/Users/rashmianand/Desktop/shopsmart/client/node_modules/.arch-AR3tZ60R',
196 silly reify   '/Users/rashmianand/Desktop/shopsmart/client/node_modules/asn1': '/Users/rashmianand/Desktop/shopsmart/client/node_modules/.asn1-Zhcx7A2z',
196 silly reify   '/Users/rashmianand/Desktop/shopsmart/client/node_modules/assert-plus': '/Users/rashmianand/Desktop/shopsmart/client/node_modules/.assert-plus-Uq3jjVKf',
196 silly reify   '/Users/rashmianand/Desktop/shopsmart/client/node_modules/astral-regex': '/Users/rashmianand/Desktop/shopsmart/client/node_modules/.astral-regex-HxxWlPVY',
196 silly reify   '/Users/rashmianand/Desktop/shopsmart/client/node_modules/at-least-node': '/Users/rashmianand/Desktop/shopsmart/client/node_modules/.at-least-node-XpcWFl5r',
196 silly reify   '/Users/rashmianand/Desktop/shopsmart/client/node_modules/aws-sign2': '/Users/rashmianand/Desktop/shopsmart/client/node_modules/.aws-sign2-43CHMYFq',
196 silly reify   '/Users/rashmianand/Desktop/shopsmart/client/node_modules/aws4': '/Users/rashmianand/Desktop/shopsmart/client/node_modules/.aws4-JtsO5Rew',
196 silly reify   '/Users/rashmianand/Desktop/shopsmart/client/node_modules/axios': '/Users/rashmianand/Desktop/shopsmart/client/node_modules/.axios-O1fLtNza',
196 silly reify   '/Users/rashmianand/Desktop/shopsmart/client/node_modules/base64-js': '/Users/rashmianand/Desktop/shopsmart/client/node_modules/.base64-js-HJ33EGXA',
196 silly reify   '/Users/rashmianand/Desktop/shopsmart/client/node_modules/baseline-browser-mapping': '/Users/rashmianand/Desktop/shopsmart/client/node_modules/.baseline-browser-mapping-45w5XmZD',
196 silly reify   '/Users/rashmianand/Desktop/shopsmart/client/node_modules/bcrypt-pbkdf': '/Users/rashmianand/Desktop/shopsmart/client/node_modules/.bcrypt-pbkdf-KnwKZDr8',
196 silly reify   '/Users/rashmianand/Desktop/shopsmart/client/node_modules/blob-util': '/Users/rashmianand/Desktop/shopsmart/client/node_modules/.blob-util-F3ISGs3c',
196 silly reify   '/Users/rashmianand/Desktop/shopsmart/client/node_modules/bluebird': '/Users/rashmianand/Desktop/shopsmart/client/node_modules/.bluebird-kYKNFnRQ',
196 silly reify   '/Users/rashmianand/Desktop/shopsmart/client/node_modules/brace-expansion': '/Users/rashmianand/Desktop/shopsmart/client/node_modules/.brace-expansion-7qsBu4Sk',
196 silly reify   '/Users/rashmianand/Desktop/shopsmart/client/node_modules/browserslist': '/Users/rashmianand/Desktop/shopsmart/client/node_modules/.browserslist-RbY13Sbg',
196 silly reify   '/Users/rashmianand/Desktop/shopsmart/client/node_modules/buffer': '/Users/rashmianand/Desktop/shopsmart/client/node_modules/.buffer-HRSPzzNh',
196 silly reify   '/Users/rashmianand/Desktop/shopsmart/client/node_modules/buffer-crc32': '/Users/rashmianand/Desktop/shopsmart/client/node_modules/.buffer-crc32-Z9M9UfvY',
196 silly reify   '/Users/rashmianand/Desktop/shopsmart/client/node_modules/cachedir': '/Users/rashmianand/Desktop/shopsmart/client/node_modules/.cachedir-bXwteHC6',
196 silly reify   '/Users/rashmianand/Desktop/shopsmart/client/node_modules/call-bind': '/Users/rashmianand/Desktop/shopsmart/client/node_modules/.call-bind-Lp0LEtPk',
196 silly reify   '/Users/rashmianand/Desktop/shopsmart/client/node_modules/caniuse-lite': '/Users/rashmianand/Desktop/shopsmart/client/node_modules/.caniuse-lite-N1LOMunx',
196 silly reify   '/Users/rashmianand/Desktop/shopsmart/client/node_modules/caseless': '/Users/rashmianand/Desktop/shopsmart/client/node_modules/.caseless-MCu2UE9m',
196 silly reify   '/Users/rashmianand/Desktop/shopsmart/client/node_modules/ci-info': '/Users/rashmianand/Desktop/shopsmart/client/node_modules/.ci-info-FPdiXdHs',
196 silly reify   '/Users/rashmianand/Desktop/shopsmart/client/node_modules/clean-stack': '/Users/rashmianand/Desktop/shopsmart/client/node_modules/.clean-stack-rrtwXtxh',
196 silly reify   '/Users/rashmianand/Desktop/shopsmart/client/node_modules/cli-cursor': '/Users/rashmianand/Desktop/shopsmart/client/node_modules/.cli-cursor-hc5ku9PQ',
196 silly reify   '/Users/rashmianand/Desktop/shopsmart/client/node_modules/cli-table3': '/Users/rashmianand/Desktop/shopsmart/client/node_modules/.cli-table3-tsUIoreV',
196 silly reify   '/Users/rashmianand/Desktop/shopsmart/client/node_modules/cli-truncate': '/Users/rashmianand/Desktop/shopsmart/client/node_modules/.cli-truncate-IhxKZmFh',
196 silly reify   '/Users/rashmianand/Desktop/shopsmart/client/node_modules/colorette': '/Users/rashmianand/Desktop/shopsmart/client/node_modules/.colorette-bbDjili3',
196 silly reify   '/Users/rashmianand/Desktop/shopsmart/client/node_modules/colors': '/Users/rashmianand/Desktop/shopsmart/client/node_modules/.colors-tZYdg3Wj',
196 silly reify   '/Users/rashmianand/Desktop/shopsmart/client/node_modules/commander': '/Users/rashmianand/Desktop/shopsmart/client/node_modules/.commander-MJ6rDvAM',
196 silly reify   '/Users/rashmianand/Desktop/shopsmart/client/node_modules/common-tags': '/Users/rashmianand/Desktop/shopsmart/client/node_modules/.common-tags-XeJlSJOm',
196 silly reify   '/Users/rashmianand/Desktop/shopsmart/client/node_modules/cookie': '/Users/rashmianand/Desktop/shopsmart/client/node_modules/.cookie-ppmS8O3d',
196 silly reify   '/Users/rashmianand/Desktop/shopsmart/client/node_modules/core-util-is': '/Users/rashmianand/Desktop/shopsmart/client/node_modules/.core-util-is-4ohs9Zmy',
196 silly reify   '/Users/rashmianand/Desktop/shopsmart/client/node_modules/cypress': '/Users/rashmianand/Desktop/shopsmart/client/node_modules/.cypress-k7eg4rcI',
196 silly reify   '/Users/rashmianand/Desktop/shopsmart/client/node_modules/dashdash': '/Users/rashmianand/Desktop/shopsmart/client/node_modules/.dashdash-TJIdZM8P',
196 silly reify   '/Users/rashmianand/Desktop/shopsmart/client/node_modules/dayjs': '/Users/rashmianand/Desktop/shopsmart/client/node_modules/.dayjs-MOhpmLE9',
196 silly reify   '/Users/rashmianand/Desktop/shopsmart/client/node_modules/ecc-jsbn': '/Users/rashmianand/Desktop/shopsmart/client/node_modules/.ecc-jsbn-QrvgEbTx',
196 silly reify   '/Users/rashmianand/Desktop/shopsmart/client/node_modules/electron-to-chromium': '/Users/rashmianand/Desktop/shopsmart/client/node_modules/.electron-to-chromium-2CyA8Is5',
196 silly reify   '/Users/rashmianand/Desktop/shopsmart/client/node_modules/emoji-regex': '/Users/rashmianand/Desktop/shopsmart/client/node_modules/.emoji-regex-w4htmuc8',
196 silly reify   '/Users/rashmianand/Desktop/shopsmart/client/node_modules/end-of-stream': '/Users/rashmianand/Desktop/shopsmart/client/node_modules/.end-of-stream-O01aLvzh',
196 silly reify   '/Users/rashmianand/Desktop/shopsmart/client/node_modules/enquirer': '/Users/rashmianand/Desktop/shopsmart/client/node_modules/.enquirer-tjpurEAI',
196 silly reify   '/Users/rashmianand/Desktop/shopsmart/client/node_modules/es-abstract': '/Users/rashmianand/Desktop/shopsmart/client/node_modules/.es-abstract-loksnEC7',
196 silly reify   '/Users/rashmianand/Desktop/shopsmart/client/node_modules/es-iterator-helpers': '/Users/rashmianand/Desktop/shopsmart/client/node_modules/.es-iterator-helpers-3HeNDgol',
196 silly reify   '/Users/rashmianand/Desktop/shopsmart/client/node_modules/eventemitter2': '/Users/rashmianand/Desktop/shopsmart/client/node_modules/.eventemitter2-FDup22V9',
196 silly reify   '/Users/rashmianand/Desktop/shopsmart/client/node_modules/executable': '/Users/rashmianand/Desktop/shopsmart/client/node_modules/.executable-tMhjcU2j',
196 silly reify   '/Users/rashmianand/Desktop/shopsmart/client/node_modules/extend': '/Users/rashmianand/Desktop/shopsmart/client/node_modules/.extend-F91wuyZU',
196 silly reify   '/Users/rashmianand/Desktop/shopsmart/client/node_modules/extract-zip': '/Users/rashmianand/Desktop/shopsmart/client/node_modules/.extract-zip-5oXe8JGk',
196 silly reify   '/Users/rashmianand/Desktop/shopsmart/client/node_modules/extsprintf': '/Users/rashmianand/Desktop/shopsmart/client/node_modules/.extsprintf-vKSDGPpg',
196 silly reify   '/Users/rashmianand/Desktop/shopsmart/client/node_modules/fd-slicer': '/Users/rashmianand/Desktop/shopsmart/client/node_modules/.fd-slicer-wcnjB0O4',
196 silly reify   '/Users/rashmianand/Desktop/shopsmart/client/node_modules/figures': '/Users/rashmianand/Desktop/shopsmart/client/node_modules/.figures-eb7iuBuj',
196 silly reify   '/Users/rashmianand/Desktop/shopsmart/client/node_modules/flatted': '/Users/rashmianand/Desktop/shopsmart/client/node_modules/.flatted-H6PTYEwJ',
196 silly reify   '/Users/rashmianand/Desktop/shopsmart/client/node_modules/follow-redirects': '/Users/rashmianand/Desktop/shopsmart/client/node_modules/.follow-redirects-06QHVy7j',
196 silly reify   '/Users/rashmianand/Desktop/shopsmart/client/node_modules/forever-agent': '/Users/rashmianand/Desktop/shopsmart/client/node_modules/.forever-agent-NjYDcPvz',
196 silly reify   '/Users/rashmianand/Desktop/shopsmart/client/node_modules/framer-motion': '/Users/rashmianand/Desktop/shopsmart/client/node_modules/.framer-motion-fl7XOdn1',
196 silly reify   '/Users/rashmianand/Desktop/shopsmart/client/node_modules/fs-extra': '/Users/rashmianand/Desktop/shopsmart/client/node_modules/.fs-extra-BQrXMkTi',
196 silly reify   '/Users/rashmianand/Desktop/shopsmart/client/node_modules/getpass': '/Users/rashmianand/Desktop/shopsmart/client/node_modules/.getpass-4vIj2b4o',
196 silly reify   '/Users/rashmianand/Desktop/shopsmart/client/node_modules/globals': '/Users/rashmianand/Desktop/shopsmart/client/node_modules/.globals-FTdDlauh',
196 silly reify   '/Users/rashmianand/Desktop/shopsmart/client/node_modules/global-dirs': '/Users/rashmianand/Desktop/shopsmart/client/node_modules/.global-dirs-WVFUPqru',
196 silly reify   '/Users/rashmianand/Desktop/shopsmart/client/node_modules/graceful-fs': '/Users/rashmianand/Desktop/shopsmart/client/node_modules/.graceful-fs-8h8LKm28',
196 silly reify   '/Users/rashmianand/Desktop/shopsmart/client/node_modules/hasha': '/Users/rashmianand/Desktop/shopsmart/client/node_modules/.hasha-mKJnWZVB',
196 silly reify   '/Users/rashmianand/Desktop/shopsmart/client/node_modules/hasown': '/Users/rashmianand/Desktop/shopsmart/client/node_modules/.hasown-pqAEFlRU',
196 silly reify   '/Users/rashmianand/Desktop/shopsmart/client/node_modules/http-signature': '/Users/rashmianand/Desktop/shopsmart/client/node_modules/.http-signature-uqC8UReD',
196 silly reify   '/Users/rashmianand/Desktop/shopsmart/client/node_modules/ieee754': '/Users/rashmianand/Desktop/shopsmart/client/node_modules/.ieee754-ntS38CNV',
196 silly reify   '/Users/rashmianand/Desktop/shopsmart/client/node_modules/ini': '/Users/rashmianand/Desktop/shopsmart/client/node_modules/.ini-3ScbFnpX',
196 silly reify   '/Users/rashmianand/Desktop/shopsmart/client/node_modules/is-fullwidth-code-point': '/Users/rashmianand/Desktop/shopsmart/client/node_modules/.is-fullwidth-code-point-HfZVXdtm',
196 silly reify   '/Users/rashmianand/Desktop/shopsmart/client/node_modules/is-installed-globally': '/Users/rashmianand/Desktop/shopsmart/client/node_modules/.is-installed-globally-bTb8LMes',
196 silly reify   '/Users/rashmianand/Desktop/shopsmart/client/node_modules/is-typedarray': '/Users/rashmianand/Desktop/shopsmart/client/node_modules/.is-typedarray-LY4ahnTz',
196 silly reify   '/Users/rashmianand/Desktop/shopsmart/client/node_modules/is-unicode-supported': '/Users/rashmianand/Desktop/shopsmart/client/node_modules/.is-unicode-supported-lhD2cxyq',
196 silly reify   '/Users/rashmianand/Desktop/shopsmart/client/node_modules/isstream': '/Users/rashmianand/Desktop/shopsmart/client/node_modules/.isstream-bbJLqV1H',
196 silly reify   '/Users/rashmianand/Desktop/shopsmart/client/node_modules/jsbn': '/Users/rashmianand/Desktop/shopsmart/client/node_modules/.jsbn-wvPYI5hl',
196 silly reify   '/Users/rashmianand/Desktop/shopsmart/client/node_modules/json-schema': '/Users/rashmianand/Desktop/shopsmart/client/node_modules/.json-schema-z0YzdZOW',
196 silly reify   '/Users/rashmianand/Desktop/shopsmart/client/node_modules/json-stringify-safe': '/Users/rashmianand/Desktop/shopsmart/client/node_modules/.json-stringify-safe-C3bk0Cwi',
196 silly reify   '/Users/rashmianand/Desktop/shopsmart/client/node_modules/jsonfile': '/Users/rashmianand/Desktop/shopsmart/client/node_modules/.jsonfile-U89ZBOFN',
196 silly reify   '/Users/rashmianand/Desktop/shopsmart/client/node_modules/jsprim': '/Users/rashmianand/Desktop/shopsmart/client/node_modules/.jsprim-tTAt9IGQ',
196 silly reify   '/Users/rashmianand/Desktop/shopsmart/client/node_modules/listr2': '/Users/rashmianand/Desktop/shopsmart/client/node_modules/.listr2-gidnk2IJ',
196 silly reify   '/Users/rashmianand/Desktop/shopsmart/client/node_modules/lodash': '/Users/rashmianand/Desktop/shopsmart/client/node_modules/.lodash-wd6BtvUK',
196 silly reify   '/Users/rashmianand/Desktop/shopsmart/client/node_modules/lodash.once': '/Users/rashmianand/Desktop/shopsmart/client/node_modules/.lodash.once-SWLjO3Zd',
196 silly reify   '/Users/rashmianand/Desktop/shopsmart/client/node_modules/log-symbols': '/Users/rashmianand/Desktop/shopsmart/client/node_modules/.log-symbols-tMf8c2rg',
196 silly reify   '/Users/rashmianand/Desktop/shopsmart/client/node_modules/log-update': '/Users/rashmianand/Desktop/shopsmart/client/node_modules/.log-update-bdbgvkKv',
196 silly reify   '/Users/rashmianand/Desktop/shopsmart/client/node_modules/lucide-react': '/Users/rashmianand/Desktop/shopsmart/client/node_modules/.lucide-react-4QzD5WXU',
196 silly reify   '/Users/rashmianand/Desktop/shopsmart/client/node_modules/minimatch': '/Users/rashmianand/Desktop/shopsmart/client/node_modules/.minimatch-Z9F7Fofg',
196 silly reify   '/Users/rashmianand/Desktop/shopsmart/client/node_modules/minimist': '/Users/rashmianand/Desktop/shopsmart/client/node_modules/.minimist-b3ricK7k',
196 silly reify   '/Users/rashmianand/Desktop/shopsmart/client/node_modules/mlly': '/Users/rashmianand/Desktop/shopsmart/client/node_modules/.mlly-WQ6ffiWV',
196 silly reify   '/Users/rashmianand/Desktop/shopsmart/client/node_modules/motion-dom': '/Users/rashmianand/Desktop/shopsmart/client/node_modules/.motion-dom-Peb0B3uq',
196 silly reify   '/Users/rashmianand/Desktop/shopsmart/client/node_modules/motion-utils': '/Users/rashmianand/Desktop/shopsmart/client/node_modules/.motion-utils-CLGupovw',
196 silly reify   '/Users/rashmianand/Desktop/shopsmart/client/node_modules/nanoid': '/Users/rashmianand/Desktop/shopsmart/client/node_modules/.nanoid-991dGS1I',
196 silly reify   '/Users/rashmianand/Desktop/shopsmart/client/node_modules/node-releases': '/Users/rashmianand/Desktop/shopsmart/client/node_modules/.node-releases-gwNlE0vP',
196 silly reify   '/Users/rashmianand/Desktop/shopsmart/client/node_modules/ospath': '/Users/rashmianand/Desktop/shopsmart/client/node_modules/.ospath-FeliuPnA',
196 silly reify   '/Users/rashmianand/Desktop/shopsmart/client/node_modules/p-map': '/Users/rashmianand/Desktop/shopsmart/client/node_modules/.p-map-J0ZBdK7C',
196 silly reify   '/Users/rashmianand/Desktop/shopsmart/client/node_modules/performance-now': '/Users/rashmianand/Desktop/shopsmart/client/node_modules/.performance-now-4Ygx1ANm',
196 silly reify   '/Users/rashmianand/Desktop/shopsmart/client/node_modules/pend': '/Users/rashmianand/Desktop/shopsmart/client/node_modules/.pend-co3PhSHC',
196 silly reify   '/Users/rashmianand/Desktop/shopsmart/client/node_modules/pify': '/Users/rashmianand/Desktop/shopsmart/client/node_modules/.pify-g3f6g9ci',
196 silly reify   '/Users/rashmianand/Desktop/shopsmart/client/node_modules/postcss': '/Users/rashmianand/Desktop/shopsmart/client/node_modules/.postcss-dRVWixF3',
196 silly reify   '/Users/rashmianand/Desktop/shopsmart/client/node_modules/pretty-bytes': '/Users/rashmianand/Desktop/shopsmart/client/node_modules/.pretty-bytes-noE1rfIY',
196 silly reify   '/Users/rashmianand/Desktop/shopsmart/client/node_modules/process': '/Users/rashmianand/Desktop/shopsmart/client/node_modules/.process-Xiyp9sMB',
196 silly reify   '/Users/rashmianand/Desktop/shopsmart/client/node_modules/proxy-from-env': '/Users/rashmianand/Desktop/shopsmart/client/node_modules/.proxy-from-env-Uk5G5Mj9',
196 silly reify   '/Users/rashmianand/Desktop/shopsmart/client/node_modules/pump': '/Users/rashmianand/Desktop/shopsmart/client/node_modules/.pump-P4KCkuYg',
196 silly reify   '/Users/rashmianand/Desktop/shopsmart/client/node_modules/qs': '/Users/rashmianand/Desktop/shopsmart/client/node_modules/.qs-V1hgURSF',
196 silly reify   '/Users/rashmianand/Desktop/shopsmart/client/node_modules/react-router': '/Users/rashmianand/Desktop/shopsmart/client/node_modules/.react-router-s10Xgvms',
196 silly reify   '/Users/rashmianand/Desktop/shopsmart/client/node_modules/react-router-dom': '/Users/rashmianand/Desktop/shopsmart/client/node_modules/.react-router-dom-EdUHQqzC',
196 silly reify   '/Users/rashmianand/Desktop/shopsmart/client/node_modules/request-progress': '/Users/rashmianand/Desktop/shopsmart/client/node_modules/.request-progress-ShUTq1OB',
196 silly reify   '/Users/rashmianand/Desktop/shopsmart/client/node_modules/resolve': '/Users/rashmianand/Desktop/shopsmart/client/node_modules/.resolve-FD3CWhuD',
196 silly reify   '/Users/rashmianand/Desktop/shopsmart/client/node_modules/restore-cursor': '/Users/rashmianand/Desktop/shopsmart/client/node_modules/.restore-cursor-g4N7TYxQ',
196 silly reify   '/Users/rashmianand/Desktop/shopsmart/client/node_modules/rfdc': '/Users/rashmianand/Desktop/shopsmart/client/node_modules/.rfdc-SA76iwlC',
196 silly reify   '/Users/rashmianand/Desktop/shopsmart/client/node_modules/rollup': '/Users/rashmianand/Desktop/shopsmart/client/node_modules/.rollup-fepic87m',
196 silly reify   '/Users/rashmianand/Desktop/shopsmart/client/node_modules/rxjs': '/Users/rashmianand/Desktop/shopsmart/client/node_modules/.rxjs-YhKF4lKe',
196 silly reify   '/Users/rashmianand/Desktop/shopsmart/client/node_modules/safe-array-concat': '/Users/rashmianand/Desktop/shopsmart/client/node_modules/.safe-array-concat-Q1rSEwiy',
196 silly reify   '/Users/rashmianand/Desktop/shopsmart/client/node_modules/safe-buffer': '/Users/rashmianand/Desktop/shopsmart/client/node_modules/.safe-buffer-VUyyehRB',
196 silly reify   '/Users/rashmianand/Desktop/shopsmart/client/node_modules/set-cookie-parser': '/Users/rashmianand/Desktop/shopsmart/client/node_modules/.set-cookie-parser-iXNkYAMJ',
196 silly reify   '/Users/rashmianand/Desktop/shopsmart/client/node_modules/side-channel-list': '/Users/rashmianand/Desktop/shopsmart/client/node_modules/.side-channel-list-HRnFzRXt',
196 silly reify   '/Users/rashmianand/Desktop/shopsmart/client/node_modules/slice-ansi': '/Users/rashmianand/Desktop/shopsmart/client/node_modules/.slice-ansi-gQF4mfyP',
196 silly reify   '/Users/rashmianand/Desktop/shopsmart/client/node_modules/sshpk': '/Users/rashmianand/Desktop/shopsmart/client/node_modules/.sshpk-73ibM9jI',
196 silly reify   '/Users/rashmianand/Desktop/shopsmart/client/node_modules/string-width': '/Users/rashmianand/Desktop/shopsmart/client/node_modules/.string-width-VdlPTNul',
196 silly reify   '/Users/rashmianand/Desktop/shopsmart/client/node_modules/systeminformation': '/Users/rashmianand/Desktop/shopsmart/client/node_modules/.systeminformation-frZZ3uUb',
196 silly reify   '/Users/rashmianand/Desktop/shopsmart/client/node_modules/throttleit': '/Users/rashmianand/Desktop/shopsmart/client/node_modules/.throttleit-QR2UhNKo',
196 silly reify   '/Users/rashmianand/Desktop/shopsmart/client/node_modules/through': '/Users/rashmianand/Desktop/shopsmart/client/node_modules/.through-6eyyu7i9',
196 silly reify   '/Users/rashmianand/Desktop/shopsmart/client/node_modules/tldts': '/Users/rashmianand/Desktop/shopsmart/client/node_modules/.tldts-Zgl33nCM',
196 silly reify   '/Users/rashmianand/Desktop/shopsmart/client/node_modules/tldts-core': '/Users/rashmianand/Desktop/shopsmart/client/node_modules/.tldts-core-6zeKbHGR',
196 silly reify   '/Users/rashmianand/Desktop/shopsmart/client/node_modules/tmp': '/Users/rashmianand/Desktop/shopsmart/client/node_modules/.tmp-InD7nfTR',
196 silly reify   '/Users/rashmianand/Desktop/shopsmart/client/node_modules/tree-kill': '/Users/rashmianand/Desktop/shopsmart/client/node_modules/.tree-kill-CV9QX5bE',
196 silly reify   '/Users/rashmianand/Desktop/shopsmart/client/node_modules/tslib': '/Users/rashmianand/Desktop/shopsmart/client/node_modules/.tslib-16SHIUa3',
196 silly reify   '/Users/rashmianand/Desktop/shopsmart/client/node_modules/tunnel-agent': '/Users/rashmianand/Desktop/shopsmart/client/node_modules/.tunnel-agent-6VbG3Zmn',
196 silly reify   '/Users/rashmianand/Desktop/shopsmart/client/node_modules/tweetnacl': '/Users/rashmianand/Desktop/shopsmart/client/node_modules/.tweetnacl-JK17dO72',
196 silly reify   '/Users/rashmianand/Desktop/shopsmart/client/node_modules/ufo': '/Users/rashmianand/Desktop/shopsmart/client/node_modules/.ufo-kPlV922l',
196 silly reify   '/Users/rashmianand/Desktop/shopsmart/client/node_modules/untildify': '/Users/rashmianand/Desktop/shopsmart/client/node_modules/.untildify-lJOHim27',
196 silly reify   '/Users/rashmianand/Desktop/shopsmart/client/node_modules/uuid': '/Users/rashmianand/Desktop/shopsmart/client/node_modules/.uuid-sby73qMA',
196 silly reify   '/Users/rashmianand/Desktop/shopsmart/client/node_modules/verror': '/Users/rashmianand/Desktop/shopsmart/client/node_modules/.verror-wwXCxL9B',
196 silly reify   '/Users/rashmianand/Desktop/shopsmart/client/node_modules/which-typed-array': '/Users/rashmianand/Desktop/shopsmart/client/node_modules/.which-typed-array-CmwR2rbA',
196 silly reify   '/Users/rashmianand/Desktop/shopsmart/client/node_modules/wrap-ansi': '/Users/rashmianand/Desktop/shopsmart/client/node_modules/.wrap-ansi-LSC2mvZk',
196 silly reify   '/Users/rashmianand/Desktop/shopsmart/client/node_modules/ws': '/Users/rashmianand/Desktop/shopsmart/client/node_modules/.ws-a1F2sxny',
196 silly reify   '/Users/rashmianand/Desktop/shopsmart/client/node_modules/yauzl': '/Users/rashmianand/Desktop/shopsmart/client/node_modules/.yauzl-x7BRhpLb',
196 silly reify   '/Users/rashmianand/Desktop/shopsmart/client/node_modules/@babel/code-frame': '/Users/rashmianand/Desktop/shopsmart/client/node_modules/@babel/.code-frame-GKTfxKC7',
196 silly reify   '/Users/rashmianand/Desktop/shopsmart/client/node_modules/@babel/compat-data': '/Users/rashmianand/Desktop/shopsmart/client/node_modules/@babel/.compat-data-G4OmFopf',
196 silly reify   '/Users/rashmianand/Desktop/shopsmart/client/node_modules/@babel/core': '/Users/rashmianand/Desktop/shopsmart/client/node_modules/@babel/.core-MzhxjJPJ',
196 silly reify   '/Users/rashmianand/Desktop/shopsmart/client/node_modules/@babel/generator': '/Users/rashmianand/Desktop/shopsmart/client/node_modules/@babel/.generator-u1wbQtmQ',
196 silly reify   '/Users/rashmianand/Desktop/shopsmart/client/node_modules/@babel/helper-compilation-targets': '/Users/rashmianand/Desktop/shopsmart/client/node_modules/@babel/.helper-compilation-targets-6Ul32WxG',
196 silly reify   '/Users/rashmianand/Desktop/shopsmart/client/node_modules/@babel/helper-module-imports': '/Users/rashmianand/Desktop/shopsmart/client/node_modules/@babel/.helper-module-imports-B1OFyZQU',
196 silly reify   '/Users/rashmianand/Desktop/shopsmart/client/node_modules/@babel/helper-module-transforms': '/Users/rashmianand/Desktop/shopsmart/client/node_modules/@babel/.helper-module-transforms-0vzUqkHT',
196 silly reify   '/Users/rashmianand/Desktop/shopsmart/client/node_modules/@babel/helper-plugin-utils': '/Users/rashmianand/Desktop/shopsmart/client/node_modules/@babel/.helper-plugin-utils-p8UkPgjc',
196 silly reify   '/Users/rashmianand/Desktop/shopsmart/client/node_modules/@babel/helpers': '/Users/rashmianand/Desktop/shopsmart/client/node_modules/@babel/.helpers-8MYy9CjO',
196 silly reify   '/Users/rashmianand/Desktop/shopsmart/client/node_modules/@babel/parser': '/Users/rashmianand/Desktop/shopsmart/client/node_modules/@babel/.parser-dW3Rxiix',
196 silly reify   '/Users/rashmianand/Desktop/shopsmart/client/node_modules/@babel/runtime': '/Users/rashmianand/Desktop/shopsmart/client/node_modules/@babel/.runtime-aN4XAAC5',
196 silly reify   '/Users/rashmianand/Desktop/shopsmart/client/node_modules/@babel/template': '/Users/rashmianand/Desktop/shopsmart/client/node_modules/@babel/.template-224OdfFP',
196 silly reify   '/Users/rashmianand/Desktop/shopsmart/client/node_modules/@babel/traverse': '/Users/rashmianand/Desktop/shopsmart/client/node_modules/@babel/.traverse-qPgQrFFe',
196 silly reify   '/Users/rashmianand/Desktop/shopsmart/client/node_modules/@babel/types': '/Users/rashmianand/Desktop/shopsmart/client/node_modules/@babel/.types-J3tD9DYz',
196 silly reify   '/Users/rashmianand/Desktop/shopsmart/client/node_modules/@cypress/request': '/Users/rashmianand/Desktop/shopsmart/client/node_modules/@cypress/.request-pnzo0PGP',
196 silly reify   '/Users/rashmianand/Desktop/shopsmart/client/node_modules/@cypress/xvfb': '/Users/rashmianand/Desktop/shopsmart/client/node_modules/@cypress/.xvfb-zEAuT8Hi',
196 silly reify   '/Users/rashmianand/Desktop/shopsmart/client/node_modules/@rollup/rollup-darwin-arm64': '/Users/rashmianand/Desktop/shopsmart/client/node_modules/@rollup/.rollup-darwin-arm64-ZgAwdZzV',
196 silly reify   '/Users/rashmianand/Desktop/shopsmart/client/node_modules/@sinclair/typebox': '/Users/rashmianand/Desktop/shopsmart/client/node_modules/@sinclair/.typebox-zpXGj5v3',
196 silly reify   '/Users/rashmianand/Desktop/shopsmart/client/node_modules/@types/react': '/Users/rashmianand/Desktop/shopsmart/client/node_modules/@types/.react-sMkrcCqn',
196 silly reify   '/Users/rashmianand/Desktop/shopsmart/client/node_modules/@types/sinonjs__fake-timers': '/Users/rashmianand/Desktop/shopsmart/client/node_modules/@types/.sinonjs__fake-timers-tQ9Chdjx',
196 silly reify   '/Users/rashmianand/Desktop/shopsmart/client/node_modules/@types/sizzle': '/Users/rashmianand/Desktop/shopsmart/client/node_modules/@types/.sizzle-LjIffPFK',
196 silly reify   '/Users/rashmianand/Desktop/shopsmart/client/node_modules/@types/tmp': '/Users/rashmianand/Desktop/shopsmart/client/node_modules/@types/.tmp-bEEJ9ANq',
196 silly reify   '/Users/rashmianand/Desktop/shopsmart/client/node_modules/esbuild': '/Users/rashmianand/Desktop/shopsmart/client/node_modules/.esbuild-sNMGCSEF',
196 silly reify   '/Users/rashmianand/Desktop/shopsmart/client/node_modules/.bin/esbuild': '/Users/rashmianand/Desktop/shopsmart/client/node_modules/.bin/.esbuild-yEvymaIj',
196 silly reify   '/Users/rashmianand/Desktop/shopsmart/client/node_modules/eslint': '/Users/rashmianand/Desktop/shopsmart/client/node_modules/.eslint-mdW7BgAZ',
196 silly reify   '/Users/rashmianand/Desktop/shopsmart/client/node_modules/.bin/eslint': '/Users/rashmianand/Desktop/shopsmart/client/node_modules/.bin/.eslint-Gub38wnb',
196 silly reify   '/Users/rashmianand/Desktop/shopsmart/client/node_modules/js-yaml': '/Users/rashmianand/Desktop/shopsmart/client/node_modules/.js-yaml-9V43yjJE',
196 silly reify   '/Users/rashmianand/Desktop/shopsmart/client/node_modules/.bin/js-yaml': '/Users/rashmianand/Desktop/shopsmart/client/node_modules/.bin/.js-yaml-KZCzIahS',
196 silly reify   '/Users/rashmianand/Desktop/shopsmart/client/node_modules/jsesc': '/Users/rashmianand/Desktop/shopsmart/client/node_modules/.jsesc-L79iMm3U',
196 silly reify   '/Users/rashmianand/Desktop/shopsmart/client/node_modules/.bin/jsesc': '/Users/rashmianand/Desktop/shopsmart/client/node_modules/.bin/.jsesc-EaOTzn2v',
196 silly reify   '/Users/rashmianand/Desktop/shopsmart/client/node_modules/json5': '/Users/rashmianand/Desktop/shopsmart/client/node_modules/.json5-xCca9NDH',
196 silly reify   '/Users/rashmianand/Desktop/shopsmart/client/node_modules/.bin/json5': '/Users/rashmianand/Desktop/shopsmart/client/node_modules/.bin/.json5-w159u9w2',
196 silly reify   '/Users/rashmianand/Desktop/shopsmart/client/node_modules/loose-envify': '/Users/rashmianand/Desktop/shopsmart/client/node_modules/.loose-envify-rH5qANdo',
196 silly reify   '/Users/rashmianand/Desktop/shopsmart/client/node_modules/.bin/loose-envify': '/Users/rashmianand/Desktop/shopsmart/client/node_modules/.bin/.loose-envify-qcNpaKWd',
196 silly reify   '/Users/rashmianand/Desktop/shopsmart/client/node_modules/lz-string': '/Users/rashmianand/Desktop/shopsmart/client/node_modules/.lz-string-JsPJZsM1',
196 silly reify   '/Users/rashmianand/Desktop/shopsmart/client/node_modules/.bin/lz-string': '/Users/rashmianand/Desktop/shopsmart/client/node_modules/.bin/.lz-string-HXpkiN8o',
196 silly reify   '/Users/rashmianand/Desktop/shopsmart/client/node_modules/rimraf': '/Users/rashmianand/Desktop/shopsmart/client/node_modules/.rimraf-juTiLos4',
196 silly reify   '/Users/rashmianand/Desktop/shopsmart/client/node_modules/.bin/rimraf': '/Users/rashmianand/Desktop/shopsmart/client/node_modules/.bin/.rimraf-2Wcb2QQ1',
196 silly reify   '/Users/rashmianand/Desktop/shopsmart/client/node_modules/semver': '/Users/rashmianand/Desktop/shopsmart/client/node_modules/.semver-THO2rEqQ',
196 silly reify   '/Users/rashmianand/Desktop/shopsmart/client/node_modules/.bin/semver': '/Users/rashmianand/Desktop/shopsmart/client/node_modules/.bin/.semver-icCq8uTb',
196 silly reify   '/Users/rashmianand/Desktop/shopsmart/client/node_modules/update-browserslist-db': '/Users/rashmianand/Desktop/shopsmart/client/node_modules/.update-browserslist-db-aiQ5pJxQ',
196 silly reify   '/Users/rashmianand/Desktop/shopsmart/client/node_modules/.bin/update-browserslist-db': '/Users/rashmianand/Desktop/shopsmart/client/node_modules/.bin/.update-browserslist-db-MNEKh4AI',
196 silly reify   '/Users/rashmianand/Desktop/shopsmart/client/node_modules/vite': '/Users/rashmianand/Desktop/shopsmart/client/node_modules/.vite-fuXEhhh8',
196 silly reify   '/Users/rashmianand/Desktop/shopsmart/client/node_modules/.bin/vite': '/Users/rashmianand/Desktop/shopsmart/client/node_modules/.bin/.vite-5JdqZE2x',
196 silly reify   '/Users/rashmianand/Desktop/shopsmart/client/node_modules/vitest': '/Users/rashmianand/Desktop/shopsmart/client/node_modules/.vitest-NgcXCNv9',
196 silly reify   '/Users/rashmianand/Desktop/shopsmart/client/node_modules/.bin/vitest': '/Users/rashmianand/Desktop/shopsmart/client/node_modules/.bin/.vitest-RffDnM77',
196 silly reify   '/Users/rashmianand/Desktop/shopsmart/client/node_modules/which': '/Users/rashmianand/Desktop/shopsmart/client/node_modules/.which-1OWBGEyI',
196 silly reify   '/Users/rashmianand/Desktop/shopsmart/client/node_modules/.bin/node-which': '/Users/rashmianand/Desktop/shopsmart/client/node_modules/.bin/.node-which-lnchWxVZ',
196 silly reify   '/Users/rashmianand/Desktop/shopsmart/client/node_modules/vite-node': '/Users/rashmianand/Desktop/shopsmart/client/node_modules/.vite-node-GgnZhxys',
196 silly reify   '/Users/rashmianand/Desktop/shopsmart/client/node_modules/.bin/vite-node': '/Users/rashmianand/Desktop/shopsmart/client/node_modules/.bin/.vite-node-c8NY6ceg',
196 silly reify   '/Users/rashmianand/Desktop/shopsmart/client/node_modules/why-is-node-running': '/Users/rashmianand/Desktop/shopsmart/client/node_modules/.why-is-node-running-bBKsGUeJ',
196 silly reify   '/Users/rashmianand/Desktop/shopsmart/client/node_modules/.bin/why-is-node-running': '/Users/rashmianand/Desktop/shopsmart/client/node_modules/.bin/.why-is-node-running-C1iI4m9F'
196 silly reify }
197 silly audit bulk request {
197 silly audit   '@adobe/css-tools': [ '4.4.4' ],
197 silly audit   '@asamuzakjp/css-color': [ '3.2.0' ],
197 silly audit   'lru-cache': [ '10.4.3', '5.1.1' ],
197 silly audit   '@babel/code-frame': [ '7.27.1' ],
197 silly audit   '@babel/compat-data': [ '7.28.5' ],
197 silly audit   '@babel/core': [ '7.28.5' ],
197 silly audit   '@babel/generator': [ '7.28.5' ],
197 silly audit   '@babel/helper-compilation-targets': [ '7.27.2' ],
197 silly audit   '@babel/helper-globals': [ '7.28.0' ],
197 silly audit   '@babel/helper-module-imports': [ '7.27.1' ],
197 silly audit   '@babel/helper-module-transforms': [ '7.28.3' ],
197 silly audit   '@babel/helper-plugin-utils': [ '7.27.1' ],
197 silly audit   '@babel/helper-string-parser': [ '7.27.1' ],
197 silly audit   '@babel/helper-validator-identifier': [ '7.28.5' ],
197 silly audit   '@babel/helper-validator-option': [ '7.27.1' ],
197 silly audit   '@babel/helpers': [ '7.28.4' ],
197 silly audit   '@babel/parser': [ '7.28.5' ],
197 silly audit   '@babel/plugin-transform-react-jsx-self': [ '7.27.1' ],
197 silly audit   '@babel/plugin-transform-react-jsx-source': [ '7.27.1' ],
197 silly audit   '@babel/runtime': [ '7.28.4' ],
197 silly audit   '@babel/template': [ '7.27.2' ],
197 silly audit   '@babel/traverse': [ '7.28.5' ],
197 silly audit   '@babel/types': [ '7.28.5' ],
197 silly audit   '@csstools/color-helpers': [ '5.1.0' ],
197 silly audit   '@csstools/css-calc': [ '2.1.4' ],
197 silly audit   '@csstools/css-color-parser': [ '3.1.0' ],
197 silly audit   '@csstools/css-parser-algorithms': [ '3.0.5' ],
197 silly audit   '@csstools/css-tokenizer': [ '3.0.4' ],
197 silly audit   '@cypress/request': [ '3.0.10' ],
197 silly audit   'tough-cookie': [ '5.1.2', '4.1.4' ],
197 silly audit   '@cypress/xvfb': [ '1.2.4' ],
197 silly audit   debug: [ '3.2.7', '4.4.3' ],
197 silly audit   '@esbuild/aix-ppc64': [ '0.21.5' ],
197 silly audit   '@esbuild/android-arm': [ '0.21.5' ],
197 silly audit   '@esbuild/android-arm64': [ '0.21.5' ],
197 silly audit   '@esbuild/android-x64': [ '0.21.5' ],
197 silly audit   '@esbuild/darwin-arm64': [ '0.21.5' ],
197 silly audit   '@esbuild/darwin-x64': [ '0.21.5' ],
197 silly audit   '@esbuild/freebsd-arm64': [ '0.21.5' ],
197 silly audit   '@esbuild/freebsd-x64': [ '0.21.5' ],
197 silly audit   '@esbuild/linux-arm': [ '0.21.5' ],
197 silly audit   '@esbuild/linux-arm64': [ '0.21.5' ],
197 silly audit   '@esbuild/linux-ia32': [ '0.21.5' ],
197 silly audit   '@esbuild/linux-loong64': [ '0.21.5' ],
197 silly audit   '@esbuild/linux-mips64el': [ '0.21.5' ],
197 silly audit   '@esbuild/linux-ppc64': [ '0.21.5' ],
197 silly audit   '@esbuild/linux-riscv64': [ '0.21.5' ],
197 silly audit   '@esbuild/linux-s390x': [ '0.21.5' ],
197 silly audit   '@esbuild/linux-x64': [ '0.21.5' ],
197 silly audit   '@esbuild/netbsd-x64': [ '0.21.5' ],
197 silly audit   '@esbuild/openbsd-x64': [ '0.21.5' ],
197 silly audit   '@esbuild/sunos-x64': [ '0.21.5' ],
197 silly audit   '@esbuild/win32-arm64': [ '0.21.5' ],
197 silly audit   '@esbuild/win32-ia32': [ '0.21.5' ],
197 silly audit   '@esbuild/win32-x64': [ '0.21.5' ],
197 silly audit   '@eslint-community/eslint-utils': [ '4.9.1' ],
197 silly audit   '@eslint-community/regexpp': [ '4.12.2' ],
197 silly audit   '@eslint/eslintrc': [ '2.1.4' ],
197 silly audit   globals: [ '13.24.0', '17.4.0' ],
197 silly audit   '@humanwhocodes/config-array': [ '0.13.0' ],
197 silly audit   '@humanwhocodes/module-importer': [ '1.0.1' ],
197 silly audit   '@humanwhocodes/object-schema': [ '2.0.3' ],
197 silly audit   '@jest/schemas': [ '29.6.3' ],
197 silly audit   '@jridgewell/gen-mapping': [ '0.3.13' ],
197 silly audit   '@jridgewell/remapping': [ '2.3.5' ],
197 silly audit   '@jridgewell/resolve-uri': [ '3.1.2' ],
197 silly audit   '@jridgewell/sourcemap-codec': [ '1.5.5' ],
197 silly audit   '@jridgewell/trace-mapping': [ '0.3.31' ],
197 silly audit   '@nodelib/fs.scandir': [ '2.1.5' ],
197 silly audit   '@nodelib/fs.stat': [ '2.0.5' ],
197 silly audit   '@nodelib/fs.walk': [ '1.2.8' ],
197 silly audit   '@rolldown/pluginutils': [ '1.0.0-beta.27' ],
197 silly audit   '@rollup/rollup-android-arm-eabi': [ '4.54.0' ],
197 silly audit   '@rollup/rollup-android-arm64': [ '4.54.0' ],
197 silly audit   '@rollup/rollup-darwin-arm64': [ '4.54.0' ],
197 silly audit   '@rollup/rollup-darwin-x64': [ '4.54.0' ],
197 silly audit   '@rollup/rollup-freebsd-arm64': [ '4.54.0' ],
197 silly audit   '@rollup/rollup-freebsd-x64': [ '4.54.0' ],
197 silly audit   '@rollup/rollup-linux-arm-gnueabihf': [ '4.54.0' ],
197 silly audit   '@rollup/rollup-linux-arm-musleabihf': [ '4.54.0' ],
197 silly audit   '@rollup/rollup-linux-arm64-gnu': [ '4.54.0' ],
197 silly audit   '@rollup/rollup-linux-arm64-musl': [ '4.54.0' ],
197 silly audit   '@rollup/rollup-linux-loong64-gnu': [ '4.54.0' ],
197 silly audit   '@rollup/rollup-linux-ppc64-gnu': [ '4.54.0' ],
197 silly audit   '@rollup/rollup-linux-riscv64-gnu': [ '4.54.0' ],
197 silly audit   '@rollup/rollup-linux-riscv64-musl': [ '4.54.0' ],
197 silly audit   '@rollup/rollup-linux-s390x-gnu': [ '4.54.0' ],
197 silly audit   '@rollup/rollup-linux-x64-gnu': [ '4.54.0' ],
197 silly audit   '@rollup/rollup-linux-x64-musl': [ '4.54.0' ],
197 silly audit   '@rollup/rollup-openharmony-arm64': [ '4.54.0' ],
197 silly audit   '@rollup/rollup-win32-arm64-msvc': [ '4.54.0' ],
197 silly audit   '@rollup/rollup-win32-ia32-msvc': [ '4.54.0' ],
197 silly audit   '@rollup/rollup-win32-x64-gnu': [ '4.54.0' ],
197 silly audit   '@rollup/rollup-win32-x64-msvc': [ '4.54.0' ],
197 silly audit   '@sinclair/typebox': [ '0.27.8' ],
197 silly audit   '@testing-library/dom': [ '10.4.1' ],
197 silly audit   'aria-query': [ '5.3.0', '5.3.2' ],
197 silly audit   'dom-accessibility-api': [ '0.5.16', '0.6.3' ],
197 silly audit   '@testing-library/jest-dom': [ '6.9.1' ],
197 silly audit   '@testing-library/react': [ '15.0.7' ],
197 silly audit   '@types/aria-query': [ '5.0.4' ],
197 silly audit   '@types/babel__core': [ '7.20.5' ],
197 silly audit   '@types/babel__generator': [ '7.27.0' ],
197 silly audit   '@types/babel__template': [ '7.4.4' ],
197 silly audit   '@types/babel__traverse': [ '7.28.0' ],
197 silly audit   '@types/estree': [ '1.0.8' ],
197 silly audit   '@types/prop-types': [ '15.7.15' ],
197 silly audit   '@types/react': [ '18.3.27' ],
197 silly audit   '@types/react-dom': [ '18.3.7' ],
197 silly audit   '@types/sinonjs__fake-timers': [ '8.1.1' ],
197 silly audit   '@types/sizzle': [ '2.3.10' ],
197 silly audit   '@types/tmp': [ '0.2.6' ],
197 silly audit   '@types/yauzl': [ '2.10.3' ],
197 silly audit   '@ungap/structured-clone': [ '1.3.0' ],
197 silly audit   '@vitejs/plugin-react': [ '4.7.0' ],
197 silly audit   '@vitest/expect': [ '1.6.1' ],
197 silly audit   '@vitest/runner': [ '1.6.1' ],
197 silly audit   'p-limit': [ '5.0.0', '3.1.0' ],
197 silly audit   'yocto-queue': [ '1.2.2', '0.1.0' ],
197 silly audit   '@vitest/snapshot': [ '1.6.1' ],
197 silly audit   'ansi-styles': [ '5.2.0', '4.3.0' ],
197 silly audit   'pretty-format': [ '29.7.0', '27.5.1' ],
197 silly audit   'react-is': [ '18.3.1', '16.13.1', '17.0.2' ],
197 silly audit   '@vitest/spy': [ '1.6.1' ],
197 silly audit   '@vitest/utils': [ '1.6.1' ],
197 silly audit   acorn: [ '8.15.0' ],
197 silly audit   'acorn-jsx': [ '5.3.2' ],
197 silly audit   'acorn-walk': [ '8.3.4' ],
197 silly audit   'agent-base': [ '7.1.4' ],
197 silly audit   'aggregate-error': [ '3.1.0' ],
197 silly audit   ajv: [ '6.12.6' ],
197 silly audit   'ansi-colors': [ '4.1.3' ],
197 silly audit   'ansi-escapes': [ '4.3.2' ],
197 silly audit   'type-fest': [ '0.21.3', '0.8.1', '0.20.2' ],
197 silly audit   'ansi-regex': [ '5.0.1' ],
197 silly audit   arch: [ '2.2.0' ],
197 silly audit   argparse: [ '2.0.1' ],
197 silly audit   'array-buffer-byte-length': [ '1.0.2' ],
197 silly audit   'array-includes': [ '3.1.9' ],
197 silly audit   'array.prototype.findlast': [ '1.2.5' ],
197 silly audit   'array.prototype.flat': [ '1.3.3' ],
197 silly audit   'array.prototype.flatmap': [ '1.3.3' ],
197 silly audit   'array.prototype.tosorted': [ '1.1.4' ],
197 silly audit   'arraybuffer.prototype.slice': [ '1.0.4' ],
197 silly audit   asn1: [ '0.2.6' ],
197 silly audit   'assert-plus': [ '1.0.0' ],
197 silly audit   'assertion-error': [ '1.1.0' ],
197 silly audit   'astral-regex': [ '2.0.0' ],
197 silly audit   'async-function': [ '1.0.0' ],
197 silly audit   asynckit: [ '0.4.0' ],
197 silly audit   'at-least-node': [ '1.0.0' ],
197 silly audit   'available-typed-arrays': [ '1.0.7' ],
197 silly audit   'aws-sign2': [ '0.7.0' ],
197 silly audit   aws4: [ '1.13.2' ],
197 silly audit   axios: [ '1.13.6' ],
197 silly audit   'balanced-match': [ '1.0.2' ],
197 silly audit   'base64-js': [ '1.5.1' ],
197 silly audit   'baseline-browser-mapping': [ '2.9.11' ],
197 silly audit   'bcrypt-pbkdf': [ '1.0.2' ],
197 silly audit   'blob-util': [ '2.0.2' ],
197 silly audit   bluebird: [ '3.7.2' ],
197 silly audit   'brace-expansion': [ '1.1.12' ],
197 silly audit   browserslist: [ '4.28.1' ],
197 silly audit   buffer: [ '5.7.1' ],
197 silly audit   'buffer-crc32': [ '0.2.13' ],
197 silly audit   cac: [ '6.7.14' ],
197 silly audit   cachedir: [ '2.4.0' ],
197 silly audit   'call-bind': [ '1.0.8' ],
197 silly audit   'call-bind-apply-helpers': [ '1.0.2' ],
197 silly audit   'call-bound': [ '1.0.4' ],
197 silly audit   callsites: [ '3.1.0' ],
197 silly audit   'caniuse-lite': [ '1.0.30001762' ],
197 silly audit   caseless: [ '0.12.0' ],
197 silly audit   chai: [ '4.5.0' ],
197 silly audit   chalk: [ '4.1.2' ],
197 silly audit   'check-error': [ '1.0.3' ],
197 silly audit   'ci-info': [ '4.4.0' ],
197 silly audit   'clean-stack': [ '2.2.0' ],
197 silly audit   'cli-cursor': [ '3.1.0' ],
197 silly audit   'cli-table3': [ '0.6.1' ],
197 silly audit   'cli-truncate': [ '2.1.0' ],
197 silly audit   'color-convert': [ '2.0.1' ],
197 silly audit   'color-name': [ '1.1.4' ],
197 silly audit   colorette: [ '2.0.20' ],
197 silly audit   colors: [ '1.4.0' ],
197 silly audit   'combined-stream': [ '1.0.8' ],
197 silly audit   commander: [ '6.2.1' ],
197 silly audit   'common-tags': [ '1.8.2' ],
197 silly audit   'concat-map': [ '0.0.1' ],
197 silly audit   confbox: [ '0.1.8' ],
197 silly audit   'convert-source-map': [ '2.0.0' ],
197 silly audit   cookie: [ '1.1.1' ],
197 silly audit   'core-util-is': [ '1.0.2' ],
197 silly audit   'cross-spawn': [ '7.0.6' ],
197 silly audit   'css.escape': [ '1.5.1' ],
197 silly audit   cssstyle: [ '4.6.0' ],
197 silly audit   'rrweb-cssom': [ '0.8.0', '0.7.1' ],
197 silly audit   csstype: [ '3.2.3' ],
197 silly audit   cypress: [ '15.12.0' ],
197 silly audit   execa: [ '4.1.0', '8.0.1' ],
197 silly audit   'get-stream': [ '5.2.0', '8.0.1' ],
197 silly audit   'human-signals': [ '1.1.1', '5.0.0' ],
197 silly audit   'is-stream': [ '2.0.1', '3.0.0' ],
197 silly audit   'mimic-fn': [ '2.1.0', '4.0.0' ],
197 silly audit   'npm-run-path': [ '4.0.1', '5.3.0' ],
197 silly audit   onetime: [ '5.1.2', '6.0.0' ],
197 silly audit   'proxy-from-env': [ '1.0.0', '1.1.0' ],
197 silly audit   'signal-exit': [ '3.0.7', '4.1.0' ],
197 silly audit   'strip-final-newline': [ '2.0.0', '3.0.0' ],
197 silly audit   'supports-color': [ '8.1.1', '7.2.0' ],
197 silly audit   tslib: [ '1.14.1', '2.8.1' ],
197 silly audit   dashdash: [ '1.14.1' ],
197 silly audit   'data-urls': [ '5.0.0' ],
197 silly audit   'data-view-buffer': [ '1.0.2' ],
197 silly audit   'data-view-byte-length': [ '1.0.2' ],
197 silly audit   'data-view-byte-offset': [ '1.0.1' ],
197 silly audit   dayjs: [ '1.11.20' ],
197 silly audit   'decimal.js': [ '10.6.0' ],
197 silly audit   'deep-eql': [ '4.1.4' ],
197 silly audit   'deep-is': [ '0.1.4' ],
197 silly audit   'define-data-property': [ '1.1.4' ],
197 silly audit   'define-properties': [ '1.2.1' ],
197 silly audit   'delayed-stream': [ '1.0.0' ],
197 silly audit   dequal: [ '2.0.3' ],
197 silly audit   'diff-sequences': [ '29.6.3' ],
197 silly audit   doctrine: [ '3.0.0', '2.1.0' ],
197 silly audit   'dunder-proto': [ '1.0.1' ],
197 silly audit   'ecc-jsbn': [ '0.1.2' ],
197 silly audit   'electron-to-chromium': [ '1.5.267' ],
197 silly audit   'emoji-regex': [ '8.0.0' ],
197 silly audit   'end-of-stream': [ '1.4.5' ],
197 silly audit   enquirer: [ '2.4.1' ],
197 silly audit   entities: [ '6.0.1' ],
197 silly audit   'es-abstract': [ '1.24.1' ],
197 silly audit   'es-define-property': [ '1.0.1' ],
197 silly audit   'es-errors': [ '1.3.0' ],
197 silly audit   'es-iterator-helpers': [ '1.2.2' ],
197 silly audit   'es-object-atoms': [ '1.1.1' ],
197 silly audit   'es-set-tostringtag': [ '2.1.0' ],
197 silly audit   'es-shim-unscopables': [ '1.1.0' ],
197 silly audit   'es-to-primitive': [ '1.3.0' ],
197 silly audit   esbuild: [ '0.21.5' ],
197 silly audit   escalade: [ '3.2.0' ],
197 silly audit   'escape-string-regexp': [ '4.0.0', '1.0.5' ],
197 silly audit   eslint: [ '8.57.1' ],
197 silly audit   'eslint-plugin-react': [ '7.37.5' ],
197 silly audit   'eslint-plugin-react-hooks': [ '4.6.2' ],
197 silly audit   'eslint-plugin-react-refresh': [ '0.4.26' ],
197 silly audit   'eslint-scope': [ '7.2.2' ],
197 silly audit   'eslint-visitor-keys': [ '3.4.3' ],
197 silly audit   '@eslint/js': [ '8.57.1' ],
197 silly audit   espree: [ '9.6.1' ],
197 silly audit   esquery: [ '1.7.0' ],
197 silly audit   esrecurse: [ '4.3.0' ],
197 silly audit   estraverse: [ '5.3.0' ],
197 silly audit   'estree-walker': [ '3.0.3' ],
197 silly audit   esutils: [ '2.0.3' ],
197 silly audit   eventemitter2: [ '6.4.7' ],
197 silly audit   executable: [ '4.1.1' ],
197 silly audit   extend: [ '3.0.2' ],
197 silly audit   'extract-zip': [ '2.0.1' ],
197 silly audit   extsprintf: [ '1.3.0' ],
197 silly audit   'fast-deep-equal': [ '3.1.3' ],
197 silly audit   'fast-json-stable-stringify': [ '2.1.0' ],
197 silly audit   'fast-levenshtein': [ '2.0.6' ],
197 silly audit   fastq: [ '1.20.1' ],
197 silly audit   'fd-slicer': [ '1.1.0' ],
197 silly audit   figures: [ '3.2.0' ],
197 silly audit   'file-entry-cache': [ '6.0.1' ],
197 silly audit   'find-up': [ '5.0.0' ],
197 silly audit   'flat-cache': [ '3.2.0' ],
197 silly audit   flatted: [ '3.3.3' ],
197 silly audit   'follow-redirects': [ '1.15.11' ],
197 silly audit   'for-each': [ '0.3.5' ],
197 silly audit   'forever-agent': [ '0.6.1' ],
197 silly audit   'form-data': [ '4.0.5' ],
197 silly audit   'framer-motion': [ '12.38.0' ],
197 silly audit   'fs-extra': [ '9.1.0' ],
197 silly audit   universalify: [ '2.0.1', '0.2.0' ],
197 silly audit   'fs.realpath': [ '1.0.0' ],
197 silly audit   fsevents: [ '2.3.3' ],
197 silly audit   'function-bind': [ '1.1.2' ],
197 silly audit   'function.prototype.name': [ '1.1.8' ],
197 silly audit   'functions-have-names': [ '1.2.3' ],
197 silly audit   'generator-function': [ '2.0.1' ],
197 silly audit   gensync: [ '1.0.0-beta.2' ],
197 silly audit   'get-func-name': [ '2.0.2' ],
197 silly audit   'get-intrinsic': [ '1.3.0' ],
197 silly audit   'get-proto': [ '1.0.1' ],
197 silly audit   'get-symbol-description': [ '1.1.0' ],
197 silly audit   getpass: [ '0.1.7' ],
197 silly audit   glob: [ '7.2.3' ],
197 silly audit   'glob-parent': [ '6.0.2' ],
197 silly audit   'global-dirs': [ '3.0.1' ],
197 silly audit   globalthis: [ '1.0.4' ],
197 silly audit   gopd: [ '1.2.0' ],
197 silly audit   'graceful-fs': [ '4.2.11' ],
197 silly audit   graphemer: [ '1.4.0' ],
197 silly audit   'has-bigints': [ '1.1.0' ],
197 silly audit   'has-flag': [ '4.0.0' ],
197 silly audit   'has-property-descriptors': [ '1.0.2' ],
197 silly audit   'has-proto': [ '1.2.0' ],
197 silly audit   'has-symbols': [ '1.1.0' ],
197 silly audit   'has-tostringtag': [ '1.0.2' ],
197 silly audit   hasha: [ '5.2.2' ],
197 silly audit   hasown: [ '2.0.2' ],
197 silly audit   'html-encoding-sniffer': [ '4.0.0' ],
197 silly audit   'http-proxy-agent': [ '7.0.2' ],
197 silly audit   'http-signature': [ '1.4.0' ],
197 silly audit   'https-proxy-agent': [ '7.0.6' ],
197 silly audit   'iconv-lite': [ '0.6.3' ],
197 silly audit   ieee754: [ '1.2.1' ],
197 silly audit   ignore: [ '5.3.2' ],
197 silly audit   'import-fresh': [ '3.3.1' ],
197 silly audit   imurmurhash: [ '0.1.4' ],
197 silly audit   'indent-string': [ '4.0.0' ],
197 silly audit   inflight: [ '1.0.6' ],
197 silly audit   inherits: [ '2.0.4' ],
197 silly audit   ini: [ '2.0.0' ],
197 silly audit   'internal-slot': [ '1.1.0' ],
197 silly audit   'is-array-buffer': [ '3.0.5' ],
197 silly audit   'is-async-function': [ '2.1.1' ],
197 silly audit   'is-bigint': [ '1.1.0' ],
197 silly audit   'is-boolean-object': [ '1.2.2' ],
197 silly audit   'is-callable': [ '1.2.7' ],
197 silly audit   'is-core-module': [ '2.16.1' ],
197 silly audit   'is-data-view': [ '1.0.2' ],
197 silly audit   'is-date-object': [ '1.1.0' ],
197 silly audit   'is-extglob': [ '2.1.1' ],
197 silly audit   'is-finalizationregistry': [ '1.1.1' ],
197 silly audit   'is-fullwidth-code-point': [ '3.0.0' ],
197 silly audit   'is-generator-function': [ '1.1.2' ],
197 silly audit   'is-glob': [ '4.0.3' ],
197 silly audit   'is-installed-globally': [ '0.4.0' ],
197 silly audit   'is-map': [ '2.0.3' ],
197 silly audit   'is-negative-zero': [ '2.0.3' ],
197 silly audit   'is-number-object': [ '1.1.1' ],
197 silly audit   'is-path-inside': [ '3.0.3' ],
197 silly audit   'is-potential-custom-element-name': [ '1.0.1' ],
197 silly audit   'is-regex': [ '1.2.1' ],
197 silly audit   'is-set': [ '2.0.3' ],
197 silly audit   'is-shared-array-buffer': [ '1.0.4' ],
197 silly audit   'is-string': [ '1.1.1' ],
197 silly audit   'is-symbol': [ '1.1.1' ],
197 silly audit   'is-typed-array': [ '1.1.15' ],
197 silly audit   'is-typedarray': [ '1.0.0' ],
197 silly audit   'is-unicode-supported': [ '0.1.0' ],
197 silly audit   'is-weakmap': [ '2.0.2' ],
197 silly audit   'is-weakref': [ '1.1.1' ],
197 silly audit   'is-weakset': [ '2.0.4' ],
197 silly audit   isarray: [ '2.0.5' ],
197 silly audit   isexe: [ '2.0.0' ],
197 silly audit   isstream: [ '0.1.2' ],
197 silly audit   'iterator.prototype': [ '1.1.5' ],
197 silly audit   'js-tokens': [ '4.0.0', '9.0.1' ],
197 silly audit   'js-yaml': [ '4.1.1' ],
197 silly audit   jsbn: [ '0.1.1' ],
197 silly audit   jsdom: [ '24.1.3' ],
197 silly audit   jsesc: [ '3.1.0' ],
197 silly audit   'json-buffer': [ '3.0.1' ],
197 silly audit   'json-schema': [ '0.4.0' ],
197 silly audit   'json-schema-traverse': [ '0.4.1' ],
197 silly audit   'json-stable-stringify-without-jsonify': [ '1.0.1' ],
197 silly audit   'json-stringify-safe': [ '5.0.1' ],
197 silly audit   json5: [ '2.2.3' ],
197 silly audit   jsonfile: [ '6.2.0' ],
197 silly audit   jsprim: [ '2.0.2' ],
197 silly audit   'jsx-ast-utils': [ '3.3.5' ],
197 silly audit   keyv: [ '4.5.4' ],
197 silly audit   levn: [ '0.4.1' ],
197 silly audit   listr2: [ '3.14.0' ],
197 silly audit   'local-pkg': [ '0.5.1' ],
197 silly audit   'locate-path': [ '6.0.0' ],
197 silly audit   lodash: [ '4.17.23' ],
197 silly audit   'lodash.merge': [ '4.6.2' ],
197 silly audit   'lodash.once': [ '4.1.1' ],
197 silly audit   'log-symbols': [ '4.1.0' ],
197 silly audit   'log-update': [ '4.0.0' ],
197 silly audit   'slice-ansi': [ '4.0.0', '3.0.0' ],
197 silly audit   'wrap-ansi': [ '6.2.0', '7.0.0' ],
197 silly audit   'loose-envify': [ '1.4.0' ],
197 silly audit   loupe: [ '2.3.7' ],
197 silly audit   'lucide-react': [ '0.577.0' ],
197 silly audit   'lz-string': [ '1.5.0' ],
197 silly audit   'magic-string': [ '0.30.21' ],
197 silly audit   'math-intrinsics': [ '1.1.0' ],
197 silly audit   'merge-stream': [ '2.0.0' ],
197 silly audit   'mime-db': [ '1.52.0' ],
197 silly audit   'mime-types': [ '2.1.35' ],
197 silly audit   'min-indent': [ '1.0.1' ],
197 silly audit   minimatch: [ '3.1.2' ],
197 silly audit   minimist: [ '1.2.8' ],
197 silly audit   mlly: [ '1.8.0' ],
197 silly audit   pathe: [ '2.0.3', '1.1.2' ],
197 silly audit   'motion-dom': [ '12.38.0' ],
197 silly audit   'motion-utils': [ '12.36.0' ],
197 silly audit   ms: [ '2.1.3' ],
197 silly audit   nanoid: [ '3.3.11' ],
197 silly audit   'natural-compare': [ '1.4.0' ],
197 silly audit   'node-releases': [ '2.0.27' ],
197 silly audit   'path-key': [ '4.0.0', '3.1.1' ],
197 silly audit   nwsapi: [ '2.2.23' ],
197 silly audit   'object-assign': [ '4.1.1' ],
197 silly audit   'object-inspect': [ '1.13.4' ],
197 silly audit   'object-keys': [ '1.1.1' ],
197 silly audit   'object.assign': [ '4.1.7' ],
197 silly audit   'object.entries': [ '1.1.9' ],
197 silly audit   'object.fromentries': [ '2.0.8' ],
197 silly audit   'object.values': [ '1.2.1' ],
197 silly audit   once: [ '1.4.0' ],
197 silly audit   optionator: [ '0.9.4' ],
197 silly audit   ospath: [ '1.2.2' ],
197 silly audit   'own-keys': [ '1.0.1' ],
197 silly audit   'p-locate': [ '5.0.0' ],
197 silly audit   'p-map': [ '4.0.0' ],
197 silly audit   'parent-module': [ '1.0.1' ],
197 silly audit   parse5: [ '7.3.0' ],
197 silly audit   'path-exists': [ '4.0.0' ],
197 silly audit   'path-is-absolute': [ '1.0.1' ],
197 silly audit   'path-parse': [ '1.0.7' ],
197 silly audit   pathval: [ '1.1.1' ],
197 silly audit   pend: [ '1.2.0' ],
197 silly audit   'performance-now': [ '2.1.0' ],
197 silly audit   picocolors: [ '1.1.1' ],
197 silly audit   pify: [ '2.3.0' ],
197 silly audit   'pkg-types': [ '1.3.1' ],
197 silly audit   'possible-typed-array-names': [ '1.1.0' ],
197 silly audit   postcss: [ '8.5.6' ],
197 silly audit   'prelude-ls': [ '1.2.1' ],
197 silly audit   'pretty-bytes': [ '5.6.0' ],
197 silly audit   process: [ '0.11.10' ],
197 silly audit   'prop-types': [ '15.8.1' ],
197 silly audit   psl: [ '1.15.0' ],
197 silly audit   pump: [ '3.0.4' ],
197 silly audit   punycode: [ '2.3.1' ],
197 silly audit   qs: [ '6.14.2' ],
197 silly audit   querystringify: [ '2.2.0' ],
197 silly audit   'queue-microtask': [ '1.2.3' ],
197 silly audit   react: [ '18.3.1' ],
197 silly audit   'react-dom': [ '18.3.1' ],
197 silly audit   'react-refresh': [ '0.17.0' ],
197 silly audit   'react-router': [ '7.13.1' ],
197 silly audit   'react-router-dom': [ '7.13.1' ],
197 silly audit   redent: [ '3.0.0' ],
197 silly audit   'reflect.getprototypeof': [ '1.0.10' ],
197 silly audit   'regexp.prototype.flags': [ '1.5.4' ],
197 silly audit   'request-progress': [ '3.0.0' ],
197 silly audit   'requires-port': [ '1.0.0' ],
197 silly audit   resolve: [ '2.0.0-next.5' ],
197 silly audit   'resolve-from': [ '4.0.0' ],
197 silly audit   'restore-cursor': [ '3.1.0' ],
197 silly audit   reusify: [ '1.1.0' ],
197 silly audit   rfdc: [ '1.4.1' ],
197 silly audit   rimraf: [ '3.0.2' ],
197 silly audit   rollup: [ '4.54.0' ],
197 silly audit   'run-parallel': [ '1.2.0' ],
197 silly audit   rxjs: [ '7.8.2' ],
197 silly audit   'safe-array-concat': [ '1.1.3' ],
197 silly audit   'safe-buffer': [ '5.2.1' ],
197 silly audit   'safe-push-apply': [ '1.0.0' ],
197 silly audit   'safe-regex-test': [ '1.1.0' ],
197 silly audit   'safer-buffer': [ '2.1.2' ],
197 silly audit   saxes: [ '6.0.0' ],
197 silly audit   scheduler: [ '0.23.2' ],
197 silly audit   semver: [ '6.3.1' ],
197 silly audit   'set-cookie-parser': [ '2.7.2' ],
197 silly audit   'set-function-length': [ '1.2.2' ],
197 silly audit   'set-function-name': [ '2.0.2' ],
197 silly audit   'set-proto': [ '1.0.0' ],
197 silly audit   'shebang-command': [ '2.0.0' ],
197 silly audit   'shebang-regex': [ '3.0.0' ],
197 silly audit   'side-channel': [ '1.1.0' ],
197 silly audit   'side-channel-list': [ '1.0.0' ],
197 silly audit   'side-channel-map': [ '1.0.1' ],
197 silly audit   'side-channel-weakmap': [ '1.0.2' ],
197 silly audit   siginfo: [ '2.0.0' ],
197 silly audit   'source-map-js': [ '1.2.1' ],
197 silly audit   sshpk: [ '1.18.0' ],
197 silly audit   stackback: [ '0.0.2' ],
197 silly audit   'std-env': [ '3.10.0' ],
197 silly audit   'stop-iteration-iterator': [ '1.1.0' ],
197 silly audit   'string-width': [ '4.2.3' ],
197 silly audit   'string.prototype.matchall': [ '4.0.12' ],
197 silly audit   'string.prototype.repeat': [ '1.0.0' ],
197 silly audit   'string.prototype.trim': [ '1.2.10' ],
197 silly audit   'string.prototype.trimend': [ '1.0.9' ],
197 silly audit   'string.prototype.trimstart': [ '1.0.8' ],
197 silly audit   'strip-ansi': [ '6.0.1' ],
197 silly audit   'strip-indent': [ '3.0.0' ],
197 silly audit   'strip-json-comments': [ '3.1.1' ],
197 silly audit   'strip-literal': [ '2.1.1' ],
197 silly audit   'supports-preserve-symlinks-flag': [ '1.0.0' ],
197 silly audit   'symbol-tree': [ '3.2.4' ],
197 silly audit   systeminformation: [ '5.31.4' ],
197 silly audit   'text-table': [ '0.2.0' ],
197 silly audit   throttleit: [ '1.0.1' ],
197 silly audit   through: [ '2.3.8' ],
197 silly audit   tinybench: [ '2.9.0' ],
197 silly audit   tinypool: [ '0.8.4' ],
197 silly audit   tinyspy: [ '2.2.1' ],
197 silly audit   tldts: [ '6.1.86' ],
197 silly audit   'tldts-core': [ '6.1.86' ],
197 silly audit   tmp: [ '0.2.5' ],
197 silly audit   tr46: [ '5.1.1' ],
197 silly audit   'tree-kill': [ '1.2.2' ],
197 silly audit   'tunnel-agent': [ '0.6.0' ],
197 silly audit   tweetnacl: [ '0.14.5' ],
197 silly audit   'type-check': [ '0.4.0' ],
197 silly audit   'type-detect': [ '4.1.0' ],
197 silly audit   'typed-array-buffer': [ '1.0.3' ],
197 silly audit   'typed-array-byte-length': [ '1.0.3' ],
197 silly audit   'typed-array-byte-offset': [ '1.0.4' ],
197 silly audit   'typed-array-length': [ '1.0.7' ],
197 silly audit   ufo: [ '1.6.1' ],
197 silly audit   'unbox-primitive': [ '1.1.0' ],
197 silly audit   untildify: [ '4.0.0' ],
197 silly audit   'update-browserslist-db': [ '1.2.3' ],
197 silly audit   'uri-js': [ '4.4.1' ],
197 silly audit   'url-parse': [ '1.5.10' ],
197 silly audit   uuid: [ '8.3.2' ],
197 silly audit   verror: [ '1.10.0' ],
197 silly audit   vite: [ '5.4.21' ],
197 silly audit   'vite-node': [ '1.6.1' ],
197 silly audit   vitest: [ '1.6.1' ],
197 silly audit   'w3c-xmlserializer': [ '5.0.0' ],
197 silly audit   'webidl-conversions': [ '7.0.0' ],
197 silly audit   'whatwg-encoding': [ '3.1.1' ],
197 silly audit   'whatwg-mimetype': [ '4.0.0' ],
197 silly audit   'whatwg-url': [ '14.2.0' ],
197 silly audit   which: [ '2.0.2' ],
197 silly audit   'which-boxed-primitive': [ '1.1.1' ],
197 silly audit   'which-builtin-type': [ '1.2.1' ],
197 silly audit   'which-collection': [ '1.0.2' ],
197 silly audit   'which-typed-array': [ '1.1.19' ],
197 silly audit   'why-is-node-running': [ '2.3.0' ],
197 silly audit   'word-wrap': [ '1.2.5' ],
197 silly audit   wrappy: [ '1.0.2' ],
197 silly audit   ws: [ '8.18.3' ],
197 silly audit   'xml-name-validator': [ '5.0.0' ],
197 silly audit   xmlchars: [ '2.2.0' ],
197 silly audit   yallist: [ '3.1.1' ],
197 silly audit   yauzl: [ '2.10.0' ]
197 silly audit }
198 verbose audit error FetchError: request to https://registry.npmjs.org/-/npm/v1/security/advisories/bulk failed, reason: getaddrinfo ENOTFOUND registry.npmjs.org
198 verbose audit error     at ClientRequest.<anonymous> (/opt/homebrew/lib/node_modules/npm/node_modules/minipass-fetch/lib/index.js:130:14)
198 verbose audit error     at ClientRequest.emit (node:events:508:28)
198 verbose audit error     at emitErrorEvent (node:_http_client:108:11)
198 verbose audit error     at _destroy (node:_http_client:962:9)
198 verbose audit error     at onSocketNT (node:_http_client:982:5)
198 verbose audit error     at process.processTicksAndRejections (node:internal/process/task_queues:90:21) {
198 verbose audit error   code: 'ENOTFOUND',
198 verbose audit error   errno: 'ENOTFOUND',
198 verbose audit error   syscall: 'getaddrinfo',
198 verbose audit error   hostname: 'registry.npmjs.org',
198 verbose audit error   type: 'system'
198 verbose audit error }
199 silly audit error undefined
200 silly audit report null
201 http cache why-is-node-running@https://registry.npmjs.org/why-is-node-running/-/why-is-node-running-2.3.0.tgz 1ms (cache hit)
202 http cache vite-node@https://registry.npmjs.org/vite-node/-/vite-node-1.6.1.tgz 0ms (cache hit)
203 http cache vitest@https://registry.npmjs.org/vitest/-/vitest-1.6.1.tgz 0ms (cache hit)
204 http cache which@https://registry.npmjs.org/which/-/which-2.0.2.tgz 0ms (cache hit)
205 http cache update-browserslist-db@https://registry.npmjs.org/update-browserslist-db/-/update-browserslist-db-1.2.3.tgz 0ms (cache hit)
206 http cache vite@https://registry.npmjs.org/vite/-/vite-5.4.21.tgz 0ms (cache hit)
207 http cache semver@https://registry.npmjs.org/semver/-/semver-6.3.1.tgz 0ms (cache hit)
208 http cache rimraf@https://registry.npmjs.org/rimraf/-/rimraf-3.0.2.tgz 0ms (cache hit)
209 http cache lz-string@https://registry.npmjs.org/lz-string/-/lz-string-1.5.0.tgz 0ms (cache hit)
210 http cache loose-envify@https://registry.npmjs.org/loose-envify/-/loose-envify-1.4.0.tgz 0ms (cache hit)
211 http cache json5@https://registry.npmjs.org/json5/-/json5-2.2.3.tgz 0ms (cache hit)
212 http cache jsesc@https://registry.npmjs.org/jsesc/-/jsesc-3.1.0.tgz 0ms (cache hit)
213 http cache js-yaml@https://registry.npmjs.org/js-yaml/-/js-yaml-4.1.1.tgz 0ms (cache hit)
214 http cache eslint@https://registry.npmmirror.com/eslint/-/eslint-8.57.1.tgz 0ms (cache hit)
215 http cache esbuild@https://registry.npmjs.org/esbuild/-/esbuild-0.21.5.tgz 0ms (cache hit)
216 http cache @types/tmp@https://registry.npmmirror.com/@types/tmp/-/tmp-0.2.6.tgz 0ms (cache hit)
217 http cache @types/sizzle@https://registry.npmmirror.com/@types/sizzle/-/sizzle-2.3.10.tgz 0ms (cache hit)
218 http cache @types/sinonjs__fake-timers@https://registry.npmmirror.com/@types/sinonjs__fake-timers/-/sinonjs__fake-timers-8.1.1.tgz 0ms (cache hit)
219 http cache @types/react@https://registry.npmjs.org/@types/react/-/react-18.3.27.tgz 0ms (cache hit)
220 http cache @sinclair/typebox@https://registry.npmjs.org/@sinclair/typebox/-/typebox-0.27.8.tgz 0ms (cache hit)
221 http cache @rollup/rollup-darwin-arm64@https://registry.npmjs.org/@rollup/rollup-darwin-arm64/-/rollup-darwin-arm64-4.54.0.tgz 0ms (cache hit)
222 http cache @cypress/xvfb@https://registry.npmmirror.com/@cypress/xvfb/-/xvfb-1.2.4.tgz 0ms (cache hit)
223 http cache @cypress/request@https://registry.npmmirror.com/@cypress/request/-/request-3.0.10.tgz 0ms (cache hit)
224 http cache @babel/traverse@https://registry.npmjs.org/@babel/traverse/-/traverse-7.28.5.tgz 0ms (cache hit)
225 http cache @babel/runtime@https://registry.npmjs.org/@babel/runtime/-/runtime-7.28.4.tgz 0ms (cache hit)
226 http cache @babel/template@https://registry.npmjs.org/@babel/template/-/template-7.27.2.tgz 0ms (cache hit)
227 http cache @babel/parser@https://registry.npmjs.org/@babel/parser/-/parser-7.28.5.tgz 0ms (cache hit)
228 http cache @babel/helpers@https://registry.npmjs.org/@babel/helpers/-/helpers-7.28.4.tgz 0ms (cache hit)
229 http cache @babel/helper-plugin-utils@https://registry.npmjs.org/@babel/helper-plugin-utils/-/helper-plugin-utils-7.27.1.tgz 0ms (cache hit)
230 http cache @babel/helper-module-transforms@https://registry.npmjs.org/@babel/helper-module-transforms/-/helper-module-transforms-7.28.3.tgz 0ms (cache hit)
231 http cache @babel/types@https://registry.npmjs.org/@babel/types/-/types-7.28.5.tgz 0ms (cache hit)
232 http cache @babel/helper-module-imports@https://registry.npmjs.org/@babel/helper-module-imports/-/helper-module-imports-7.27.1.tgz 0ms (cache hit)
233 http cache @babel/helper-compilation-targets@https://registry.npmjs.org/@babel/helper-compilation-targets/-/helper-compilation-targets-7.27.2.tgz 0ms (cache hit)
234 http cache @babel/generator@https://registry.npmjs.org/@babel/generator/-/generator-7.28.5.tgz 0ms (cache hit)
235 http cache @babel/core@https://registry.npmjs.org/@babel/core/-/core-7.28.5.tgz 0ms (cache hit)
236 http cache @babel/compat-data@https://registry.npmjs.org/@babel/compat-data/-/compat-data-7.28.5.tgz 0ms (cache hit)
237 http cache @babel/code-frame@https://registry.npmjs.org/@babel/code-frame/-/code-frame-7.27.1.tgz 0ms (cache hit)
238 http cache yauzl@https://registry.npmmirror.com/yauzl/-/yauzl-2.10.0.tgz 0ms (cache hit)
239 http cache ws@https://registry.npmjs.org/ws/-/ws-8.18.3.tgz 0ms (cache hit)
240 http cache wrap-ansi@https://registry.npmmirror.com/wrap-ansi/-/wrap-ansi-7.0.0.tgz 0ms (cache hit)
241 http cache which-typed-array@https://registry.npmjs.org/which-typed-array/-/which-typed-array-1.1.19.tgz 0ms (cache hit)
242 http cache verror@https://registry.npmmirror.com/verror/-/verror-1.10.0.tgz 0ms (cache hit)
243 http cache uuid@https://registry.npmmirror.com/uuid/-/uuid-8.3.2.tgz 0ms (cache hit)
244 http cache untildify@https://registry.npmmirror.com/untildify/-/untildify-4.0.0.tgz 0ms (cache hit)
245 http cache ufo@https://registry.npmjs.org/ufo/-/ufo-1.6.1.tgz 0ms (cache hit)
246 http cache tweetnacl@https://registry.npmmirror.com/tweetnacl/-/tweetnacl-0.14.5.tgz 0ms (cache hit)
247 http cache tunnel-agent@https://registry.npmmirror.com/tunnel-agent/-/tunnel-agent-0.6.0.tgz 0ms (cache hit)
248 http cache tslib@https://registry.npmmirror.com/tslib/-/tslib-2.8.1.tgz 0ms (cache hit)
249 http cache tree-kill@https://registry.npmmirror.com/tree-kill/-/tree-kill-1.2.2.tgz 0ms (cache hit)
250 http cache tmp@https://registry.npmmirror.com/tmp/-/tmp-0.2.5.tgz 0ms (cache hit)
251 http cache tldts-core@https://registry.npmmirror.com/tldts-core/-/tldts-core-6.1.86.tgz 0ms (cache hit)
252 http cache tldts@https://registry.npmmirror.com/tldts/-/tldts-6.1.86.tgz 0ms (cache hit)
253 http cache through@https://registry.npmmirror.com/through/-/through-2.3.8.tgz 0ms (cache hit)
254 http cache throttleit@https://registry.npmmirror.com/throttleit/-/throttleit-1.0.1.tgz 0ms (cache hit)
255 http cache systeminformation@https://registry.npmmirror.com/systeminformation/-/systeminformation-5.31.4.tgz 0ms (cache hit)
256 http cache string-width@https://registry.npmmirror.com/string-width/-/string-width-4.2.3.tgz 0ms (cache hit)
257 http cache sshpk@https://registry.npmmirror.com/sshpk/-/sshpk-1.18.0.tgz 0ms (cache hit)
258 http cache slice-ansi@https://registry.npmmirror.com/slice-ansi/-/slice-ansi-3.0.0.tgz 0ms (cache hit)
259 http cache side-channel-list@https://registry.npmjs.org/side-channel-list/-/side-channel-list-1.0.0.tgz 0ms (cache hit)
260 http cache set-cookie-parser@https://registry.npmmirror.com/set-cookie-parser/-/set-cookie-parser-2.7.2.tgz 0ms (cache hit)
261 http cache safe-buffer@https://registry.npmmirror.com/safe-buffer/-/safe-buffer-5.2.1.tgz 0ms (cache hit)
262 http cache safe-array-concat@https://registry.npmjs.org/safe-array-concat/-/safe-array-concat-1.1.3.tgz 0ms (cache hit)
263 http cache rxjs@https://registry.npmmirror.com/rxjs/-/rxjs-7.8.2.tgz 0ms (cache hit)
264 http cache rollup@https://registry.npmjs.org/rollup/-/rollup-4.54.0.tgz 0ms (cache hit)
265 http cache rfdc@https://registry.npmmirror.com/rfdc/-/rfdc-1.4.1.tgz 0ms (cache hit)
266 http cache restore-cursor@https://registry.npmmirror.com/restore-cursor/-/restore-cursor-3.1.0.tgz 0ms (cache hit)
267 http cache resolve@https://registry.npmjs.org/resolve/-/resolve-2.0.0-next.5.tgz 0ms (cache hit)
268 http cache request-progress@https://registry.npmmirror.com/request-progress/-/request-progress-3.0.0.tgz 0ms (cache hit)
269 http cache react-router-dom@https://registry.npmmirror.com/react-router-dom/-/react-router-dom-7.13.1.tgz 0ms (cache hit)
270 http cache react-router@https://registry.npmmirror.com/react-router/-/react-router-7.13.1.tgz 0ms (cache hit)
271 http cache qs@https://registry.npmmirror.com/qs/-/qs-6.14.2.tgz 0ms (cache hit)
272 http cache process@https://registry.npmmirror.com/process/-/process-0.11.10.tgz 0ms (cache hit)
273 http cache pump@https://registry.npmmirror.com/pump/-/pump-3.0.4.tgz 0ms (cache hit)
274 http cache proxy-from-env@https://registry.npmmirror.com/proxy-from-env/-/proxy-from-env-1.1.0.tgz 0ms (cache hit)
275 http cache pify@https://registry.npmmirror.com/pify/-/pify-2.3.0.tgz 0ms (cache hit)
276 http cache pretty-bytes@https://registry.npmmirror.com/pretty-bytes/-/pretty-bytes-5.6.0.tgz 0ms (cache hit)
277 http cache postcss@https://registry.npmjs.org/postcss/-/postcss-8.5.6.tgz 0ms (cache hit)
278 http cache pend@https://registry.npmmirror.com/pend/-/pend-1.2.0.tgz 0ms (cache hit)
279 http cache performance-now@https://registry.npmmirror.com/performance-now/-/performance-now-2.1.0.tgz 0ms (cache hit)
280 http cache p-map@https://registry.npmmirror.com/p-map/-/p-map-4.0.0.tgz 0ms (cache hit)
281 http cache ospath@https://registry.npmmirror.com/ospath/-/ospath-1.2.2.tgz 0ms (cache hit)
282 http cache nanoid@https://registry.npmjs.org/nanoid/-/nanoid-3.3.11.tgz 0ms (cache hit)
283 http cache motion-utils@https://registry.npmmirror.com/motion-utils/-/motion-utils-12.36.0.tgz 0ms (cache hit)
284 http cache motion-dom@https://registry.npmmirror.com/motion-dom/-/motion-dom-12.38.0.tgz 0ms (cache hit)
285 http cache mlly@https://registry.npmjs.org/mlly/-/mlly-1.8.0.tgz 0ms (cache hit)
286 http cache minimist@https://registry.npmmirror.com/minimist/-/minimist-1.2.8.tgz 0ms (cache hit)
287 http cache minimatch@https://registry.npmjs.org/minimatch/-/minimatch-3.1.2.tgz 0ms (cache hit)
288 http cache lucide-react@https://registry.npmmirror.com/lucide-react/-/lucide-react-0.577.0.tgz 0ms (cache hit)
289 http cache node-releases@https://registry.npmjs.org/node-releases/-/node-releases-2.0.27.tgz 0ms (cache hit)
290 http cache log-update@https://registry.npmmirror.com/log-update/-/log-update-4.0.0.tgz 0ms (cache hit)
291 http cache log-symbols@https://registry.npmmirror.com/log-symbols/-/log-symbols-4.1.0.tgz 0ms (cache hit)
292 http cache lodash.once@https://registry.npmmirror.com/lodash.once/-/lodash.once-4.1.1.tgz 0ms (cache hit)
293 http cache listr2@https://registry.npmmirror.com/listr2/-/listr2-3.14.0.tgz 0ms (cache hit)
294 http cache lodash@https://registry.npmmirror.com/lodash/-/lodash-4.17.23.tgz 0ms (cache hit)
295 http cache jsprim@https://registry.npmmirror.com/jsprim/-/jsprim-2.0.2.tgz 0ms (cache hit)
296 http cache jsonfile@https://registry.npmmirror.com/jsonfile/-/jsonfile-6.2.0.tgz 0ms (cache hit)
297 http cache json-stringify-safe@https://registry.npmmirror.com/json-stringify-safe/-/json-stringify-safe-5.0.1.tgz 0ms (cache hit)
298 http cache json-schema@https://registry.npmmirror.com/json-schema/-/json-schema-0.4.0.tgz 0ms (cache hit)
299 http cache jsbn@https://registry.npmmirror.com/jsbn/-/jsbn-0.1.1.tgz 0ms (cache hit)
300 http cache isstream@https://registry.npmmirror.com/isstream/-/isstream-0.1.2.tgz 0ms (cache hit)
301 http cache is-unicode-supported@https://registry.npmmirror.com/is-unicode-supported/-/is-unicode-supported-0.1.0.tgz 0ms (cache hit)
302 http cache is-typedarray@https://registry.npmmirror.com/is-typedarray/-/is-typedarray-1.0.0.tgz 0ms (cache hit)
303 http cache is-installed-globally@https://registry.npmmirror.com/is-installed-globally/-/is-installed-globally-0.4.0.tgz 0ms (cache hit)
304 http cache is-fullwidth-code-point@https://registry.npmmirror.com/is-fullwidth-code-point/-/is-fullwidth-code-point-3.0.0.tgz 0ms (cache hit)
305 http cache ini@https://registry.npmmirror.com/ini/-/ini-2.0.0.tgz 0ms (cache hit)
306 http cache ieee754@https://registry.npmmirror.com/ieee754/-/ieee754-1.2.1.tgz 0ms (cache hit)
307 http cache hasown@https://registry.npmjs.org/hasown/-/hasown-2.0.2.tgz 0ms (cache hit)
308 http cache hasha@https://registry.npmmirror.com/hasha/-/hasha-5.2.2.tgz 0ms (cache hit)
309 http cache http-signature@https://registry.npmmirror.com/http-signature/-/http-signature-1.4.0.tgz 0ms (cache hit)
310 http cache graceful-fs@https://registry.npmmirror.com/graceful-fs/-/graceful-fs-4.2.11.tgz 0ms (cache hit)
311 http cache global-dirs@https://registry.npmmirror.com/global-dirs/-/global-dirs-3.0.1.tgz 0ms (cache hit)
312 http cache globals@https://registry.npmmirror.com/globals/-/globals-17.4.0.tgz 0ms (cache hit)
313 http cache fs-extra@https://registry.npmmirror.com/fs-extra/-/fs-extra-9.1.0.tgz 0ms (cache hit)
314 http cache getpass@https://registry.npmmirror.com/getpass/-/getpass-0.1.7.tgz 0ms (cache hit)
315 http cache framer-motion@https://registry.npmmirror.com/framer-motion/-/framer-motion-12.38.0.tgz 0ms (cache hit)
316 http cache forever-agent@https://registry.npmmirror.com/forever-agent/-/forever-agent-0.6.1.tgz 0ms (cache hit)
317 http cache follow-redirects@https://registry.npmmirror.com/follow-redirects/-/follow-redirects-1.15.11.tgz 0ms (cache hit)
318 http cache flatted@https://registry.npmjs.org/flatted/-/flatted-3.3.3.tgz 0ms (cache hit)
319 http cache figures@https://registry.npmmirror.com/figures/-/figures-3.2.0.tgz 0ms (cache hit)
320 http cache fd-slicer@https://registry.npmmirror.com/fd-slicer/-/fd-slicer-1.1.0.tgz 0ms (cache hit)
321 http cache extsprintf@https://registry.npmmirror.com/extsprintf/-/extsprintf-1.3.0.tgz 0ms (cache hit)
322 http cache extract-zip@https://registry.npmmirror.com/extract-zip/-/extract-zip-2.0.1.tgz 0ms (cache hit)
323 http cache executable@https://registry.npmmirror.com/executable/-/executable-4.1.1.tgz 0ms (cache hit)
324 http cache extend@https://registry.npmmirror.com/extend/-/extend-3.0.2.tgz 0ms (cache hit)
325 http cache eventemitter2@https://registry.npmmirror.com/eventemitter2/-/eventemitter2-6.4.7.tgz 0ms (cache hit)
326 http cache es-iterator-helpers@https://registry.npmjs.org/es-iterator-helpers/-/es-iterator-helpers-1.2.2.tgz 0ms (cache hit)
327 http cache enquirer@https://registry.npmmirror.com/enquirer/-/enquirer-2.4.1.tgz 0ms (cache hit)
328 http cache es-abstract@https://registry.npmjs.org/es-abstract/-/es-abstract-1.24.1.tgz 0ms (cache hit)
329 http cache end-of-stream@https://registry.npmmirror.com/end-of-stream/-/end-of-stream-1.4.5.tgz 0ms (cache hit)
330 http cache emoji-regex@https://registry.npmmirror.com/emoji-regex/-/emoji-regex-8.0.0.tgz 0ms (cache hit)
331 http cache ecc-jsbn@https://registry.npmmirror.com/ecc-jsbn/-/ecc-jsbn-0.1.2.tgz 0ms (cache hit)
332 http cache electron-to-chromium@https://registry.npmjs.org/electron-to-chromium/-/electron-to-chromium-1.5.267.tgz 0ms (cache hit)
333 http cache dayjs@https://registry.npmmirror.com/dayjs/-/dayjs-1.11.20.tgz 0ms (cache hit)
334 http cache dashdash@https://registry.npmmirror.com/dashdash/-/dashdash-1.14.1.tgz 0ms (cache hit)
335 http cache cypress@https://registry.npmmirror.com/cypress/-/cypress-15.12.0.tgz 0ms (cache hit)
336 http cache core-util-is@https://registry.npmmirror.com/core-util-is/-/core-util-is-1.0.2.tgz 0ms (cache hit)
337 http cache cookie@https://registry.npmmirror.com/cookie/-/cookie-1.1.1.tgz 0ms (cache hit)
338 http cache common-tags@https://registry.npmmirror.com/common-tags/-/common-tags-1.8.2.tgz 0ms (cache hit)
339 http cache commander@https://registry.npmmirror.com/commander/-/commander-6.2.1.tgz 0ms (cache hit)
340 http cache colors@https://registry.npmmirror.com/colors/-/colors-1.4.0.tgz 0ms (cache hit)
341 http cache colorette@https://registry.npmmirror.com/colorette/-/colorette-2.0.20.tgz 0ms (cache hit)
342 http cache cli-truncate@https://registry.npmmirror.com/cli-truncate/-/cli-truncate-2.1.0.tgz 0ms (cache hit)
343 http cache cli-cursor@https://registry.npmmirror.com/cli-cursor/-/cli-cursor-3.1.0.tgz 0ms (cache hit)
344 http cache cli-table3@https://registry.npmmirror.com/cli-table3/-/cli-table3-0.6.1.tgz 0ms (cache hit)
345 http cache clean-stack@https://registry.npmmirror.com/clean-stack/-/clean-stack-2.2.0.tgz 0ms (cache hit)
346 http cache ci-info@https://registry.npmmirror.com/ci-info/-/ci-info-4.4.0.tgz 0ms (cache hit)
347 http cache caseless@https://registry.npmmirror.com/caseless/-/caseless-0.12.0.tgz 0ms (cache hit)
348 http cache caniuse-lite@https://registry.npmjs.org/caniuse-lite/-/caniuse-lite-1.0.30001762.tgz 0ms (cache hit)
349 http cache cachedir@https://registry.npmmirror.com/cachedir/-/cachedir-2.4.0.tgz 0ms (cache hit)
350 http cache call-bind@https://registry.npmjs.org/call-bind/-/call-bind-1.0.8.tgz 0ms (cache hit)
351 http cache buffer-crc32@https://registry.npmmirror.com/buffer-crc32/-/buffer-crc32-0.2.13.tgz 0ms (cache hit)
352 http cache buffer@https://registry.npmmirror.com/buffer/-/buffer-5.7.1.tgz 0ms (cache hit)
353 http cache browserslist@https://registry.npmjs.org/browserslist/-/browserslist-4.28.1.tgz 0ms (cache hit)
354 http cache brace-expansion@https://registry.npmjs.org/brace-expansion/-/brace-expansion-1.1.12.tgz 0ms (cache hit)
355 http cache bluebird@https://registry.npmmirror.com/bluebird/-/bluebird-3.7.2.tgz 0ms (cache hit)
356 http cache blob-util@https://registry.npmmirror.com/blob-util/-/blob-util-2.0.2.tgz 0ms (cache hit)
357 http cache bcrypt-pbkdf@https://registry.npmmirror.com/bcrypt-pbkdf/-/bcrypt-pbkdf-1.0.2.tgz 0ms (cache hit)
358 http cache baseline-browser-mapping@https://registry.npmjs.org/baseline-browser-mapping/-/baseline-browser-mapping-2.9.11.tgz 0ms (cache hit)
359 http cache base64-js@https://registry.npmmirror.com/base64-js/-/base64-js-1.5.1.tgz 0ms (cache hit)
360 http cache axios@https://registry.npmmirror.com/axios/-/axios-1.13.6.tgz 0ms (cache hit)
361 http cache aws4@https://registry.npmmirror.com/aws4/-/aws4-1.13.2.tgz 0ms (cache hit)
362 http cache aws-sign2@https://registry.npmmirror.com/aws-sign2/-/aws-sign2-0.7.0.tgz 0ms (cache hit)
363 http cache at-least-node@https://registry.npmmirror.com/at-least-node/-/at-least-node-1.0.0.tgz 0ms (cache hit)
364 http cache astral-regex@https://registry.npmmirror.com/astral-regex/-/astral-regex-2.0.0.tgz 0ms (cache hit)
365 http cache assert-plus@https://registry.npmmirror.com/assert-plus/-/assert-plus-1.0.0.tgz 0ms (cache hit)
366 http cache asn1@https://registry.npmmirror.com/asn1/-/asn1-0.2.6.tgz 0ms (cache hit)
367 http cache arch@https://registry.npmmirror.com/arch/-/arch-2.2.0.tgz 0ms (cache hit)
368 http cache ansi-escapes@https://registry.npmmirror.com/ansi-escapes/-/ansi-escapes-4.3.2.tgz 0ms (cache hit)
369 http cache ansi-colors@https://registry.npmmirror.com/ansi-colors/-/ansi-colors-4.1.3.tgz 0ms (cache hit)
370 http cache ajv@https://registry.npmjs.org/ajv/-/ajv-6.12.6.tgz 0ms (cache hit)
371 http cache aggregate-error@https://registry.npmmirror.com/aggregate-error/-/aggregate-error-3.1.0.tgz 0ms (cache hit)
372 http cache acorn-walk@https://registry.npmjs.org/acorn-walk/-/acorn-walk-8.3.4.tgz 0ms (cache hit)
373 http cache acorn@https://registry.npmjs.org/acorn/-/acorn-8.15.0.tgz 0ms (cache hit)
374 http cache debug@https://registry.npmmirror.com/debug/-/debug-3.2.7.tgz 0ms (cache hit)
375 http cache tough-cookie@https://registry.npmmirror.com/tough-cookie/-/tough-cookie-5.1.2.tgz 0ms (cache hit)
376 http cache onetime@https://registry.npmmirror.com/onetime/-/onetime-5.1.2.tgz 0ms (cache hit)
377 http cache mimic-fn@https://registry.npmmirror.com/mimic-fn/-/mimic-fn-2.1.0.tgz 0ms (cache hit)
378 http cache signal-exit@https://registry.npmmirror.com/signal-exit/-/signal-exit-3.0.7.tgz 0ms (cache hit)
379 http cache slice-ansi@https://registry.npmmirror.com/slice-ansi/-/slice-ansi-4.0.0.tgz 0ms (cache hit)
380 http cache universalify@https://registry.npmmirror.com/universalify/-/universalify-2.0.1.tgz 0ms (cache hit)
381 http cache wrap-ansi@https://registry.npmmirror.com/wrap-ansi/-/wrap-ansi-6.2.0.tgz 0ms (cache hit)
382 http cache type-fest@https://registry.npmmirror.com/type-fest/-/type-fest-0.8.1.tgz 0ms (cache hit)
383 http cache is-stream@https://registry.npmmirror.com/is-stream/-/is-stream-2.0.1.tgz 0ms (cache hit)
384 http cache universalify@https://registry.npmmirror.com/universalify/-/universalify-2.0.1.tgz 0ms (cache hit)
385 http cache escape-string-regexp@https://registry.npmmirror.com/escape-string-regexp/-/escape-string-regexp-1.0.5.tgz 0ms (cache hit)
386 http cache get-stream@https://registry.npmmirror.com/get-stream/-/get-stream-5.2.0.tgz 0ms (cache hit)
387 http cache supports-color@https://registry.npmmirror.com/supports-color/-/supports-color-8.1.1.tgz 0ms (cache hit)
388 http cache tslib@https://registry.npmmirror.com/tslib/-/tslib-1.14.1.tgz 0ms (cache hit)
389 http cache strip-final-newline@https://registry.npmmirror.com/strip-final-newline/-/strip-final-newline-2.0.0.tgz 0ms (cache hit)
390 http cache signal-exit@https://registry.npmmirror.com/signal-exit/-/signal-exit-3.0.7.tgz 0ms (cache hit)
391 http cache proxy-from-env@https://registry.npmmirror.com/proxy-from-env/-/proxy-from-env-1.0.0.tgz 0ms (cache hit)
392 http cache onetime@https://registry.npmmirror.com/onetime/-/onetime-5.1.2.tgz 0ms (cache hit)
393 http cache npm-run-path@https://registry.npmmirror.com/npm-run-path/-/npm-run-path-4.0.1.tgz 0ms (cache hit)
394 http cache get-stream@https://registry.npmmirror.com/get-stream/-/get-stream-5.2.0.tgz 0ms (cache hit)
395 http cache execa@https://registry.npmmirror.com/execa/-/execa-4.1.0.tgz 0ms (cache hit)
396 http cache mimic-fn@https://registry.npmmirror.com/mimic-fn/-/mimic-fn-2.1.0.tgz 0ms (cache hit)
397 http cache is-stream@https://registry.npmmirror.com/is-stream/-/is-stream-2.0.1.tgz 0ms (cache hit)
398 http cache human-signals@https://registry.npmmirror.com/human-signals/-/human-signals-1.1.1.tgz 0ms (cache hit)
399 http cache type-fest@https://registry.npmmirror.com/type-fest/-/type-fest-0.21.3.tgz 0ms (cache hit)
400 silly tarball no local data for why-is-node-running@https://registry.npmjs.org/why-is-node-running/-/why-is-node-running-2.3.0.tgz. Extracting by manifest.
401 silly tarball no local data for vite-node@https://registry.npmjs.org/vite-node/-/vite-node-1.6.1.tgz. Extracting by manifest.
402 silly tarball no local data for vitest@https://registry.npmjs.org/vitest/-/vitest-1.6.1.tgz. Extracting by manifest.
403 silly tarball no local data for which@https://registry.npmjs.org/which/-/which-2.0.2.tgz. Extracting by manifest.
404 silly tarball no local data for update-browserslist-db@https://registry.npmjs.org/update-browserslist-db/-/update-browserslist-db-1.2.3.tgz. Extracting by manifest.
405 silly tarball no local data for vite@https://registry.npmjs.org/vite/-/vite-5.4.21.tgz. Extracting by manifest.
406 silly tarball no local data for semver@https://registry.npmjs.org/semver/-/semver-6.3.1.tgz. Extracting by manifest.
407 silly tarball no local data for rimraf@https://registry.npmjs.org/rimraf/-/rimraf-3.0.2.tgz. Extracting by manifest.
408 silly tarball no local data for lz-string@https://registry.npmjs.org/lz-string/-/lz-string-1.5.0.tgz. Extracting by manifest.
409 silly tarball no local data for loose-envify@https://registry.npmjs.org/loose-envify/-/loose-envify-1.4.0.tgz. Extracting by manifest.
410 silly tarball no local data for json5@https://registry.npmjs.org/json5/-/json5-2.2.3.tgz. Extracting by manifest.
411 silly tarball no local data for jsesc@https://registry.npmjs.org/jsesc/-/jsesc-3.1.0.tgz. Extracting by manifest.
412 silly tarball no local data for js-yaml@https://registry.npmjs.org/js-yaml/-/js-yaml-4.1.1.tgz. Extracting by manifest.
413 silly tarball no local data for eslint@https://registry.npmmirror.com/eslint/-/eslint-8.57.1.tgz. Extracting by manifest.
414 silly tarball no local data for esbuild@https://registry.npmjs.org/esbuild/-/esbuild-0.21.5.tgz. Extracting by manifest.
415 silly tarball no local data for @types/tmp@https://registry.npmmirror.com/@types/tmp/-/tmp-0.2.6.tgz. Extracting by manifest.
416 silly tarball no local data for @types/sizzle@https://registry.npmmirror.com/@types/sizzle/-/sizzle-2.3.10.tgz. Extracting by manifest.
417 silly tarball no local data for @types/sinonjs__fake-timers@https://registry.npmmirror.com/@types/sinonjs__fake-timers/-/sinonjs__fake-timers-8.1.1.tgz. Extracting by manifest.
418 silly tarball no local data for @types/react@https://registry.npmjs.org/@types/react/-/react-18.3.27.tgz. Extracting by manifest.
419 silly tarball no local data for @sinclair/typebox@https://registry.npmjs.org/@sinclair/typebox/-/typebox-0.27.8.tgz. Extracting by manifest.
420 silly tarball no local data for @rollup/rollup-darwin-arm64@https://registry.npmjs.org/@rollup/rollup-darwin-arm64/-/rollup-darwin-arm64-4.54.0.tgz. Extracting by manifest.
421 silly tarball no local data for @cypress/xvfb@https://registry.npmmirror.com/@cypress/xvfb/-/xvfb-1.2.4.tgz. Extracting by manifest.
422 silly tarball no local data for @cypress/request@https://registry.npmmirror.com/@cypress/request/-/request-3.0.10.tgz. Extracting by manifest.
423 silly tarball no local data for @babel/traverse@https://registry.npmjs.org/@babel/traverse/-/traverse-7.28.5.tgz. Extracting by manifest.
424 silly tarball no local data for @babel/runtime@https://registry.npmjs.org/@babel/runtime/-/runtime-7.28.4.tgz. Extracting by manifest.
425 silly tarball no local data for @babel/template@https://registry.npmjs.org/@babel/template/-/template-7.27.2.tgz. Extracting by manifest.
426 silly tarball no local data for @babel/parser@https://registry.npmjs.org/@babel/parser/-/parser-7.28.5.tgz. Extracting by manifest.
427 silly tarball no local data for @babel/helpers@https://registry.npmjs.org/@babel/helpers/-/helpers-7.28.4.tgz. Extracting by manifest.
428 silly tarball no local data for @babel/helper-plugin-utils@https://registry.npmjs.org/@babel/helper-plugin-utils/-/helper-plugin-utils-7.27.1.tgz. Extracting by manifest.
429 silly tarball no local data for @babel/helper-module-transforms@https://registry.npmjs.org/@babel/helper-module-transforms/-/helper-module-transforms-7.28.3.tgz. Extracting by manifest.
430 silly tarball no local data for @babel/types@https://registry.npmjs.org/@babel/types/-/types-7.28.5.tgz. Extracting by manifest.
431 silly tarball no local data for @babel/helper-module-imports@https://registry.npmjs.org/@babel/helper-module-imports/-/helper-module-imports-7.27.1.tgz. Extracting by manifest.
432 silly tarball no local data for @babel/helper-compilation-targets@https://registry.npmjs.org/@babel/helper-compilation-targets/-/helper-compilation-targets-7.27.2.tgz. Extracting by manifest.
433 silly tarball no local data for @babel/generator@https://registry.npmjs.org/@babel/generator/-/generator-7.28.5.tgz. Extracting by manifest.
434 silly tarball no local data for @babel/core@https://registry.npmjs.org/@babel/core/-/core-7.28.5.tgz. Extracting by manifest.
435 silly tarball no local data for @babel/compat-data@https://registry.npmjs.org/@babel/compat-data/-/compat-data-7.28.5.tgz. Extracting by manifest.
436 silly tarball no local data for @babel/code-frame@https://registry.npmjs.org/@babel/code-frame/-/code-frame-7.27.1.tgz. Extracting by manifest.
437 silly tarball no local data for yauzl@https://registry.npmmirror.com/yauzl/-/yauzl-2.10.0.tgz. Extracting by manifest.
438 silly tarball no local data for ws@https://registry.npmjs.org/ws/-/ws-8.18.3.tgz. Extracting by manifest.
439 silly tarball no local data for wrap-ansi@https://registry.npmmirror.com/wrap-ansi/-/wrap-ansi-7.0.0.tgz. Extracting by manifest.
440 silly tarball no local data for which-typed-array@https://registry.npmjs.org/which-typed-array/-/which-typed-array-1.1.19.tgz. Extracting by manifest.
441 silly tarball no local data for verror@https://registry.npmmirror.com/verror/-/verror-1.10.0.tgz. Extracting by manifest.
442 silly tarball no local data for uuid@https://registry.npmmirror.com/uuid/-/uuid-8.3.2.tgz. Extracting by manifest.
443 silly tarball no local data for untildify@https://registry.npmmirror.com/untildify/-/untildify-4.0.0.tgz. Extracting by manifest.
444 silly tarball no local data for ufo@https://registry.npmjs.org/ufo/-/ufo-1.6.1.tgz. Extracting by manifest.
445 silly tarball no local data for tweetnacl@https://registry.npmmirror.com/tweetnacl/-/tweetnacl-0.14.5.tgz. Extracting by manifest.
446 silly tarball no local data for tunnel-agent@https://registry.npmmirror.com/tunnel-agent/-/tunnel-agent-0.6.0.tgz. Extracting by manifest.
447 silly tarball no local data for tslib@https://registry.npmmirror.com/tslib/-/tslib-2.8.1.tgz. Extracting by manifest.
448 silly tarball no local data for tree-kill@https://registry.npmmirror.com/tree-kill/-/tree-kill-1.2.2.tgz. Extracting by manifest.
449 silly tarball no local data for tmp@https://registry.npmmirror.com/tmp/-/tmp-0.2.5.tgz. Extracting by manifest.
450 silly tarball no local data for tldts-core@https://registry.npmmirror.com/tldts-core/-/tldts-core-6.1.86.tgz. Extracting by manifest.
451 silly tarball no local data for tldts@https://registry.npmmirror.com/tldts/-/tldts-6.1.86.tgz. Extracting by manifest.
452 silly tarball no local data for through@https://registry.npmmirror.com/through/-/through-2.3.8.tgz. Extracting by manifest.
453 silly tarball no local data for throttleit@https://registry.npmmirror.com/throttleit/-/throttleit-1.0.1.tgz. Extracting by manifest.
454 silly tarball no local data for systeminformation@https://registry.npmmirror.com/systeminformation/-/systeminformation-5.31.4.tgz. Extracting by manifest.
455 silly tarball no local data for string-width@https://registry.npmmirror.com/string-width/-/string-width-4.2.3.tgz. Extracting by manifest.
456 silly tarball no local data for sshpk@https://registry.npmmirror.com/sshpk/-/sshpk-1.18.0.tgz. Extracting by manifest.
457 silly tarball no local data for slice-ansi@https://registry.npmmirror.com/slice-ansi/-/slice-ansi-3.0.0.tgz. Extracting by manifest.
458 silly tarball no local data for side-channel-list@https://registry.npmjs.org/side-channel-list/-/side-channel-list-1.0.0.tgz. Extracting by manifest.
459 silly tarball no local data for set-cookie-parser@https://registry.npmmirror.com/set-cookie-parser/-/set-cookie-parser-2.7.2.tgz. Extracting by manifest.
460 silly tarball no local data for safe-buffer@https://registry.npmmirror.com/safe-buffer/-/safe-buffer-5.2.1.tgz. Extracting by manifest.
461 silly tarball no local data for safe-array-concat@https://registry.npmjs.org/safe-array-concat/-/safe-array-concat-1.1.3.tgz. Extracting by manifest.
462 silly tarball no local data for rxjs@https://registry.npmmirror.com/rxjs/-/rxjs-7.8.2.tgz. Extracting by manifest.
463 silly tarball no local data for rollup@https://registry.npmjs.org/rollup/-/rollup-4.54.0.tgz. Extracting by manifest.
464 silly tarball no local data for rfdc@https://registry.npmmirror.com/rfdc/-/rfdc-1.4.1.tgz. Extracting by manifest.
465 silly tarball no local data for restore-cursor@https://registry.npmmirror.com/restore-cursor/-/restore-cursor-3.1.0.tgz. Extracting by manifest.
466 silly tarball no local data for resolve@https://registry.npmjs.org/resolve/-/resolve-2.0.0-next.5.tgz. Extracting by manifest.
467 silly tarball no local data for request-progress@https://registry.npmmirror.com/request-progress/-/request-progress-3.0.0.tgz. Extracting by manifest.
468 silly tarball no local data for react-router-dom@https://registry.npmmirror.com/react-router-dom/-/react-router-dom-7.13.1.tgz. Extracting by manifest.
469 silly tarball no local data for react-router@https://registry.npmmirror.com/react-router/-/react-router-7.13.1.tgz. Extracting by manifest.
470 silly tarball no local data for qs@https://registry.npmmirror.com/qs/-/qs-6.14.2.tgz. Extracting by manifest.
471 silly tarball no local data for process@https://registry.npmmirror.com/process/-/process-0.11.10.tgz. Extracting by manifest.
472 silly tarball no local data for pump@https://registry.npmmirror.com/pump/-/pump-3.0.4.tgz. Extracting by manifest.
473 silly tarball no local data for proxy-from-env@https://registry.npmmirror.com/proxy-from-env/-/proxy-from-env-1.1.0.tgz. Extracting by manifest.
474 silly tarball no local data for pify@https://registry.npmmirror.com/pify/-/pify-2.3.0.tgz. Extracting by manifest.
475 silly tarball no local data for pretty-bytes@https://registry.npmmirror.com/pretty-bytes/-/pretty-bytes-5.6.0.tgz. Extracting by manifest.
476 silly tarball no local data for postcss@https://registry.npmjs.org/postcss/-/postcss-8.5.6.tgz. Extracting by manifest.
477 silly tarball no local data for pend@https://registry.npmmirror.com/pend/-/pend-1.2.0.tgz. Extracting by manifest.
478 silly tarball no local data for performance-now@https://registry.npmmirror.com/performance-now/-/performance-now-2.1.0.tgz. Extracting by manifest.
479 silly tarball no local data for p-map@https://registry.npmmirror.com/p-map/-/p-map-4.0.0.tgz. Extracting by manifest.
480 silly tarball no local data for ospath@https://registry.npmmirror.com/ospath/-/ospath-1.2.2.tgz. Extracting by manifest.
481 silly tarball no local data for nanoid@https://registry.npmjs.org/nanoid/-/nanoid-3.3.11.tgz. Extracting by manifest.
482 silly tarball no local data for motion-utils@https://registry.npmmirror.com/motion-utils/-/motion-utils-12.36.0.tgz. Extracting by manifest.
483 silly tarball no local data for motion-dom@https://registry.npmmirror.com/motion-dom/-/motion-dom-12.38.0.tgz. Extracting by manifest.
484 silly tarball no local data for mlly@https://registry.npmjs.org/mlly/-/mlly-1.8.0.tgz. Extracting by manifest.
485 silly tarball no local data for minimist@https://registry.npmmirror.com/minimist/-/minimist-1.2.8.tgz. Extracting by manifest.
486 silly tarball no local data for minimatch@https://registry.npmjs.org/minimatch/-/minimatch-3.1.2.tgz. Extracting by manifest.
487 silly tarball no local data for lucide-react@https://registry.npmmirror.com/lucide-react/-/lucide-react-0.577.0.tgz. Extracting by manifest.
488 silly tarball no local data for node-releases@https://registry.npmjs.org/node-releases/-/node-releases-2.0.27.tgz. Extracting by manifest.
489 silly tarball no local data for log-update@https://registry.npmmirror.com/log-update/-/log-update-4.0.0.tgz. Extracting by manifest.
490 silly tarball no local data for log-symbols@https://registry.npmmirror.com/log-symbols/-/log-symbols-4.1.0.tgz. Extracting by manifest.
491 silly tarball no local data for lodash.once@https://registry.npmmirror.com/lodash.once/-/lodash.once-4.1.1.tgz. Extracting by manifest.
492 silly tarball no local data for listr2@https://registry.npmmirror.com/listr2/-/listr2-3.14.0.tgz. Extracting by manifest.
493 silly tarball no local data for lodash@https://registry.npmmirror.com/lodash/-/lodash-4.17.23.tgz. Extracting by manifest.
494 silly tarball no local data for jsprim@https://registry.npmmirror.com/jsprim/-/jsprim-2.0.2.tgz. Extracting by manifest.
495 silly tarball no local data for jsonfile@https://registry.npmmirror.com/jsonfile/-/jsonfile-6.2.0.tgz. Extracting by manifest.
496 silly tarball no local data for json-stringify-safe@https://registry.npmmirror.com/json-stringify-safe/-/json-stringify-safe-5.0.1.tgz. Extracting by manifest.
497 silly tarball no local data for json-schema@https://registry.npmmirror.com/json-schema/-/json-schema-0.4.0.tgz. Extracting by manifest.
498 silly tarball no local data for jsbn@https://registry.npmmirror.com/jsbn/-/jsbn-0.1.1.tgz. Extracting by manifest.
499 silly tarball no local data for isstream@https://registry.npmmirror.com/isstream/-/isstream-0.1.2.tgz. Extracting by manifest.
500 silly tarball no local data for is-unicode-supported@https://registry.npmmirror.com/is-unicode-supported/-/is-unicode-supported-0.1.0.tgz. Extracting by manifest.
501 silly tarball no local data for is-typedarray@https://registry.npmmirror.com/is-typedarray/-/is-typedarray-1.0.0.tgz. Extracting by manifest.
502 silly tarball no local data for is-installed-globally@https://registry.npmmirror.com/is-installed-globally/-/is-installed-globally-0.4.0.tgz. Extracting by manifest.
503 silly tarball no local data for is-fullwidth-code-point@https://registry.npmmirror.com/is-fullwidth-code-point/-/is-fullwidth-code-point-3.0.0.tgz. Extracting by manifest.
504 silly tarball no local data for ini@https://registry.npmmirror.com/ini/-/ini-2.0.0.tgz. Extracting by manifest.
505 silly tarball no local data for ieee754@https://registry.npmmirror.com/ieee754/-/ieee754-1.2.1.tgz. Extracting by manifest.
506 silly tarball no local data for hasown@https://registry.npmjs.org/hasown/-/hasown-2.0.2.tgz. Extracting by manifest.
507 silly tarball no local data for hasha@https://registry.npmmirror.com/hasha/-/hasha-5.2.2.tgz. Extracting by manifest.
508 silly tarball no local data for http-signature@https://registry.npmmirror.com/http-signature/-/http-signature-1.4.0.tgz. Extracting by manifest.
509 silly tarball no local data for graceful-fs@https://registry.npmmirror.com/graceful-fs/-/graceful-fs-4.2.11.tgz. Extracting by manifest.
510 silly tarball no local data for global-dirs@https://registry.npmmirror.com/global-dirs/-/global-dirs-3.0.1.tgz. Extracting by manifest.
511 silly tarball no local data for globals@https://registry.npmmirror.com/globals/-/globals-17.4.0.tgz. Extracting by manifest.
512 silly tarball no local data for fs-extra@https://registry.npmmirror.com/fs-extra/-/fs-extra-9.1.0.tgz. Extracting by manifest.
513 silly tarball no local data for getpass@https://registry.npmmirror.com/getpass/-/getpass-0.1.7.tgz. Extracting by manifest.
514 silly tarball no local data for framer-motion@https://registry.npmmirror.com/framer-motion/-/framer-motion-12.38.0.tgz. Extracting by manifest.
515 silly tarball no local data for forever-agent@https://registry.npmmirror.com/forever-agent/-/forever-agent-0.6.1.tgz. Extracting by manifest.
516 silly tarball no local data for follow-redirects@https://registry.npmmirror.com/follow-redirects/-/follow-redirects-1.15.11.tgz. Extracting by manifest.
517 silly tarball no local data for flatted@https://registry.npmjs.org/flatted/-/flatted-3.3.3.tgz. Extracting by manifest.
518 silly tarball no local data for figures@https://registry.npmmirror.com/figures/-/figures-3.2.0.tgz. Extracting by manifest.
519 silly tarball no local data for fd-slicer@https://registry.npmmirror.com/fd-slicer/-/fd-slicer-1.1.0.tgz. Extracting by manifest.
520 silly tarball no local data for extsprintf@https://registry.npmmirror.com/extsprintf/-/extsprintf-1.3.0.tgz. Extracting by manifest.
521 silly tarball no local data for extract-zip@https://registry.npmmirror.com/extract-zip/-/extract-zip-2.0.1.tgz. Extracting by manifest.
522 silly tarball no local data for executable@https://registry.npmmirror.com/executable/-/executable-4.1.1.tgz. Extracting by manifest.
523 silly tarball no local data for extend@https://registry.npmmirror.com/extend/-/extend-3.0.2.tgz. Extracting by manifest.
524 silly tarball no local data for eventemitter2@https://registry.npmmirror.com/eventemitter2/-/eventemitter2-6.4.7.tgz. Extracting by manifest.
525 silly tarball no local data for es-iterator-helpers@https://registry.npmjs.org/es-iterator-helpers/-/es-iterator-helpers-1.2.2.tgz. Extracting by manifest.
526 silly tarball no local data for enquirer@https://registry.npmmirror.com/enquirer/-/enquirer-2.4.1.tgz. Extracting by manifest.
527 silly tarball no local data for es-abstract@https://registry.npmjs.org/es-abstract/-/es-abstract-1.24.1.tgz. Extracting by manifest.
528 silly tarball no local data for end-of-stream@https://registry.npmmirror.com/end-of-stream/-/end-of-stream-1.4.5.tgz. Extracting by manifest.
529 silly tarball no local data for emoji-regex@https://registry.npmmirror.com/emoji-regex/-/emoji-regex-8.0.0.tgz. Extracting by manifest.
530 silly tarball no local data for ecc-jsbn@https://registry.npmmirror.com/ecc-jsbn/-/ecc-jsbn-0.1.2.tgz. Extracting by manifest.
531 silly tarball no local data for electron-to-chromium@https://registry.npmjs.org/electron-to-chromium/-/electron-to-chromium-1.5.267.tgz. Extracting by manifest.
532 silly tarball no local data for dayjs@https://registry.npmmirror.com/dayjs/-/dayjs-1.11.20.tgz. Extracting by manifest.
533 silly tarball no local data for dashdash@https://registry.npmmirror.com/dashdash/-/dashdash-1.14.1.tgz. Extracting by manifest.
534 silly tarball no local data for cypress@https://registry.npmmirror.com/cypress/-/cypress-15.12.0.tgz. Extracting by manifest.
535 silly tarball no local data for core-util-is@https://registry.npmmirror.com/core-util-is/-/core-util-is-1.0.2.tgz. Extracting by manifest.
536 silly tarball no local data for cookie@https://registry.npmmirror.com/cookie/-/cookie-1.1.1.tgz. Extracting by manifest.
537 silly tarball no local data for common-tags@https://registry.npmmirror.com/common-tags/-/common-tags-1.8.2.tgz. Extracting by manifest.
538 silly tarball no local data for commander@https://registry.npmmirror.com/commander/-/commander-6.2.1.tgz. Extracting by manifest.
539 silly tarball no local data for colors@https://registry.npmmirror.com/colors/-/colors-1.4.0.tgz. Extracting by manifest.
540 silly tarball no local data for colorette@https://registry.npmmirror.com/colorette/-/colorette-2.0.20.tgz. Extracting by manifest.
541 silly tarball no local data for cli-truncate@https://registry.npmmirror.com/cli-truncate/-/cli-truncate-2.1.0.tgz. Extracting by manifest.
542 silly tarball no local data for cli-cursor@https://registry.npmmirror.com/cli-cursor/-/cli-cursor-3.1.0.tgz. Extracting by manifest.
543 silly tarball no local data for cli-table3@https://registry.npmmirror.com/cli-table3/-/cli-table3-0.6.1.tgz. Extracting by manifest.
544 silly tarball no local data for clean-stack@https://registry.npmmirror.com/clean-stack/-/clean-stack-2.2.0.tgz. Extracting by manifest.
545 silly tarball no local data for ci-info@https://registry.npmmirror.com/ci-info/-/ci-info-4.4.0.tgz. Extracting by manifest.
546 silly tarball no local data for caseless@https://registry.npmmirror.com/caseless/-/caseless-0.12.0.tgz. Extracting by manifest.
547 silly tarball no local data for caniuse-lite@https://registry.npmjs.org/caniuse-lite/-/caniuse-lite-1.0.30001762.tgz. Extracting by manifest.
548 silly tarball no local data for cachedir@https://registry.npmmirror.com/cachedir/-/cachedir-2.4.0.tgz. Extracting by manifest.
549 silly tarball no local data for call-bind@https://registry.npmjs.org/call-bind/-/call-bind-1.0.8.tgz. Extracting by manifest.
550 silly tarball no local data for buffer-crc32@https://registry.npmmirror.com/buffer-crc32/-/buffer-crc32-0.2.13.tgz. Extracting by manifest.
551 silly tarball no local data for buffer@https://registry.npmmirror.com/buffer/-/buffer-5.7.1.tgz. Extracting by manifest.
552 silly tarball no local data for browserslist@https://registry.npmjs.org/browserslist/-/browserslist-4.28.1.tgz. Extracting by manifest.
553 silly tarball no local data for brace-expansion@https://registry.npmjs.org/brace-expansion/-/brace-expansion-1.1.12.tgz. Extracting by manifest.
554 silly tarball no local data for bluebird@https://registry.npmmirror.com/bluebird/-/bluebird-3.7.2.tgz. Extracting by manifest.
555 silly tarball no local data for blob-util@https://registry.npmmirror.com/blob-util/-/blob-util-2.0.2.tgz. Extracting by manifest.
556 silly tarball no local data for bcrypt-pbkdf@https://registry.npmmirror.com/bcrypt-pbkdf/-/bcrypt-pbkdf-1.0.2.tgz. Extracting by manifest.
557 silly tarball no local data for baseline-browser-mapping@https://registry.npmjs.org/baseline-browser-mapping/-/baseline-browser-mapping-2.9.11.tgz. Extracting by manifest.
558 silly tarball no local data for base64-js@https://registry.npmmirror.com/base64-js/-/base64-js-1.5.1.tgz. Extracting by manifest.
559 silly tarball no local data for axios@https://registry.npmmirror.com/axios/-/axios-1.13.6.tgz. Extracting by manifest.
560 silly tarball no local data for aws4@https://registry.npmmirror.com/aws4/-/aws4-1.13.2.tgz. Extracting by manifest.
561 silly tarball no local data for aws-sign2@https://registry.npmmirror.com/aws-sign2/-/aws-sign2-0.7.0.tgz. Extracting by manifest.
562 silly tarball no local data for at-least-node@https://registry.npmmirror.com/at-least-node/-/at-least-node-1.0.0.tgz. Extracting by manifest.
563 silly tarball no local data for astral-regex@https://registry.npmmirror.com/astral-regex/-/astral-regex-2.0.0.tgz. Extracting by manifest.
564 silly tarball no local data for assert-plus@https://registry.npmmirror.com/assert-plus/-/assert-plus-1.0.0.tgz. Extracting by manifest.
565 silly tarball no local data for asn1@https://registry.npmmirror.com/asn1/-/asn1-0.2.6.tgz. Extracting by manifest.
566 silly tarball no local data for arch@https://registry.npmmirror.com/arch/-/arch-2.2.0.tgz. Extracting by manifest.
567 silly tarball no local data for ansi-escapes@https://registry.npmmirror.com/ansi-escapes/-/ansi-escapes-4.3.2.tgz. Extracting by manifest.
568 silly tarball no local data for ansi-colors@https://registry.npmmirror.com/ansi-colors/-/ansi-colors-4.1.3.tgz. Extracting by manifest.
569 silly tarball no local data for ajv@https://registry.npmjs.org/ajv/-/ajv-6.12.6.tgz. Extracting by manifest.
570 silly tarball no local data for aggregate-error@https://registry.npmmirror.com/aggregate-error/-/aggregate-error-3.1.0.tgz. Extracting by manifest.
571 silly tarball no local data for acorn-walk@https://registry.npmjs.org/acorn-walk/-/acorn-walk-8.3.4.tgz. Extracting by manifest.
572 silly tarball no local data for acorn@https://registry.npmjs.org/acorn/-/acorn-8.15.0.tgz. Extracting by manifest.
573 silly tarball no local data for debug@https://registry.npmmirror.com/debug/-/debug-3.2.7.tgz. Extracting by manifest.
574 silly tarball no local data for tough-cookie@https://registry.npmmirror.com/tough-cookie/-/tough-cookie-5.1.2.tgz. Extracting by manifest.
575 silly tarball no local data for onetime@https://registry.npmmirror.com/onetime/-/onetime-5.1.2.tgz. Extracting by manifest.
576 silly tarball no local data for mimic-fn@https://registry.npmmirror.com/mimic-fn/-/mimic-fn-2.1.0.tgz. Extracting by manifest.
577 silly tarball no local data for signal-exit@https://registry.npmmirror.com/signal-exit/-/signal-exit-3.0.7.tgz. Extracting by manifest.
578 silly tarball no local data for slice-ansi@https://registry.npmmirror.com/slice-ansi/-/slice-ansi-4.0.0.tgz. Extracting by manifest.
579 silly tarball no local data for universalify@https://registry.npmmirror.com/universalify/-/universalify-2.0.1.tgz. Extracting by manifest.
580 silly tarball no local data for wrap-ansi@https://registry.npmmirror.com/wrap-ansi/-/wrap-ansi-6.2.0.tgz. Extracting by manifest.
581 silly tarball no local data for type-fest@https://registry.npmmirror.com/type-fest/-/type-fest-0.8.1.tgz. Extracting by manifest.
582 silly tarball no local data for is-stream@https://registry.npmmirror.com/is-stream/-/is-stream-2.0.1.tgz. Extracting by manifest.
583 silly tarball no local data for universalify@https://registry.npmmirror.com/universalify/-/universalify-2.0.1.tgz. Extracting by manifest.
584 silly tarball no local data for escape-string-regexp@https://registry.npmmirror.com/escape-string-regexp/-/escape-string-regexp-1.0.5.tgz. Extracting by manifest.
585 silly tarball no local data for get-stream@https://registry.npmmirror.com/get-stream/-/get-stream-5.2.0.tgz. Extracting by manifest.
586 silly tarball no local data for supports-color@https://registry.npmmirror.com/supports-color/-/supports-color-8.1.1.tgz. Extracting by manifest.
587 silly tarball no local data for tslib@https://registry.npmmirror.com/tslib/-/tslib-1.14.1.tgz. Extracting by manifest.
588 silly tarball no local data for strip-final-newline@https://registry.npmmirror.com/strip-final-newline/-/strip-final-newline-2.0.0.tgz. Extracting by manifest.
589 silly tarball no local data for signal-exit@https://registry.npmmirror.com/signal-exit/-/signal-exit-3.0.7.tgz. Extracting by manifest.
590 silly tarball no local data for proxy-from-env@https://registry.npmmirror.com/proxy-from-env/-/proxy-from-env-1.0.0.tgz. Extracting by manifest.
591 silly tarball no local data for onetime@https://registry.npmmirror.com/onetime/-/onetime-5.1.2.tgz. Extracting by manifest.
592 silly tarball no local data for npm-run-path@https://registry.npmmirror.com/npm-run-path/-/npm-run-path-4.0.1.tgz. Extracting by manifest.
593 silly tarball no local data for get-stream@https://registry.npmmirror.com/get-stream/-/get-stream-5.2.0.tgz. Extracting by manifest.
594 silly tarball no local data for execa@https://registry.npmmirror.com/execa/-/execa-4.1.0.tgz. Extracting by manifest.
595 silly tarball no local data for mimic-fn@https://registry.npmmirror.com/mimic-fn/-/mimic-fn-2.1.0.tgz. Extracting by manifest.
596 silly tarball no local data for is-stream@https://registry.npmmirror.com/is-stream/-/is-stream-2.0.1.tgz. Extracting by manifest.
597 silly tarball no local data for human-signals@https://registry.npmmirror.com/human-signals/-/human-signals-1.1.1.tgz. Extracting by manifest.
598 silly tarball no local data for type-fest@https://registry.npmmirror.com/type-fest/-/type-fest-0.21.3.tgz. Extracting by manifest.
599 http fetch GET https://registry.npmjs.org/why-is-node-running/-/why-is-node-running-2.3.0.tgz attempt 1 failed with ENOTFOUND
600 http fetch GET https://registry.npmjs.org/vite-node/-/vite-node-1.6.1.tgz attempt 1 failed with ENOTFOUND
601 http fetch GET https://registry.npmjs.org/vitest/-/vitest-1.6.1.tgz attempt 1 failed with ENOTFOUND
602 http fetch GET https://registry.npmjs.org/which/-/which-2.0.2.tgz attempt 1 failed with ENOTFOUND
603 http fetch GET https://registry.npmjs.org/update-browserslist-db/-/update-browserslist-db-1.2.3.tgz attempt 1 failed with ENOTFOUND
604 http fetch GET https://registry.npmjs.org/vite/-/vite-5.4.21.tgz attempt 1 failed with ENOTFOUND
605 http fetch GET https://registry.npmjs.org/semver/-/semver-6.3.1.tgz attempt 1 failed with ENOTFOUND
606 http fetch GET https://registry.npmjs.org/rimraf/-/rimraf-3.0.2.tgz attempt 1 failed with ENOTFOUND
607 http fetch GET https://registry.npmjs.org/lz-string/-/lz-string-1.5.0.tgz attempt 1 failed with ENOTFOUND
608 http fetch GET https://registry.npmjs.org/loose-envify/-/loose-envify-1.4.0.tgz attempt 1 failed with ENOTFOUND
609 http fetch GET https://registry.npmjs.org/json5/-/json5-2.2.3.tgz attempt 1 failed with ENOTFOUND
610 http fetch GET https://registry.npmjs.org/jsesc/-/jsesc-3.1.0.tgz attempt 1 failed with ENOTFOUND
611 http fetch GET https://registry.npmjs.org/js-yaml/-/js-yaml-4.1.1.tgz attempt 1 failed with ENOTFOUND
612 http fetch GET https://registry.npmmirror.com/eslint/-/eslint-8.57.1.tgz attempt 1 failed with ENOTFOUND
613 http fetch GET https://registry.npmjs.org/esbuild/-/esbuild-0.21.5.tgz attempt 1 failed with ENOTFOUND
614 http fetch GET https://registry.npmmirror.com/@types/tmp/-/tmp-0.2.6.tgz attempt 1 failed with ENOTFOUND
615 http fetch GET https://registry.npmmirror.com/@types/sizzle/-/sizzle-2.3.10.tgz attempt 1 failed with ENOTFOUND
616 http fetch GET https://registry.npmmirror.com/@types/sinonjs__fake-timers/-/sinonjs__fake-timers-8.1.1.tgz attempt 1 failed with ENOTFOUND
617 http fetch GET https://registry.npmjs.org/@types/react/-/react-18.3.27.tgz attempt 1 failed with ENOTFOUND
618 http fetch GET https://registry.npmmirror.com/@cypress/xvfb/-/xvfb-1.2.4.tgz attempt 1 failed with ENOTFOUND
619 http fetch GET https://registry.npmmirror.com/@cypress/request/-/request-3.0.10.tgz attempt 1 failed with ENOTFOUND
620 http fetch GET https://registry.npmmirror.com/yauzl/-/yauzl-2.10.0.tgz attempt 1 failed with ENOTFOUND
621 http fetch GET https://registry.npmmirror.com/wrap-ansi/-/wrap-ansi-7.0.0.tgz attempt 1 failed with ENOTFOUND
622 http fetch GET https://registry.npmmirror.com/verror/-/verror-1.10.0.tgz attempt 1 failed with ENOTFOUND
623 http fetch GET https://registry.npmmirror.com/uuid/-/uuid-8.3.2.tgz attempt 1 failed with ENOTFOUND
624 http fetch GET https://registry.npmmirror.com/untildify/-/untildify-4.0.0.tgz attempt 1 failed with ENOTFOUND
860 http fetch GET https://registry.npmmirror.com/which/-/which-2.0.2.tgz attempt 3 failed with ENOTFOUND
625 http fetch GET https://registry.npmmirror.com/tweetnacl/-/tweetnacl-0.14.5.tgz attempt 1 failed with ENOTFOUND
626 http fetch GET https://registry.npmmirror.com/tunnel-agent/-/tunnel-agent-0.6.0.tgz attempt 1 failed with ENOTFOUND
627 http fetch GET https://registry.npmmirror.com/tslib/-/tslib-2.8.1.tgz attempt 1 failed with ENOTFOUND
628 http fetch GET https://registry.npmmirror.com/tree-kill/-/tree-kill-1.2.2.tgz attempt 1 failed with ENOTFOUND
861 http fetch GET https://registry.npmmirror.com/update-browserslist-db/-/update-browserslist-db-1.2.3.tgz attempt 3 failed with ENOTFOUND
862 http fetch GET https://registry.npmmirror.com/semver/-/semver-6.3.1.tgz attempt 3 failed with ENOTFOUND
863 http fetch GET https://registry.npmmirror.com/json5/-/json5-2.2.3.tgz attempt 3 failed with ENOTFOUND
864 http fetch GET https://registry.npmmirror.com/jsesc/-/jsesc-3.1.0.tgz attempt 3 failed with ENOTFOUND
865 http fetch GET https://registry.npmmirror.com/@types/yargs-parser/-/yargs-parser-21.0.3.tgz attempt 3 failed with ENOTFOUND
866 http fetch GET https://registry.npmmirror.com/@types/yargs/-/yargs-17.0.35.tgz attempt 3 failed with ENOTFOUND
867 http fetch GET https://registry.npmmirror.com/@types/stack-utils/-/stack-utils-2.0.3.tgz attempt 3 failed with ENOTFOUND
868 http fetch GET https://registry.npmmirror.com/@types/node/-/node-25.5.0.tgz attempt 3 failed with ENOTFOUND
869 http fetch GET https://registry.npmmirror.com/@types/istanbul-reports/-/istanbul-reports-3.0.4.tgz attempt 3 failed with ENOTFOUND
870 http fetch GET https://registry.npmmirror.com/@types/istanbul-lib-report/-/istanbul-lib-report-3.0.3.tgz attempt 3 failed with ENOTFOUND
871 http fetch GET https://registry.npmmirror.com/@types/istanbul-lib-coverage/-/istanbul-lib-coverage-2.0.6.tgz attempt 3 failed with ENOTFOUND
872 http fetch GET https://registry.npmmirror.com/@sinonjs/fake-timers/-/fake-timers-10.3.0.tgz attempt 3 failed with ENOTFOUND
873 http fetch GET https://registry.npmmirror.com/@types/graceful-fs/-/graceful-fs-4.1.9.tgz attempt 3 failed with ENOTFOUND
874 http fetch GET https://registry.npmmirror.com/@sinonjs/commons/-/commons-3.0.1.tgz attempt 3 failed with ENOTFOUND
875 verbose cwd /Users/rashmianand/Desktop/shopsmart/server
876 verbose os Darwin 24.6.0
877 verbose node v25.2.0
878 verbose npm  v11.6.2
879 error Exit handler never called!
880 error This is an error with npm itself. Please report this error at:
881 error   <https://github.com/npm/cli/issues>
882 verbose exit 1
883 verbose code 1
884 error A complete log of this run can be found in: /Users/rashmianand/Desktop/shopsmart/.npm-cache/_logs/2026-05-02T11_19_54_447Z-debug-0.log
629 http fetch GET https://registry.npmjs.org/why-is-node-running/-/why-is-node-running-2.3.0.tgz attempt 2 failed with ENOTFOUND
630 http fetch GET https://registry.npmjs.org/vite-node/-/vite-node-1.6.1.tgz attempt 2 failed with ENOTFOUND
631 http fetch GET https://registry.npmjs.org/vitest/-/vitest-1.6.1.tgz attempt 2 failed with ENOTFOUND
632 http fetch GET https://registry.npmjs.org/which/-/which-2.0.2.tgz attempt 2 failed with ENOTFOUND
633 http fetch GET https://registry.npmjs.org/update-browserslist-db/-/update-browserslist-db-1.2.3.tgz attempt 2 failed with ENOTFOUND
634 http fetch GET https://registry.npmjs.org/vite/-/vite-5.4.21.tgz attempt 2 failed with ENOTFOUND
635 http fetch GET https://registry.npmjs.org/semver/-/semver-6.3.1.tgz attempt 2 failed with ENOTFOUND
636 http fetch GET https://registry.npmjs.org/rimraf/-/rimraf-3.0.2.tgz attempt 2 failed with ENOTFOUND
637 http fetch GET https://registry.npmjs.org/lz-string/-/lz-string-1.5.0.tgz attempt 2 failed with ENOTFOUND
638 http fetch GET https://registry.npmjs.org/loose-envify/-/loose-envify-1.4.0.tgz attempt 2 failed with ENOTFOUND
639 http fetch GET https://registry.npmjs.org/json5/-/json5-2.2.3.tgz attempt 2 failed with ENOTFOUND
640 http fetch GET https://registry.npmjs.org/jsesc/-/jsesc-3.1.0.tgz attempt 2 failed with ENOTFOUND
641 http fetch GET https://registry.npmjs.org/js-yaml/-/js-yaml-4.1.1.tgz attempt 2 failed with ENOTFOUND
642 http fetch GET https://registry.npmmirror.com/eslint/-/eslint-8.57.1.tgz attempt 2 failed with ENOTFOUND
643 http fetch GET https://registry.npmjs.org/esbuild/-/esbuild-0.21.5.tgz attempt 2 failed with ENOTFOUND
644 http fetch GET https://registry.npmmirror.com/@types/tmp/-/tmp-0.2.6.tgz attempt 2 failed with ENOTFOUND
645 http fetch GET https://registry.npmmirror.com/@types/sizzle/-/sizzle-2.3.10.tgz attempt 2 failed with ENOTFOUND
646 http fetch GET https://registry.npmmirror.com/@types/sinonjs__fake-timers/-/sinonjs__fake-timers-8.1.1.tgz attempt 2 failed with ENOTFOUND
647 http fetch GET https://registry.npmjs.org/@types/react/-/react-18.3.27.tgz attempt 2 failed with ENOTFOUND
648 http fetch GET https://registry.npmmirror.com/@cypress/xvfb/-/xvfb-1.2.4.tgz attempt 2 failed with ENOTFOUND
649 http fetch GET https://registry.npmmirror.com/@cypress/request/-/request-3.0.10.tgz attempt 2 failed with ENOTFOUND
650 http fetch GET https://registry.npmmirror.com/yauzl/-/yauzl-2.10.0.tgz attempt 2 failed with ENOTFOUND
651 http fetch GET https://registry.npmmirror.com/wrap-ansi/-/wrap-ansi-7.0.0.tgz attempt 2 failed with ENOTFOUND
652 http fetch GET https://registry.npmmirror.com/verror/-/verror-1.10.0.tgz attempt 2 failed with ENOTFOUND
653 http fetch GET https://registry.npmmirror.com/uuid/-/uuid-8.3.2.tgz attempt 2 failed with ENOTFOUND
654 http fetch GET https://registry.npmmirror.com/untildify/-/untildify-4.0.0.tgz attempt 2 failed with ENOTFOUND
655 http fetch GET https://registry.npmmirror.com/tweetnacl/-/tweetnacl-0.14.5.tgz attempt 2 failed with ENOTFOUND
656 http fetch GET https://registry.npmmirror.com/tunnel-agent/-/tunnel-agent-0.6.0.tgz attempt 2 failed with ENOTFOUND
657 http fetch GET https://registry.npmmirror.com/tslib/-/tslib-2.8.1.tgz attempt 2 failed with ENOTFOUND
658 http fetch GET https://registry.npmmirror.com/tree-kill/-/tree-kill-1.2.2.tgz attempt 2 failed with ENOTFOUND
659 http fetch GET https://registry.npmjs.org/why-is-node-running/-/why-is-node-running-2.3.0.tgz attempt 3 failed with ENOTFOUND
660 http fetch GET https://registry.npmjs.org/vite-node/-/vite-node-1.6.1.tgz attempt 3 failed with ENOTFOUND
661 http fetch GET https://registry.npmjs.org/vitest/-/vitest-1.6.1.tgz attempt 3 failed with ENOTFOUND
662 http fetch GET https://registry.npmjs.org/which/-/which-2.0.2.tgz attempt 3 failed with ENOTFOUND
663 http fetch GET https://registry.npmjs.org/update-browserslist-db/-/update-browserslist-db-1.2.3.tgz attempt 3 failed with ENOTFOUND
664 http fetch GET https://registry.npmjs.org/vite/-/vite-5.4.21.tgz attempt 3 failed with ENOTFOUND
665 http fetch GET https://registry.npmjs.org/semver/-/semver-6.3.1.tgz attempt 3 failed with ENOTFOUND
666 http fetch GET https://registry.npmjs.org/rimraf/-/rimraf-3.0.2.tgz attempt 3 failed with ENOTFOUND
667 http fetch GET https://registry.npmjs.org/lz-string/-/lz-string-1.5.0.tgz attempt 3 failed with ENOTFOUND
668 http fetch GET https://registry.npmjs.org/loose-envify/-/loose-envify-1.4.0.tgz attempt 3 failed with ENOTFOUND
669 http fetch GET https://registry.npmjs.org/json5/-/json5-2.2.3.tgz attempt 3 failed with ENOTFOUND
670 http fetch GET https://registry.npmjs.org/jsesc/-/jsesc-3.1.0.tgz attempt 3 failed with ENOTFOUND
671 http fetch GET https://registry.npmjs.org/js-yaml/-/js-yaml-4.1.1.tgz attempt 3 failed with ENOTFOUND
672 http fetch GET https://registry.npmmirror.com/eslint/-/eslint-8.57.1.tgz attempt 3 failed with ENOTFOUND
673 http fetch GET https://registry.npmjs.org/esbuild/-/esbuild-0.21.5.tgz attempt 3 failed with ENOTFOUND
674 http fetch GET https://registry.npmmirror.com/@types/tmp/-/tmp-0.2.6.tgz attempt 3 failed with ENOTFOUND
675 http fetch GET https://registry.npmmirror.com/@types/sizzle/-/sizzle-2.3.10.tgz attempt 3 failed with ENOTFOUND
676 http fetch GET https://registry.npmmirror.com/@types/sinonjs__fake-timers/-/sinonjs__fake-timers-8.1.1.tgz attempt 3 failed with ENOTFOUND
677 http fetch GET https://registry.npmjs.org/@types/react/-/react-18.3.27.tgz attempt 3 failed with ENOTFOUND
678 http fetch GET https://registry.npmmirror.com/@cypress/xvfb/-/xvfb-1.2.4.tgz attempt 3 failed with ENOTFOUND
679 http fetch GET https://registry.npmmirror.com/@cypress/request/-/request-3.0.10.tgz attempt 3 failed with ENOTFOUND
680 http fetch GET https://registry.npmmirror.com/yauzl/-/yauzl-2.10.0.tgz attempt 3 failed with ENOTFOUND
681 http fetch GET https://registry.npmmirror.com/wrap-ansi/-/wrap-ansi-7.0.0.tgz attempt 3 failed with ENOTFOUND
682 http fetch GET https://registry.npmmirror.com/verror/-/verror-1.10.0.tgz attempt 3 failed with ENOTFOUND
683 http fetch GET https://registry.npmmirror.com/uuid/-/uuid-8.3.2.tgz attempt 3 failed with ENOTFOUND
684 http fetch GET https://registry.npmmirror.com/untildify/-/untildify-4.0.0.tgz attempt 3 failed with ENOTFOUND
685 http fetch GET https://registry.npmmirror.com/tweetnacl/-/tweetnacl-0.14.5.tgz attempt 3 failed with ENOTFOUND
686 http fetch GET https://registry.npmmirror.com/tunnel-agent/-/tunnel-agent-0.6.0.tgz attempt 3 failed with ENOTFOUND
687 http fetch GET https://registry.npmmirror.com/tslib/-/tslib-2.8.1.tgz attempt 3 failed with ENOTFOUND
688 http fetch GET https://registry.npmmirror.com/tree-kill/-/tree-kill-1.2.2.tgz attempt 3 failed with ENOTFOUND
689 verbose cwd /Users/rashmianand/Desktop/shopsmart/client
690 verbose os Darwin 24.6.0
691 verbose node v25.2.0
692 verbose npm  v11.6.2
693 error Exit handler never called!
694 error This is an error with npm itself. Please report this error at:
695 error   <https://github.com/npm/cli/issues>
696 verbose exit 1
697 verbose code 1
698 error A complete log of this run can be found in: /Users/rashmianand/Desktop/shopsmart/.npm-cache/_logs/2026-05-02T11_19_54_447Z-debug-0.log
