0 verbose cli /opt/homebrew/Cellar/node/25.2.0/bin/node /opt/homebrew/bin/npm
1 info using npm@11.6.2
2 info using node@v25.2.0
3 silly config load:file:/opt/homebrew/lib/node_modules/npm/npmrc
4 silly config load:file:/Users/rashmianand/Desktop/shopsmart/client/.npmrc
5 silly config load:file:/Users/rashmianand/.npmrc
6 silly config load:file:/opt/homebrew/etc/npmrc
7 verbose title npm install
8 verbose argv "install" "--registry" "https://registry.npmjs.org"
9 verbose logfile logs-max:10 dir:/Users/rashmianand/Desktop/shopsmart/.npm-cache-client/_logs/2026-05-02T11_24_24_548Z-
10 verbose logfile /Users/rashmianand/Desktop/shopsmart/.npm-cache-client/_logs/2026-05-02T11_24_24_548Z-debug-0.log
11 silly logfile done cleaning log files
12 silly packumentCache heap:2348810240 maxSize:587202560 maxEntrySize:293601280
13 silly idealTree buildDeps
14 silly fetch manifest @types/node@*
15 silly packumentCache full:https://registry.npmjs.org/@types%2fnode cache-miss
16 http fetch GET 200 https://registry.npmjs.org/npm 231ms
17 http fetch GET 200 https://registry.npmjs.org/@types%2fnode 272ms (cache miss)
18 silly packumentCache full:https://registry.npmjs.org/@types%2fnode set size:undefined disposed:false
19 silly placeDep ROOT @types/node@25.6.0 OK for: @types/yauzl@2.10.3 want: *
20 silly fetch manifest undici-types@~7.19.0
21 silly packumentCache full:https://registry.npmjs.org/undici-types cache-miss
22 http fetch GET 200 https://registry.npmjs.org/undici-types 35ms (cache miss)
23 silly packumentCache full:https://registry.npmjs.org/undici-types set size:undefined disposed:false
24 silly placeDep ROOT undici-types@7.19.2 REPLACE for: @types/node@25.6.0 want: ~7.19.0
25 silly reify moves {}
26 silly audit bulk request {
26 silly audit   '@adobe/css-tools': [ '4.4.4' ],
26 silly audit   '@asamuzakjp/css-color': [ '3.2.0' ],
26 silly audit   'lru-cache': [ '10.4.3', '5.1.1' ],
26 silly audit   '@babel/code-frame': [ '7.27.1' ],
26 silly audit   '@babel/compat-data': [ '7.28.5' ],
26 silly audit   '@babel/core': [ '7.28.5' ],
26 silly audit   '@babel/generator': [ '7.28.5' ],
26 silly audit   '@babel/helper-compilation-targets': [ '7.27.2' ],
26 silly audit   '@babel/helper-globals': [ '7.28.0' ],
26 silly audit   '@babel/helper-module-imports': [ '7.27.1' ],
26 silly audit   '@babel/helper-module-transforms': [ '7.28.3' ],
26 silly audit   '@babel/helper-plugin-utils': [ '7.27.1' ],
26 silly audit   '@babel/helper-string-parser': [ '7.27.1' ],
26 silly audit   '@babel/helper-validator-identifier': [ '7.28.5' ],
26 silly audit   '@babel/helper-validator-option': [ '7.27.1' ],
26 silly audit   '@babel/helpers': [ '7.28.4' ],
26 silly audit   '@babel/parser': [ '7.28.5' ],
26 silly audit   '@babel/plugin-transform-react-jsx-self': [ '7.27.1' ],
26 silly audit   '@babel/plugin-transform-react-jsx-source': [ '7.27.1' ],
26 silly audit   '@babel/runtime': [ '7.28.4' ],
26 silly audit   '@babel/template': [ '7.27.2' ],
26 silly audit   '@babel/traverse': [ '7.28.5' ],
26 silly audit   '@babel/types': [ '7.28.5' ],
26 silly audit   '@csstools/color-helpers': [ '5.1.0' ],
26 silly audit   '@csstools/css-calc': [ '2.1.4' ],
26 silly audit   '@csstools/css-color-parser': [ '3.1.0' ],
26 silly audit   '@csstools/css-parser-algorithms': [ '3.0.5' ],
26 silly audit   '@csstools/css-tokenizer': [ '3.0.4' ],
26 silly audit   '@cypress/request': [ '3.0.10' ],
26 silly audit   'tough-cookie': [ '5.1.2', '4.1.4' ],
26 silly audit   '@cypress/xvfb': [ '1.2.4' ],
26 silly audit   debug: [ '3.2.7', '4.4.3' ],
26 silly audit   '@esbuild/aix-ppc64': [ '0.21.5' ],
26 silly audit   '@esbuild/android-arm': [ '0.21.5' ],
26 silly audit   '@esbuild/android-arm64': [ '0.21.5' ],
26 silly audit   '@esbuild/android-x64': [ '0.21.5' ],
26 silly audit   '@esbuild/darwin-arm64': [ '0.21.5' ],
26 silly audit   '@esbuild/darwin-x64': [ '0.21.5' ],
26 silly audit   '@esbuild/freebsd-arm64': [ '0.21.5' ],
26 silly audit   '@esbuild/freebsd-x64': [ '0.21.5' ],
26 silly audit   '@esbuild/linux-arm': [ '0.21.5' ],
26 silly audit   '@esbuild/linux-arm64': [ '0.21.5' ],
26 silly audit   '@esbuild/linux-ia32': [ '0.21.5' ],
26 silly audit   '@esbuild/linux-loong64': [ '0.21.5' ],
26 silly audit   '@esbuild/linux-mips64el': [ '0.21.5' ],
26 silly audit   '@esbuild/linux-ppc64': [ '0.21.5' ],
26 silly audit   '@esbuild/linux-riscv64': [ '0.21.5' ],
26 silly audit   '@esbuild/linux-s390x': [ '0.21.5' ],
26 silly audit   '@esbuild/linux-x64': [ '0.21.5' ],
26 silly audit   '@esbuild/netbsd-x64': [ '0.21.5' ],
26 silly audit   '@esbuild/openbsd-x64': [ '0.21.5' ],
26 silly audit   '@esbuild/sunos-x64': [ '0.21.5' ],
26 silly audit   '@esbuild/win32-arm64': [ '0.21.5' ],
26 silly audit   '@esbuild/win32-ia32': [ '0.21.5' ],
26 silly audit   '@esbuild/win32-x64': [ '0.21.5' ],
26 silly audit   '@eslint-community/eslint-utils': [ '4.9.1' ],
26 silly audit   '@eslint-community/regexpp': [ '4.12.2' ],
26 silly audit   '@eslint/eslintrc': [ '2.1.4' ],
26 silly audit   globals: [ '13.24.0', '17.4.0' ],
26 silly audit   '@humanwhocodes/config-array': [ '0.13.0' ],
26 silly audit   '@humanwhocodes/module-importer': [ '1.0.1' ],
26 silly audit   '@humanwhocodes/object-schema': [ '2.0.3' ],
26 silly audit   '@jest/schemas': [ '29.6.3' ],
26 silly audit   '@jridgewell/gen-mapping': [ '0.3.13' ],
26 silly audit   '@jridgewell/remapping': [ '2.3.5' ],
26 silly audit   '@jridgewell/resolve-uri': [ '3.1.2' ],
26 silly audit   '@jridgewell/sourcemap-codec': [ '1.5.5' ],
26 silly audit   '@jridgewell/trace-mapping': [ '0.3.31' ],
26 silly audit   '@nodelib/fs.scandir': [ '2.1.5' ],
26 silly audit   '@nodelib/fs.stat': [ '2.0.5' ],
26 silly audit   '@nodelib/fs.walk': [ '1.2.8' ],
26 silly audit   '@rolldown/pluginutils': [ '1.0.0-beta.27' ],
26 silly audit   '@rollup/rollup-android-arm-eabi': [ '4.54.0' ],
26 silly audit   '@rollup/rollup-android-arm64': [ '4.54.0' ],
26 silly audit   '@rollup/rollup-darwin-arm64': [ '4.54.0' ],
26 silly audit   '@rollup/rollup-darwin-x64': [ '4.54.0' ],
26 silly audit   '@rollup/rollup-freebsd-arm64': [ '4.54.0' ],
26 silly audit   '@rollup/rollup-freebsd-x64': [ '4.54.0' ],
26 silly audit   '@rollup/rollup-linux-arm-gnueabihf': [ '4.54.0' ],
26 silly audit   '@rollup/rollup-linux-arm-musleabihf': [ '4.54.0' ],
26 silly audit   '@rollup/rollup-linux-arm64-gnu': [ '4.54.0' ],
26 silly audit   '@rollup/rollup-linux-arm64-musl': [ '4.54.0' ],
26 silly audit   '@rollup/rollup-linux-loong64-gnu': [ '4.54.0' ],
26 silly audit   '@rollup/rollup-linux-ppc64-gnu': [ '4.54.0' ],
26 silly audit   '@rollup/rollup-linux-riscv64-gnu': [ '4.54.0' ],
26 silly audit   '@rollup/rollup-linux-riscv64-musl': [ '4.54.0' ],
26 silly audit   '@rollup/rollup-linux-s390x-gnu': [ '4.54.0' ],
26 silly audit   '@rollup/rollup-linux-x64-gnu': [ '4.54.0' ],
26 silly audit   '@rollup/rollup-linux-x64-musl': [ '4.54.0' ],
26 silly audit   '@rollup/rollup-openharmony-arm64': [ '4.54.0' ],
26 silly audit   '@rollup/rollup-win32-arm64-msvc': [ '4.54.0' ],
26 silly audit   '@rollup/rollup-win32-ia32-msvc': [ '4.54.0' ],
26 silly audit   '@rollup/rollup-win32-x64-gnu': [ '4.54.0' ],
26 silly audit   '@rollup/rollup-win32-x64-msvc': [ '4.54.0' ],
26 silly audit   '@sinclair/typebox': [ '0.27.8' ],
26 silly audit   '@testing-library/dom': [ '10.4.1' ],
26 silly audit   'aria-query': [ '5.3.0', '5.3.2' ],
26 silly audit   'dom-accessibility-api': [ '0.5.16', '0.6.3' ],
26 silly audit   '@testing-library/jest-dom': [ '6.9.1' ],
26 silly audit   '@testing-library/react': [ '15.0.7' ],
26 silly audit   '@types/aria-query': [ '5.0.4' ],
26 silly audit   '@types/babel__core': [ '7.20.5' ],
26 silly audit   '@types/babel__generator': [ '7.27.0' ],
26 silly audit   '@types/babel__template': [ '7.4.4' ],
26 silly audit   '@types/babel__traverse': [ '7.28.0' ],
26 silly audit   '@types/estree': [ '1.0.8' ],
26 silly audit   '@types/prop-types': [ '15.7.15' ],
26 silly audit   '@types/react': [ '18.3.27' ],
26 silly audit   '@types/react-dom': [ '18.3.7' ],
26 silly audit   '@types/sinonjs__fake-timers': [ '8.1.1' ],
26 silly audit   '@types/sizzle': [ '2.3.10' ],
26 silly audit   '@types/tmp': [ '0.2.6' ],
26 silly audit   '@types/yauzl': [ '2.10.3' ],
26 silly audit   '@ungap/structured-clone': [ '1.3.0' ],
26 silly audit   '@vitejs/plugin-react': [ '4.7.0' ],
26 silly audit   '@vitest/expect': [ '1.6.1' ],
26 silly audit   '@vitest/runner': [ '1.6.1' ],
26 silly audit   'p-limit': [ '5.0.0', '3.1.0' ],
26 silly audit   'yocto-queue': [ '1.2.2', '0.1.0' ],
26 silly audit   '@vitest/snapshot': [ '1.6.1' ],
26 silly audit   'ansi-styles': [ '5.2.0', '4.3.0' ],
26 silly audit   'pretty-format': [ '29.7.0', '27.5.1' ],
26 silly audit   'react-is': [ '18.3.1', '16.13.1', '17.0.2' ],
26 silly audit   '@vitest/spy': [ '1.6.1' ],
26 silly audit   '@vitest/utils': [ '1.6.1' ],
26 silly audit   acorn: [ '8.15.0' ],
26 silly audit   'acorn-jsx': [ '5.3.2' ],
26 silly audit   'acorn-walk': [ '8.3.4' ],
26 silly audit   'agent-base': [ '7.1.4' ],
26 silly audit   'aggregate-error': [ '3.1.0' ],
26 silly audit   ajv: [ '6.12.6' ],
26 silly audit   'ansi-colors': [ '4.1.3' ],
26 silly audit   'ansi-escapes': [ '4.3.2' ],
26 silly audit   'type-fest': [ '0.21.3', '0.8.1', '0.20.2' ],
26 silly audit   'ansi-regex': [ '5.0.1' ],
26 silly audit   arch: [ '2.2.0' ],
26 silly audit   argparse: [ '2.0.1' ],
26 silly audit   'array-buffer-byte-length': [ '1.0.2' ],
26 silly audit   'array-includes': [ '3.1.9' ],
26 silly audit   'array.prototype.findlast': [ '1.2.5' ],
26 silly audit   'array.prototype.flat': [ '1.3.3' ],
26 silly audit   'array.prototype.flatmap': [ '1.3.3' ],
26 silly audit   'array.prototype.tosorted': [ '1.1.4' ],
26 silly audit   'arraybuffer.prototype.slice': [ '1.0.4' ],
26 silly audit   asn1: [ '0.2.6' ],
26 silly audit   'assert-plus': [ '1.0.0' ],
26 silly audit   'assertion-error': [ '1.1.0' ],
26 silly audit   'astral-regex': [ '2.0.0' ],
26 silly audit   'async-function': [ '1.0.0' ],
26 silly audit   asynckit: [ '0.4.0' ],
26 silly audit   'at-least-node': [ '1.0.0' ],
26 silly audit   'available-typed-arrays': [ '1.0.7' ],
26 silly audit   'aws-sign2': [ '0.7.0' ],
26 silly audit   aws4: [ '1.13.2' ],
26 silly audit   axios: [ '1.13.6' ],
26 silly audit   'balanced-match': [ '1.0.2' ],
26 silly audit   'base64-js': [ '1.5.1' ],
26 silly audit   'baseline-browser-mapping': [ '2.9.11' ],
26 silly audit   'bcrypt-pbkdf': [ '1.0.2' ],
26 silly audit   'blob-util': [ '2.0.2' ],
26 silly audit   bluebird: [ '3.7.2' ],
26 silly audit   'brace-expansion': [ '1.1.12' ],
26 silly audit   browserslist: [ '4.28.1' ],
26 silly audit   buffer: [ '5.7.1' ],
26 silly audit   'buffer-crc32': [ '0.2.13' ],
26 silly audit   cac: [ '6.7.14' ],
26 silly audit   cachedir: [ '2.4.0' ],
26 silly audit   'call-bind': [ '1.0.8' ],
26 silly audit   'call-bind-apply-helpers': [ '1.0.2' ],
26 silly audit   'call-bound': [ '1.0.4' ],
26 silly audit   callsites: [ '3.1.0' ],
26 silly audit   'caniuse-lite': [ '1.0.30001762' ],
26 silly audit   caseless: [ '0.12.0' ],
26 silly audit   chai: [ '4.5.0' ],
26 silly audit   chalk: [ '4.1.2' ],
26 silly audit   'check-error': [ '1.0.3' ],
26 silly audit   'ci-info': [ '4.4.0' ],
26 silly audit   'clean-stack': [ '2.2.0' ],
26 silly audit   'cli-cursor': [ '3.1.0' ],
26 silly audit   'cli-table3': [ '0.6.1' ],
26 silly audit   'cli-truncate': [ '2.1.0' ],
26 silly audit   'color-convert': [ '2.0.1' ],
26 silly audit   'color-name': [ '1.1.4' ],
26 silly audit   colorette: [ '2.0.20' ],
26 silly audit   colors: [ '1.4.0' ],
26 silly audit   'combined-stream': [ '1.0.8' ],
26 silly audit   commander: [ '6.2.1' ],
26 silly audit   'common-tags': [ '1.8.2' ],
26 silly audit   'concat-map': [ '0.0.1' ],
26 silly audit   confbox: [ '0.1.8' ],
26 silly audit   'convert-source-map': [ '2.0.0' ],
26 silly audit   cookie: [ '1.1.1' ],
26 silly audit   'core-util-is': [ '1.0.2' ],
26 silly audit   'cross-spawn': [ '7.0.6' ],
26 silly audit   'css.escape': [ '1.5.1' ],
26 silly audit   cssstyle: [ '4.6.0' ],
26 silly audit   'rrweb-cssom': [ '0.8.0', '0.7.1' ],
26 silly audit   csstype: [ '3.2.3' ],
26 silly audit   cypress: [ '15.12.0' ],
26 silly audit   execa: [ '4.1.0', '8.0.1' ],
26 silly audit   'get-stream': [ '5.2.0', '8.0.1' ],
26 silly audit   'human-signals': [ '1.1.1', '5.0.0' ],
26 silly audit   'is-stream': [ '2.0.1', '3.0.0' ],
26 silly audit   'mimic-fn': [ '2.1.0', '4.0.0' ],
26 silly audit   'npm-run-path': [ '4.0.1', '5.3.0' ],
26 silly audit   onetime: [ '5.1.2', '6.0.0' ],
26 silly audit   'proxy-from-env': [ '1.0.0', '1.1.0' ],
26 silly audit   'signal-exit': [ '3.0.7', '4.1.0' ],
26 silly audit   'strip-final-newline': [ '2.0.0', '3.0.0' ],
26 silly audit   'supports-color': [ '8.1.1', '7.2.0' ],
26 silly audit   tslib: [ '1.14.1', '2.8.1' ],
26 silly audit   dashdash: [ '1.14.1' ],
26 silly audit   'data-urls': [ '5.0.0' ],
26 silly audit   'data-view-buffer': [ '1.0.2' ],
26 silly audit   'data-view-byte-length': [ '1.0.2' ],
26 silly audit   'data-view-byte-offset': [ '1.0.1' ],
26 silly audit   dayjs: [ '1.11.20' ],
26 silly audit   'decimal.js': [ '10.6.0' ],
26 silly audit   'deep-eql': [ '4.1.4' ],
26 silly audit   'deep-is': [ '0.1.4' ],
26 silly audit   'define-data-property': [ '1.1.4' ],
26 silly audit   'define-properties': [ '1.2.1' ],
26 silly audit   'delayed-stream': [ '1.0.0' ],
26 silly audit   dequal: [ '2.0.3' ],
26 silly audit   'diff-sequences': [ '29.6.3' ],
26 silly audit   doctrine: [ '3.0.0', '2.1.0' ],
26 silly audit   'dunder-proto': [ '1.0.1' ],
26 silly audit   'ecc-jsbn': [ '0.1.2' ],
26 silly audit   'electron-to-chromium': [ '1.5.267' ],
26 silly audit   'emoji-regex': [ '8.0.0' ],
26 silly audit   'end-of-stream': [ '1.4.5' ],
26 silly audit   enquirer: [ '2.4.1' ],
26 silly audit   entities: [ '6.0.1' ],
26 silly audit   'es-abstract': [ '1.24.1' ],
26 silly audit   'es-define-property': [ '1.0.1' ],
26 silly audit   'es-errors': [ '1.3.0' ],
26 silly audit   'es-iterator-helpers': [ '1.2.2' ],
26 silly audit   'es-object-atoms': [ '1.1.1' ],
26 silly audit   'es-set-tostringtag': [ '2.1.0' ],
26 silly audit   'es-shim-unscopables': [ '1.1.0' ],
26 silly audit   'es-to-primitive': [ '1.3.0' ],
26 silly audit   esbuild: [ '0.21.5' ],
26 silly audit   escalade: [ '3.2.0' ],
26 silly audit   'escape-string-regexp': [ '4.0.0', '1.0.5' ],
26 silly audit   eslint: [ '8.57.1' ],
26 silly audit   'eslint-plugin-react': [ '7.37.5' ],
26 silly audit   'eslint-plugin-react-hooks': [ '4.6.2' ],
26 silly audit   'eslint-plugin-react-refresh': [ '0.4.26' ],
26 silly audit   'eslint-scope': [ '7.2.2' ],
26 silly audit   'eslint-visitor-keys': [ '3.4.3' ],
26 silly audit   '@eslint/js': [ '8.57.1' ],
26 silly audit   espree: [ '9.6.1' ],
26 silly audit   esquery: [ '1.7.0' ],
26 silly audit   esrecurse: [ '4.3.0' ],
26 silly audit   estraverse: [ '5.3.0' ],
26 silly audit   'estree-walker': [ '3.0.3' ],
26 silly audit   esutils: [ '2.0.3' ],
26 silly audit   eventemitter2: [ '6.4.7' ],
26 silly audit   executable: [ '4.1.1' ],
26 silly audit   extend: [ '3.0.2' ],
26 silly audit   'extract-zip': [ '2.0.1' ],
26 silly audit   extsprintf: [ '1.3.0' ],
26 silly audit   'fast-deep-equal': [ '3.1.3' ],
26 silly audit   'fast-json-stable-stringify': [ '2.1.0' ],
26 silly audit   'fast-levenshtein': [ '2.0.6' ],
26 silly audit   fastq: [ '1.20.1' ],
26 silly audit   'fd-slicer': [ '1.1.0' ],
26 silly audit   figures: [ '3.2.0' ],
26 silly audit   'file-entry-cache': [ '6.0.1' ],
26 silly audit   'find-up': [ '5.0.0' ],
26 silly audit   'flat-cache': [ '3.2.0' ],
26 silly audit   flatted: [ '3.3.3' ],
26 silly audit   'follow-redirects': [ '1.15.11' ],
26 silly audit   'for-each': [ '0.3.5' ],
26 silly audit   'forever-agent': [ '0.6.1' ],
26 silly audit   'form-data': [ '4.0.5' ],
26 silly audit   'framer-motion': [ '12.38.0' ],
26 silly audit   'fs-extra': [ '9.1.0' ],
26 silly audit   universalify: [ '2.0.1', '0.2.0' ],
26 silly audit   'fs.realpath': [ '1.0.0' ],
26 silly audit   fsevents: [ '2.3.3' ],
26 silly audit   'function-bind': [ '1.1.2' ],
26 silly audit   'function.prototype.name': [ '1.1.8' ],
26 silly audit   'functions-have-names': [ '1.2.3' ],
26 silly audit   'generator-function': [ '2.0.1' ],
26 silly audit   gensync: [ '1.0.0-beta.2' ],
26 silly audit   'get-func-name': [ '2.0.2' ],
26 silly audit   'get-intrinsic': [ '1.3.0' ],
26 silly audit   'get-proto': [ '1.0.1' ],
26 silly audit   'get-symbol-description': [ '1.1.0' ],
26 silly audit   getpass: [ '0.1.7' ],
26 silly audit   glob: [ '7.2.3' ],
26 silly audit   'glob-parent': [ '6.0.2' ],
26 silly audit   'global-dirs': [ '3.0.1' ],
26 silly audit   globalthis: [ '1.0.4' ],
26 silly audit   gopd: [ '1.2.0' ],
26 silly audit   'graceful-fs': [ '4.2.11' ],
26 silly audit   graphemer: [ '1.4.0' ],
26 silly audit   'has-bigints': [ '1.1.0' ],
26 silly audit   'has-flag': [ '4.0.0' ],
26 silly audit   'has-property-descriptors': [ '1.0.2' ],
26 silly audit   'has-proto': [ '1.2.0' ],
26 silly audit   'has-symbols': [ '1.1.0' ],
26 silly audit   'has-tostringtag': [ '1.0.2' ],
26 silly audit   hasha: [ '5.2.2' ],
26 silly audit   hasown: [ '2.0.2' ],
26 silly audit   'html-encoding-sniffer': [ '4.0.0' ],
26 silly audit   'http-proxy-agent': [ '7.0.2' ],
26 silly audit   'http-signature': [ '1.4.0' ],
26 silly audit   'https-proxy-agent': [ '7.0.6' ],
26 silly audit   'iconv-lite': [ '0.6.3' ],
26 silly audit   ieee754: [ '1.2.1' ],
26 silly audit   ignore: [ '5.3.2' ],
26 silly audit   'import-fresh': [ '3.3.1' ],
26 silly audit   imurmurhash: [ '0.1.4' ],
26 silly audit   'indent-string': [ '4.0.0' ],
26 silly audit   inflight: [ '1.0.6' ],
26 silly audit   inherits: [ '2.0.4' ],
26 silly audit   ini: [ '2.0.0' ],
26 silly audit   'internal-slot': [ '1.1.0' ],
26 silly audit   'is-array-buffer': [ '3.0.5' ],
26 silly audit   'is-async-function': [ '2.1.1' ],
26 silly audit   'is-bigint': [ '1.1.0' ],
26 silly audit   'is-boolean-object': [ '1.2.2' ],
26 silly audit   'is-callable': [ '1.2.7' ],
26 silly audit   'is-core-module': [ '2.16.1' ],
26 silly audit   'is-data-view': [ '1.0.2' ],
26 silly audit   'is-date-object': [ '1.1.0' ],
26 silly audit   'is-extglob': [ '2.1.1' ],
26 silly audit   'is-finalizationregistry': [ '1.1.1' ],
26 silly audit   'is-fullwidth-code-point': [ '3.0.0' ],
26 silly audit   'is-generator-function': [ '1.1.2' ],
26 silly audit   'is-glob': [ '4.0.3' ],
26 silly audit   'is-installed-globally': [ '0.4.0' ],
26 silly audit   'is-map': [ '2.0.3' ],
26 silly audit   'is-negative-zero': [ '2.0.3' ],
26 silly audit   'is-number-object': [ '1.1.1' ],
26 silly audit   'is-path-inside': [ '3.0.3' ],
26 silly audit   'is-potential-custom-element-name': [ '1.0.1' ],
26 silly audit   'is-regex': [ '1.2.1' ],
26 silly audit   'is-set': [ '2.0.3' ],
26 silly audit   'is-shared-array-buffer': [ '1.0.4' ],
26 silly audit   'is-string': [ '1.1.1' ],
26 silly audit   'is-symbol': [ '1.1.1' ],
26 silly audit   'is-typed-array': [ '1.1.15' ],
26 silly audit   'is-typedarray': [ '1.0.0' ],
26 silly audit   'is-unicode-supported': [ '0.1.0' ],
26 silly audit   'is-weakmap': [ '2.0.2' ],
26 silly audit   'is-weakref': [ '1.1.1' ],
26 silly audit   'is-weakset': [ '2.0.4' ],
26 silly audit   isarray: [ '2.0.5' ],
26 silly audit   isexe: [ '2.0.0' ],
26 silly audit   isstream: [ '0.1.2' ],
26 silly audit   'iterator.prototype': [ '1.1.5' ],
26 silly audit   'js-tokens': [ '4.0.0', '9.0.1' ],
26 silly audit   'js-yaml': [ '4.1.1' ],
26 silly audit   jsbn: [ '0.1.1' ],
26 silly audit   jsdom: [ '24.1.3' ],
26 silly audit   jsesc: [ '3.1.0' ],
26 silly audit   'json-buffer': [ '3.0.1' ],
26 silly audit   'json-schema': [ '0.4.0' ],
26 silly audit   'json-schema-traverse': [ '0.4.1' ],
26 silly audit   'json-stable-stringify-without-jsonify': [ '1.0.1' ],
26 silly audit   'json-stringify-safe': [ '5.0.1' ],
26 silly audit   json5: [ '2.2.3' ],
26 silly audit   jsonfile: [ '6.2.0' ],
26 silly audit   jsprim: [ '2.0.2' ],
26 silly audit   'jsx-ast-utils': [ '3.3.5' ],
26 silly audit   keyv: [ '4.5.4' ],
26 silly audit   levn: [ '0.4.1' ],
26 silly audit   listr2: [ '3.14.0' ],
26 silly audit   'local-pkg': [ '0.5.1' ],
26 silly audit   'locate-path': [ '6.0.0' ],
26 silly audit   lodash: [ '4.17.23' ],
26 silly audit   'lodash.merge': [ '4.6.2' ],
26 silly audit   'lodash.once': [ '4.1.1' ],
26 silly audit   'log-symbols': [ '4.1.0' ],
26 silly audit   'log-update': [ '4.0.0' ],
26 silly audit   'slice-ansi': [ '4.0.0', '3.0.0' ],
26 silly audit   'wrap-ansi': [ '6.2.0', '7.0.0' ],
26 silly audit   'loose-envify': [ '1.4.0' ],
26 silly audit   loupe: [ '2.3.7' ],
26 silly audit   'lucide-react': [ '0.577.0' ],
26 silly audit   'lz-string': [ '1.5.0' ],
26 silly audit   'magic-string': [ '0.30.21' ],
26 silly audit   'math-intrinsics': [ '1.1.0' ],
26 silly audit   'merge-stream': [ '2.0.0' ],
26 silly audit   'mime-db': [ '1.52.0' ],
26 silly audit   'mime-types': [ '2.1.35' ],
26 silly audit   'min-indent': [ '1.0.1' ],
26 silly audit   minimatch: [ '3.1.2' ],
26 silly audit   minimist: [ '1.2.8' ],
26 silly audit   mlly: [ '1.8.0' ],
26 silly audit   pathe: [ '2.0.3', '1.1.2' ],
26 silly audit   'motion-dom': [ '12.38.0' ],
26 silly audit   'motion-utils': [ '12.36.0' ],
26 silly audit   ms: [ '2.1.3' ],
26 silly audit   nanoid: [ '3.3.11' ],
26 silly audit   'natural-compare': [ '1.4.0' ],
26 silly audit   'node-releases': [ '2.0.27' ],
26 silly audit   'path-key': [ '4.0.0', '3.1.1' ],
26 silly audit   nwsapi: [ '2.2.23' ],
26 silly audit   'object-assign': [ '4.1.1' ],
26 silly audit   'object-inspect': [ '1.13.4' ],
26 silly audit   'object-keys': [ '1.1.1' ],
26 silly audit   'object.assign': [ '4.1.7' ],
26 silly audit   'object.entries': [ '1.1.9' ],
26 silly audit   'object.fromentries': [ '2.0.8' ],
26 silly audit   'object.values': [ '1.2.1' ],
26 silly audit   once: [ '1.4.0' ],
26 silly audit   optionator: [ '0.9.4' ],
26 silly audit   ospath: [ '1.2.2' ],
26 silly audit   'own-keys': [ '1.0.1' ],
26 silly audit   'p-locate': [ '5.0.0' ],
26 silly audit   'p-map': [ '4.0.0' ],
26 silly audit   'parent-module': [ '1.0.1' ],
26 silly audit   parse5: [ '7.3.0' ],
26 silly audit   'path-exists': [ '4.0.0' ],
26 silly audit   'path-is-absolute': [ '1.0.1' ],
26 silly audit   'path-parse': [ '1.0.7' ],
26 silly audit   pathval: [ '1.1.1' ],
26 silly audit   pend: [ '1.2.0' ],
26 silly audit   'performance-now': [ '2.1.0' ],
26 silly audit   picocolors: [ '1.1.1' ],
26 silly audit   pify: [ '2.3.0' ],
26 silly audit   'pkg-types': [ '1.3.1' ],
26 silly audit   'possible-typed-array-names': [ '1.1.0' ],
26 silly audit   postcss: [ '8.5.6' ],
26 silly audit   'prelude-ls': [ '1.2.1' ],
26 silly audit   'pretty-bytes': [ '5.6.0' ],
26 silly audit   process: [ '0.11.10' ],
26 silly audit   'prop-types': [ '15.8.1' ],
26 silly audit   psl: [ '1.15.0' ],
26 silly audit   pump: [ '3.0.4' ],
26 silly audit   punycode: [ '2.3.1' ],
26 silly audit   qs: [ '6.14.2' ],
26 silly audit   querystringify: [ '2.2.0' ],
26 silly audit   'queue-microtask': [ '1.2.3' ],
26 silly audit   react: [ '18.3.1' ],
26 silly audit   'react-dom': [ '18.3.1' ],
26 silly audit   'react-refresh': [ '0.17.0' ],
26 silly audit   'react-router': [ '7.13.1' ],
26 silly audit   'react-router-dom': [ '7.13.1' ],
26 silly audit   redent: [ '3.0.0' ],
26 silly audit   'reflect.getprototypeof': [ '1.0.10' ],
26 silly audit   'regexp.prototype.flags': [ '1.5.4' ],
26 silly audit   'request-progress': [ '3.0.0' ],
26 silly audit   'requires-port': [ '1.0.0' ],
26 silly audit   resolve: [ '2.0.0-next.5' ],
26 silly audit   'resolve-from': [ '4.0.0' ],
26 silly audit   'restore-cursor': [ '3.1.0' ],
26 silly audit   reusify: [ '1.1.0' ],
26 silly audit   rfdc: [ '1.4.1' ],
26 silly audit   rimraf: [ '3.0.2' ],
26 silly audit   rollup: [ '4.54.0' ],
26 silly audit   'run-parallel': [ '1.2.0' ],
26 silly audit   rxjs: [ '7.8.2' ],
26 silly audit   'safe-array-concat': [ '1.1.3' ],
26 silly audit   'safe-buffer': [ '5.2.1' ],
26 silly audit   'safe-push-apply': [ '1.0.0' ],
26 silly audit   'safe-regex-test': [ '1.1.0' ],
26 silly audit   'safer-buffer': [ '2.1.2' ],
26 silly audit   saxes: [ '6.0.0' ],
26 silly audit   scheduler: [ '0.23.2' ],
26 silly audit   semver: [ '6.3.1' ],
26 silly audit   'set-cookie-parser': [ '2.7.2' ],
26 silly audit   'set-function-length': [ '1.2.2' ],
26 silly audit   'set-function-name': [ '2.0.2' ],
26 silly audit   'set-proto': [ '1.0.0' ],
26 silly audit   'shebang-command': [ '2.0.0' ],
26 silly audit   'shebang-regex': [ '3.0.0' ],
26 silly audit   'side-channel': [ '1.1.0' ],
26 silly audit   'side-channel-list': [ '1.0.0' ],
26 silly audit   'side-channel-map': [ '1.0.1' ],
26 silly audit   'side-channel-weakmap': [ '1.0.2' ],
26 silly audit   siginfo: [ '2.0.0' ],
26 silly audit   'source-map-js': [ '1.2.1' ],
26 silly audit   sshpk: [ '1.18.0' ],
26 silly audit   stackback: [ '0.0.2' ],
26 silly audit   'std-env': [ '3.10.0' ],
26 silly audit   'stop-iteration-iterator': [ '1.1.0' ],
26 silly audit   'string-width': [ '4.2.3' ],
26 silly audit   'string.prototype.matchall': [ '4.0.12' ],
26 silly audit   'string.prototype.repeat': [ '1.0.0' ],
26 silly audit   'string.prototype.trim': [ '1.2.10' ],
26 silly audit   'string.prototype.trimend': [ '1.0.9' ],
26 silly audit   'string.prototype.trimstart': [ '1.0.8' ],
26 silly audit   'strip-ansi': [ '6.0.1' ],
26 silly audit   'strip-indent': [ '3.0.0' ],
26 silly audit   'strip-json-comments': [ '3.1.1' ],
26 silly audit   'strip-literal': [ '2.1.1' ],
26 silly audit   'supports-preserve-symlinks-flag': [ '1.0.0' ],
26 silly audit   'symbol-tree': [ '3.2.4' ],
26 silly audit   systeminformation: [ '5.31.4' ],
26 silly audit   'text-table': [ '0.2.0' ],
26 silly audit   throttleit: [ '1.0.1' ],
26 silly audit   through: [ '2.3.8' ],
26 silly audit   tinybench: [ '2.9.0' ],
26 silly audit   tinypool: [ '0.8.4' ],
26 silly audit   tinyspy: [ '2.2.1' ],
26 silly audit   tldts: [ '6.1.86' ],
26 silly audit   'tldts-core': [ '6.1.86' ],
26 silly audit   tmp: [ '0.2.5' ],
26 silly audit   tr46: [ '5.1.1' ],
26 silly audit   'tree-kill': [ '1.2.2' ],
26 silly audit   'tunnel-agent': [ '0.6.0' ],
26 silly audit   tweetnacl: [ '0.14.5' ],
26 silly audit   'type-check': [ '0.4.0' ],
26 silly audit   'type-detect': [ '4.1.0' ],
26 silly audit   'typed-array-buffer': [ '1.0.3' ],
26 silly audit   'typed-array-byte-length': [ '1.0.3' ],
26 silly audit   'typed-array-byte-offset': [ '1.0.4' ],
26 silly audit   'typed-array-length': [ '1.0.7' ],
26 silly audit   ufo: [ '1.6.1' ],
26 silly audit   'unbox-primitive': [ '1.1.0' ],
26 silly audit   untildify: [ '4.0.0' ],
26 silly audit   'update-browserslist-db': [ '1.2.3' ],
26 silly audit   'uri-js': [ '4.4.1' ],
26 silly audit   'url-parse': [ '1.5.10' ],
26 silly audit   uuid: [ '8.3.2' ],
26 silly audit   verror: [ '1.10.0' ],
26 silly audit   vite: [ '5.4.21' ],
26 silly audit   'vite-node': [ '1.6.1' ],
26 silly audit   vitest: [ '1.6.1' ],
26 silly audit   'w3c-xmlserializer': [ '5.0.0' ],
26 silly audit   'webidl-conversions': [ '7.0.0' ],
26 silly audit   'whatwg-encoding': [ '3.1.1' ],
26 silly audit   'whatwg-mimetype': [ '4.0.0' ],
26 silly audit   'whatwg-url': [ '14.2.0' ],
26 silly audit   which: [ '2.0.2' ],
26 silly audit   'which-boxed-primitive': [ '1.1.1' ],
26 silly audit   'which-builtin-type': [ '1.2.1' ],
26 silly audit   'which-collection': [ '1.0.2' ],
26 silly audit   'which-typed-array': [ '1.1.19' ],
26 silly audit   'why-is-node-running': [ '2.3.0' ],
26 silly audit   'word-wrap': [ '1.2.5' ],
26 silly audit   wrappy: [ '1.0.2' ],
26 silly audit   ws: [ '8.18.3' ],
26 silly audit   'xml-name-validator': [ '5.0.0' ],
26 silly audit   xmlchars: [ '2.2.0' ],
26 silly audit   yallist: [ '3.1.1' ],
26 silly audit   yauzl: [ '2.10.0' ],
26 silly audit   '@types/node': [ '25.6.0' ],
26 silly audit   'undici-types': [ '7.19.2' ]
26 silly audit }
27 http cache undici-types@https://registry.npmjs.org/undici-types/-/undici-types-7.19.2.tgz 1ms (cache hit)
28 http cache @types/node@https://registry.npmjs.org/@types/node/-/node-25.6.0.tgz 0ms (cache hit)
29 http cache yocto-queue@https://registry.npmjs.org/yocto-queue/-/yocto-queue-0.1.0.tgz 0ms (cache hit)
30 http cache yauzl@https://registry.npmmirror.com/yauzl/-/yauzl-2.10.0.tgz 0ms (cache hit)
31 http cache yallist@https://registry.npmjs.org/yallist/-/yallist-3.1.1.tgz 0ms (cache hit)
32 http cache xmlchars@https://registry.npmjs.org/xmlchars/-/xmlchars-2.2.0.tgz 0ms (cache hit)
33 http cache xml-name-validator@https://registry.npmjs.org/xml-name-validator/-/xml-name-validator-5.0.0.tgz 0ms (cache hit)
34 http cache ws@https://registry.npmjs.org/ws/-/ws-8.18.3.tgz 0ms (cache hit)
35 http cache wrappy@https://registry.npmjs.org/wrappy/-/wrappy-1.0.2.tgz 0ms (cache hit)
36 http cache wrap-ansi@https://registry.npmmirror.com/wrap-ansi/-/wrap-ansi-7.0.0.tgz 0ms (cache hit)
37 http cache word-wrap@https://registry.npmjs.org/word-wrap/-/word-wrap-1.2.5.tgz 0ms (cache hit)
38 http cache why-is-node-running@https://registry.npmjs.org/why-is-node-running/-/why-is-node-running-2.3.0.tgz 0ms (cache hit)
39 http cache which-typed-array@https://registry.npmjs.org/which-typed-array/-/which-typed-array-1.1.19.tgz 0ms (cache hit)
40 http cache which-collection@https://registry.npmjs.org/which-collection/-/which-collection-1.0.2.tgz 0ms (cache hit)
41 http cache which-builtin-type@https://registry.npmjs.org/which-builtin-type/-/which-builtin-type-1.2.1.tgz 0ms (cache hit)
42 http cache which-boxed-primitive@https://registry.npmjs.org/which-boxed-primitive/-/which-boxed-primitive-1.1.1.tgz 0ms (cache hit)
43 http cache which@https://registry.npmjs.org/which/-/which-2.0.2.tgz 0ms (cache hit)
44 http cache whatwg-url@https://registry.npmjs.org/whatwg-url/-/whatwg-url-14.2.0.tgz 0ms (cache hit)
45 http cache whatwg-mimetype@https://registry.npmjs.org/whatwg-mimetype/-/whatwg-mimetype-4.0.0.tgz 0ms (cache hit)
46 http cache whatwg-encoding@https://registry.npmjs.org/whatwg-encoding/-/whatwg-encoding-3.1.1.tgz 0ms (cache hit)
47 http cache webidl-conversions@https://registry.npmjs.org/webidl-conversions/-/webidl-conversions-7.0.0.tgz 0ms (cache hit)
48 http cache w3c-xmlserializer@https://registry.npmjs.org/w3c-xmlserializer/-/w3c-xmlserializer-5.0.0.tgz 0ms (cache hit)
49 http cache vitest@https://registry.npmjs.org/vitest/-/vitest-1.6.1.tgz 0ms (cache hit)
50 http cache vite-node@https://registry.npmjs.org/vite-node/-/vite-node-1.6.1.tgz 0ms (cache hit)
51 http cache vite@https://registry.npmjs.org/vite/-/vite-5.4.21.tgz 0ms (cache hit)
52 http cache verror@https://registry.npmmirror.com/verror/-/verror-1.10.0.tgz 0ms (cache hit)
53 http cache uuid@https://registry.npmmirror.com/uuid/-/uuid-8.3.2.tgz 0ms (cache hit)
54 http cache url-parse@https://registry.npmjs.org/url-parse/-/url-parse-1.5.10.tgz 0ms (cache hit)
55 http cache uri-js@https://registry.npmjs.org/uri-js/-/uri-js-4.4.1.tgz 0ms (cache hit)
56 http cache update-browserslist-db@https://registry.npmjs.org/update-browserslist-db/-/update-browserslist-db-1.2.3.tgz 0ms (cache hit)
57 http cache untildify@https://registry.npmmirror.com/untildify/-/untildify-4.0.0.tgz 0ms (cache hit)
58 http cache universalify@https://registry.npmjs.org/universalify/-/universalify-0.2.0.tgz 0ms (cache hit)
59 http cache unbox-primitive@https://registry.npmjs.org/unbox-primitive/-/unbox-primitive-1.1.0.tgz 0ms (cache hit)
60 http cache ufo@https://registry.npmjs.org/ufo/-/ufo-1.6.1.tgz 0ms (cache hit)
61 http cache typed-array-length@https://registry.npmjs.org/typed-array-length/-/typed-array-length-1.0.7.tgz 0ms (cache hit)
62 http cache typed-array-byte-offset@https://registry.npmjs.org/typed-array-byte-offset/-/typed-array-byte-offset-1.0.4.tgz 0ms (cache hit)
63 http cache typed-array-byte-length@https://registry.npmjs.org/typed-array-byte-length/-/typed-array-byte-length-1.0.3.tgz 0ms (cache hit)
64 http cache typed-array-buffer@https://registry.npmjs.org/typed-array-buffer/-/typed-array-buffer-1.0.3.tgz 0ms (cache hit)
65 http cache type-fest@https://registry.npmmirror.com/type-fest/-/type-fest-0.20.2.tgz 0ms (cache hit)
66 http cache type-detect@https://registry.npmjs.org/type-detect/-/type-detect-4.1.0.tgz 0ms (cache hit)
67 http cache type-check@https://registry.npmjs.org/type-check/-/type-check-0.4.0.tgz 0ms (cache hit)
68 http cache tweetnacl@https://registry.npmmirror.com/tweetnacl/-/tweetnacl-0.14.5.tgz 0ms (cache hit)
69 http cache tunnel-agent@https://registry.npmmirror.com/tunnel-agent/-/tunnel-agent-0.6.0.tgz 0ms (cache hit)
70 http cache tslib@https://registry.npmmirror.com/tslib/-/tslib-2.8.1.tgz 0ms (cache hit)
71 http cache tree-kill@https://registry.npmmirror.com/tree-kill/-/tree-kill-1.2.2.tgz 0ms (cache hit)
72 http cache tr46@https://registry.npmjs.org/tr46/-/tr46-5.1.1.tgz 0ms (cache hit)
73 http cache tough-cookie@https://registry.npmjs.org/tough-cookie/-/tough-cookie-4.1.4.tgz 0ms (cache hit)
74 http cache tmp@https://registry.npmmirror.com/tmp/-/tmp-0.2.5.tgz 0ms (cache hit)
75 http cache tldts-core@https://registry.npmmirror.com/tldts-core/-/tldts-core-6.1.86.tgz 0ms (cache hit)
76 http cache tldts@https://registry.npmmirror.com/tldts/-/tldts-6.1.86.tgz 0ms (cache hit)
77 http cache tinyspy@https://registry.npmjs.org/tinyspy/-/tinyspy-2.2.1.tgz 0ms (cache hit)
78 http cache tinypool@https://registry.npmjs.org/tinypool/-/tinypool-0.8.4.tgz 0ms (cache hit)
79 http cache tinybench@https://registry.npmjs.org/tinybench/-/tinybench-2.9.0.tgz 0ms (cache hit)
80 http cache through@https://registry.npmmirror.com/through/-/through-2.3.8.tgz 0ms (cache hit)
81 http cache throttleit@https://registry.npmmirror.com/throttleit/-/throttleit-1.0.1.tgz 0ms (cache hit)
82 http cache text-table@https://registry.npmjs.org/text-table/-/text-table-0.2.0.tgz 0ms (cache hit)
83 http cache systeminformation@https://registry.npmmirror.com/systeminformation/-/systeminformation-5.31.4.tgz 0ms (cache hit)
84 http cache symbol-tree@https://registry.npmjs.org/symbol-tree/-/symbol-tree-3.2.4.tgz 0ms (cache hit)
85 http cache supports-preserve-symlinks-flag@https://registry.npmjs.org/supports-preserve-symlinks-flag/-/supports-preserve-symlinks-flag-1.0.0.tgz 0ms (cache hit)
86 http cache supports-color@https://registry.npmjs.org/supports-color/-/supports-color-7.2.0.tgz 0ms (cache hit)
87 http cache strip-literal@https://registry.npmjs.org/strip-literal/-/strip-literal-2.1.1.tgz 0ms (cache hit)
88 http cache strip-json-comments@https://registry.npmjs.org/strip-json-comments/-/strip-json-comments-3.1.1.tgz 0ms (cache hit)
89 http cache strip-indent@https://registry.npmjs.org/strip-indent/-/strip-indent-3.0.0.tgz 0ms (cache hit)
90 http cache strip-final-newline@https://registry.npmjs.org/strip-final-newline/-/strip-final-newline-3.0.0.tgz 0ms (cache hit)
91 http cache strip-ansi@https://registry.npmjs.org/strip-ansi/-/strip-ansi-6.0.1.tgz 0ms (cache hit)
92 http cache string.prototype.trimstart@https://registry.npmjs.org/string.prototype.trimstart/-/string.prototype.trimstart-1.0.8.tgz 0ms (cache hit)
93 http cache string.prototype.trimend@https://registry.npmjs.org/string.prototype.trimend/-/string.prototype.trimend-1.0.9.tgz 0ms (cache hit)
94 http cache string.prototype.trim@https://registry.npmjs.org/string.prototype.trim/-/string.prototype.trim-1.2.10.tgz 0ms (cache hit)
95 http cache string.prototype.repeat@https://registry.npmjs.org/string.prototype.repeat/-/string.prototype.repeat-1.0.0.tgz 0ms (cache hit)
96 http cache string.prototype.matchall@https://registry.npmjs.org/string.prototype.matchall/-/string.prototype.matchall-4.0.12.tgz 0ms (cache hit)
97 http cache string-width@https://registry.npmmirror.com/string-width/-/string-width-4.2.3.tgz 0ms (cache hit)
98 http cache stop-iteration-iterator@https://registry.npmjs.org/stop-iteration-iterator/-/stop-iteration-iterator-1.1.0.tgz 0ms (cache hit)
99 http cache std-env@https://registry.npmjs.org/std-env/-/std-env-3.10.0.tgz 0ms (cache hit)
100 http cache stackback@https://registry.npmjs.org/stackback/-/stackback-0.0.2.tgz 0ms (cache hit)
101 http cache sshpk@https://registry.npmmirror.com/sshpk/-/sshpk-1.18.0.tgz 0ms (cache hit)
102 http cache source-map-js@https://registry.npmjs.org/source-map-js/-/source-map-js-1.2.1.tgz 0ms (cache hit)
103 http cache slice-ansi@https://registry.npmmirror.com/slice-ansi/-/slice-ansi-3.0.0.tgz 0ms (cache hit)
104 http cache signal-exit@https://registry.npmjs.org/signal-exit/-/signal-exit-4.1.0.tgz 0ms (cache hit)
105 http cache siginfo@https://registry.npmjs.org/siginfo/-/siginfo-2.0.0.tgz 0ms (cache hit)
106 http cache side-channel-weakmap@https://registry.npmjs.org/side-channel-weakmap/-/side-channel-weakmap-1.0.2.tgz 0ms (cache hit)
107 http cache side-channel-map@https://registry.npmjs.org/side-channel-map/-/side-channel-map-1.0.1.tgz 0ms (cache hit)
108 http cache side-channel-list@https://registry.npmjs.org/side-channel-list/-/side-channel-list-1.0.0.tgz 0ms (cache hit)
109 http cache side-channel@https://registry.npmjs.org/side-channel/-/side-channel-1.1.0.tgz 0ms (cache hit)
110 http cache shebang-regex@https://registry.npmjs.org/shebang-regex/-/shebang-regex-3.0.0.tgz 0ms (cache hit)
111 http cache shebang-command@https://registry.npmjs.org/shebang-command/-/shebang-command-2.0.0.tgz 0ms (cache hit)
112 http cache set-proto@https://registry.npmjs.org/set-proto/-/set-proto-1.0.0.tgz 0ms (cache hit)
113 http cache set-function-name@https://registry.npmjs.org/set-function-name/-/set-function-name-2.0.2.tgz 0ms (cache hit)
114 http cache set-function-length@https://registry.npmjs.org/set-function-length/-/set-function-length-1.2.2.tgz 0ms (cache hit)
115 http cache set-cookie-parser@https://registry.npmmirror.com/set-cookie-parser/-/set-cookie-parser-2.7.2.tgz 0ms (cache hit)
116 http cache semver@https://registry.npmjs.org/semver/-/semver-6.3.1.tgz 0ms (cache hit)
117 http cache scheduler@https://registry.npmjs.org/scheduler/-/scheduler-0.23.2.tgz 0ms (cache hit)
118 http cache saxes@https://registry.npmjs.org/saxes/-/saxes-6.0.0.tgz 0ms (cache hit)
119 http cache safer-buffer@https://registry.npmjs.org/safer-buffer/-/safer-buffer-2.1.2.tgz 0ms (cache hit)
120 http cache safe-regex-test@https://registry.npmjs.org/safe-regex-test/-/safe-regex-test-1.1.0.tgz 0ms (cache hit)
121 http cache safe-push-apply@https://registry.npmjs.org/safe-push-apply/-/safe-push-apply-1.0.0.tgz 0ms (cache hit)
122 http cache safe-buffer@https://registry.npmmirror.com/safe-buffer/-/safe-buffer-5.2.1.tgz 0ms (cache hit)
123 http cache safe-array-concat@https://registry.npmjs.org/safe-array-concat/-/safe-array-concat-1.1.3.tgz 0ms (cache hit)
124 http cache rxjs@https://registry.npmmirror.com/rxjs/-/rxjs-7.8.2.tgz 0ms (cache hit)
125 http cache run-parallel@https://registry.npmjs.org/run-parallel/-/run-parallel-1.2.0.tgz 0ms (cache hit)
126 http cache rollup@https://registry.npmjs.org/rollup/-/rollup-4.54.0.tgz 0ms (cache hit)
127 http cache rimraf@https://registry.npmjs.org/rimraf/-/rimraf-3.0.2.tgz 0ms (cache hit)
128 http cache rfdc@https://registry.npmmirror.com/rfdc/-/rfdc-1.4.1.tgz 0ms (cache hit)
129 http cache reusify@https://registry.npmjs.org/reusify/-/reusify-1.1.0.tgz 0ms (cache hit)
130 http cache restore-cursor@https://registry.npmmirror.com/restore-cursor/-/restore-cursor-3.1.0.tgz 0ms (cache hit)
131 http cache resolve-from@https://registry.npmjs.org/resolve-from/-/resolve-from-4.0.0.tgz 0ms (cache hit)
132 http cache resolve@https://registry.npmjs.org/resolve/-/resolve-2.0.0-next.5.tgz 0ms (cache hit)
133 http cache requires-port@https://registry.npmjs.org/requires-port/-/requires-port-1.0.0.tgz 0ms (cache hit)
134 http cache request-progress@https://registry.npmmirror.com/request-progress/-/request-progress-3.0.0.tgz 0ms (cache hit)
135 http cache regexp.prototype.flags@https://registry.npmjs.org/regexp.prototype.flags/-/regexp.prototype.flags-1.5.4.tgz 0ms (cache hit)
136 http cache rrweb-cssom@https://registry.npmjs.org/rrweb-cssom/-/rrweb-cssom-0.7.1.tgz 0ms (cache hit)
137 http cache reflect.getprototypeof@https://registry.npmjs.org/reflect.getprototypeof/-/reflect.getprototypeof-1.0.10.tgz 0ms (cache hit)
138 http cache redent@https://registry.npmjs.org/redent/-/redent-3.0.0.tgz 0ms (cache hit)
139 http cache react-router-dom@https://registry.npmmirror.com/react-router-dom/-/react-router-dom-7.13.1.tgz 0ms (cache hit)
140 http cache react-router@https://registry.npmmirror.com/react-router/-/react-router-7.13.1.tgz 0ms (cache hit)
141 http cache react-refresh@https://registry.npmjs.org/react-refresh/-/react-refresh-0.17.0.tgz 0ms (cache hit)
142 http cache react-is@https://registry.npmjs.org/react-is/-/react-is-17.0.2.tgz 0ms (cache hit)
143 http cache react-dom@https://registry.npmjs.org/react-dom/-/react-dom-18.3.1.tgz 0ms (cache hit)
144 http cache queue-microtask@https://registry.npmjs.org/queue-microtask/-/queue-microtask-1.2.3.tgz 0ms (cache hit)
145 http cache querystringify@https://registry.npmjs.org/querystringify/-/querystringify-2.2.0.tgz 0ms (cache hit)
146 http cache react@https://registry.npmjs.org/react/-/react-18.3.1.tgz 0ms (cache hit)
147 http cache qs@https://registry.npmmirror.com/qs/-/qs-6.14.2.tgz 0ms (cache hit)
148 http cache punycode@https://registry.npmjs.org/punycode/-/punycode-2.3.1.tgz 0ms (cache hit)
149 http cache pump@https://registry.npmmirror.com/pump/-/pump-3.0.4.tgz 0ms (cache hit)
150 http cache proxy-from-env@https://registry.npmmirror.com/proxy-from-env/-/proxy-from-env-1.1.0.tgz 0ms (cache hit)
151 http cache psl@https://registry.npmjs.org/psl/-/psl-1.15.0.tgz 0ms (cache hit)
152 http cache prop-types@https://registry.npmjs.org/prop-types/-/prop-types-15.8.1.tgz 0ms (cache hit)
153 http cache process@https://registry.npmmirror.com/process/-/process-0.11.10.tgz 0ms (cache hit)
154 http cache pretty-format@https://registry.npmjs.org/pretty-format/-/pretty-format-27.5.1.tgz 0ms (cache hit)
155 http cache pretty-bytes@https://registry.npmmirror.com/pretty-bytes/-/pretty-bytes-5.6.0.tgz 0ms (cache hit)
156 http cache prelude-ls@https://registry.npmjs.org/prelude-ls/-/prelude-ls-1.2.1.tgz 0ms (cache hit)
157 http cache postcss@https://registry.npmjs.org/postcss/-/postcss-8.5.6.tgz 0ms (cache hit)
158 http cache possible-typed-array-names@https://registry.npmjs.org/possible-typed-array-names/-/possible-typed-array-names-1.1.0.tgz 0ms (cache hit)
159 http cache pify@https://registry.npmmirror.com/pify/-/pify-2.3.0.tgz 0ms (cache hit)
160 http cache pkg-types@https://registry.npmjs.org/pkg-types/-/pkg-types-1.3.1.tgz 0ms (cache hit)
161 http cache picocolors@https://registry.npmjs.org/picocolors/-/picocolors-1.1.1.tgz 0ms (cache hit)
162 http cache performance-now@https://registry.npmmirror.com/performance-now/-/performance-now-2.1.0.tgz 0ms (cache hit)
163 http cache pend@https://registry.npmmirror.com/pend/-/pend-1.2.0.tgz 0ms (cache hit)
164 http cache pathval@https://registry.npmjs.org/pathval/-/pathval-1.1.1.tgz 0ms (cache hit)
165 http cache pathe@https://registry.npmjs.org/pathe/-/pathe-1.1.2.tgz 0ms (cache hit)
166 http cache path-key@https://registry.npmjs.org/path-key/-/path-key-3.1.1.tgz 0ms (cache hit)
167 http cache path-parse@https://registry.npmjs.org/path-parse/-/path-parse-1.0.7.tgz 0ms (cache hit)
168 http cache path-is-absolute@https://registry.npmjs.org/path-is-absolute/-/path-is-absolute-1.0.1.tgz 0ms (cache hit)
169 http cache path-exists@https://registry.npmjs.org/path-exists/-/path-exists-4.0.0.tgz 0ms (cache hit)
170 http cache parse5@https://registry.npmjs.org/parse5/-/parse5-7.3.0.tgz 0ms (cache hit)
171 http cache parent-module@https://registry.npmjs.org/parent-module/-/parent-module-1.0.1.tgz 0ms (cache hit)
172 http cache p-map@https://registry.npmmirror.com/p-map/-/p-map-4.0.0.tgz 0ms (cache hit)
173 http cache p-locate@https://registry.npmjs.org/p-locate/-/p-locate-5.0.0.tgz 0ms (cache hit)
174 http cache p-limit@https://registry.npmjs.org/p-limit/-/p-limit-3.1.0.tgz 0ms (cache hit)
175 http cache own-keys@https://registry.npmjs.org/own-keys/-/own-keys-1.0.1.tgz 0ms (cache hit)
176 http cache ospath@https://registry.npmmirror.com/ospath/-/ospath-1.2.2.tgz 0ms (cache hit)
177 http cache onetime@https://registry.npmjs.org/onetime/-/onetime-6.0.0.tgz 0ms (cache hit)
178 http cache optionator@https://registry.npmjs.org/optionator/-/optionator-0.9.4.tgz 0ms (cache hit)
179 http cache once@https://registry.npmjs.org/once/-/once-1.4.0.tgz 0ms (cache hit)
180 http cache object.values@https://registry.npmjs.org/object.values/-/object.values-1.2.1.tgz 0ms (cache hit)
181 http cache object.fromentries@https://registry.npmjs.org/object.fromentries/-/object.fromentries-2.0.8.tgz 0ms (cache hit)
182 http cache object.entries@https://registry.npmjs.org/object.entries/-/object.entries-1.1.9.tgz 0ms (cache hit)
183 http cache object.assign@https://registry.npmjs.org/object.assign/-/object.assign-4.1.7.tgz 0ms (cache hit)
184 http cache object-keys@https://registry.npmjs.org/object-keys/-/object-keys-1.1.1.tgz 0ms (cache hit)
185 http cache object-inspect@https://registry.npmjs.org/object-inspect/-/object-inspect-1.13.4.tgz 0ms (cache hit)
186 http cache object-assign@https://registry.npmjs.org/object-assign/-/object-assign-4.1.1.tgz 0ms (cache hit)
187 http cache nwsapi@https://registry.npmjs.org/nwsapi/-/nwsapi-2.2.23.tgz 0ms (cache hit)
188 http cache npm-run-path@https://registry.npmjs.org/npm-run-path/-/npm-run-path-5.3.0.tgz 0ms (cache hit)
189 http cache node-releases@https://registry.npmjs.org/node-releases/-/node-releases-2.0.27.tgz 0ms (cache hit)
190 http cache natural-compare@https://registry.npmjs.org/natural-compare/-/natural-compare-1.4.0.tgz 0ms (cache hit)
191 http cache nanoid@https://registry.npmjs.org/nanoid/-/nanoid-3.3.11.tgz 0ms (cache hit)
192 http cache ms@https://registry.npmjs.org/ms/-/ms-2.1.3.tgz 0ms (cache hit)
193 http cache motion-utils@https://registry.npmmirror.com/motion-utils/-/motion-utils-12.36.0.tgz 0ms (cache hit)
194 http cache mlly@https://registry.npmjs.org/mlly/-/mlly-1.8.0.tgz 0ms (cache hit)
195 http cache motion-dom@https://registry.npmmirror.com/motion-dom/-/motion-dom-12.38.0.tgz 0ms (cache hit)
196 http cache minimatch@https://registry.npmjs.org/minimatch/-/minimatch-3.1.2.tgz 0ms (cache hit)
197 http cache min-indent@https://registry.npmjs.org/min-indent/-/min-indent-1.0.1.tgz 0ms (cache hit)
198 http cache mimic-fn@https://registry.npmjs.org/mimic-fn/-/mimic-fn-4.0.0.tgz 0ms (cache hit)
199 http cache mime-types@https://registry.npmjs.org/mime-types/-/mime-types-2.1.35.tgz 0ms (cache hit)
200 http cache mime-db@https://registry.npmjs.org/mime-db/-/mime-db-1.52.0.tgz 0ms (cache hit)
201 http cache merge-stream@https://registry.npmjs.org/merge-stream/-/merge-stream-2.0.0.tgz 0ms (cache hit)
202 http cache math-intrinsics@https://registry.npmjs.org/math-intrinsics/-/math-intrinsics-1.1.0.tgz 0ms (cache hit)
203 http cache magic-string@https://registry.npmjs.org/magic-string/-/magic-string-0.30.21.tgz 0ms (cache hit)
204 http cache lz-string@https://registry.npmjs.org/lz-string/-/lz-string-1.5.0.tgz 0ms (cache hit)
205 http cache lucide-react@https://registry.npmmirror.com/lucide-react/-/lucide-react-0.577.0.tgz 0ms (cache hit)
206 http cache lru-cache@https://registry.npmjs.org/lru-cache/-/lru-cache-5.1.1.tgz 0ms (cache hit)
207 http cache loupe@https://registry.npmjs.org/loupe/-/loupe-2.3.7.tgz 0ms (cache hit)
208 http cache loose-envify@https://registry.npmjs.org/loose-envify/-/loose-envify-1.4.0.tgz 0ms (cache hit)
209 http cache log-update@https://registry.npmmirror.com/log-update/-/log-update-4.0.0.tgz 0ms (cache hit)
210 http cache log-symbols@https://registry.npmmirror.com/log-symbols/-/log-symbols-4.1.0.tgz 0ms (cache hit)
211 http cache lodash.once@https://registry.npmmirror.com/lodash.once/-/lodash.once-4.1.1.tgz 0ms (cache hit)
212 http cache lodash.merge@https://registry.npmjs.org/lodash.merge/-/lodash.merge-4.6.2.tgz 0ms (cache hit)
213 http cache lodash@https://registry.npmmirror.com/lodash/-/lodash-4.17.23.tgz 0ms (cache hit)
214 http cache locate-path@https://registry.npmjs.org/locate-path/-/locate-path-6.0.0.tgz 0ms (cache hit)
215 http cache local-pkg@https://registry.npmjs.org/local-pkg/-/local-pkg-0.5.1.tgz 0ms (cache hit)
216 http cache listr2@https://registry.npmmirror.com/listr2/-/listr2-3.14.0.tgz 0ms (cache hit)
217 http cache levn@https://registry.npmjs.org/levn/-/levn-0.4.1.tgz 0ms (cache hit)
218 http cache keyv@https://registry.npmjs.org/keyv/-/keyv-4.5.4.tgz 0ms (cache hit)
219 http cache jsx-ast-utils@https://registry.npmjs.org/jsx-ast-utils/-/jsx-ast-utils-3.3.5.tgz 0ms (cache hit)
220 http cache jsprim@https://registry.npmmirror.com/jsprim/-/jsprim-2.0.2.tgz 0ms (cache hit)
221 http cache jsonfile@https://registry.npmmirror.com/jsonfile/-/jsonfile-6.2.0.tgz 0ms (cache hit)
222 http cache json5@https://registry.npmjs.org/json5/-/json5-2.2.3.tgz 0ms (cache hit)
223 http cache json-stringify-safe@https://registry.npmmirror.com/json-stringify-safe/-/json-stringify-safe-5.0.1.tgz 0ms (cache hit)
224 http cache json-schema-traverse@https://registry.npmjs.org/json-schema-traverse/-/json-schema-traverse-0.4.1.tgz 0ms (cache hit)
225 http cache json-stable-stringify-without-jsonify@https://registry.npmjs.org/json-stable-stringify-without-jsonify/-/json-stable-stringify-without-jsonify-1.0.1.tgz 0ms (cache hit)
226 http cache json-schema@https://registry.npmmirror.com/json-schema/-/json-schema-0.4.0.tgz 0ms (cache hit)
227 http cache json-buffer@https://registry.npmjs.org/json-buffer/-/json-buffer-3.0.1.tgz 0ms (cache hit)
228 http cache jsesc@https://registry.npmjs.org/jsesc/-/jsesc-3.1.0.tgz 0ms (cache hit)
229 http cache jsdom@https://registry.npmjs.org/jsdom/-/jsdom-24.1.3.tgz 0ms (cache hit)
230 http cache jsbn@https://registry.npmmirror.com/jsbn/-/jsbn-0.1.1.tgz 0ms (cache hit)
231 http cache js-yaml@https://registry.npmjs.org/js-yaml/-/js-yaml-4.1.1.tgz 0ms (cache hit)
232 http cache js-tokens@https://registry.npmjs.org/js-tokens/-/js-tokens-4.0.0.tgz 0ms (cache hit)
233 http cache iterator.prototype@https://registry.npmjs.org/iterator.prototype/-/iterator.prototype-1.1.5.tgz 0ms (cache hit)
234 http cache isstream@https://registry.npmmirror.com/isstream/-/isstream-0.1.2.tgz 0ms (cache hit)
235 http cache isexe@https://registry.npmjs.org/isexe/-/isexe-2.0.0.tgz 0ms (cache hit)
236 http cache isarray@https://registry.npmjs.org/isarray/-/isarray-2.0.5.tgz 0ms (cache hit)
237 http cache is-weakset@https://registry.npmjs.org/is-weakset/-/is-weakset-2.0.4.tgz 0ms (cache hit)
238 http cache is-weakref@https://registry.npmjs.org/is-weakref/-/is-weakref-1.1.1.tgz 0ms (cache hit)
239 http cache is-weakmap@https://registry.npmjs.org/is-weakmap/-/is-weakmap-2.0.2.tgz 0ms (cache hit)
240 http cache is-unicode-supported@https://registry.npmmirror.com/is-unicode-supported/-/is-unicode-supported-0.1.0.tgz 0ms (cache hit)
241 http cache is-typedarray@https://registry.npmmirror.com/is-typedarray/-/is-typedarray-1.0.0.tgz 0ms (cache hit)
242 http cache is-typed-array@https://registry.npmjs.org/is-typed-array/-/is-typed-array-1.1.15.tgz 0ms (cache hit)
243 http cache is-symbol@https://registry.npmjs.org/is-symbol/-/is-symbol-1.1.1.tgz 0ms (cache hit)
244 http cache is-string@https://registry.npmjs.org/is-string/-/is-string-1.1.1.tgz 0ms (cache hit)
245 http cache is-stream@https://registry.npmjs.org/is-stream/-/is-stream-3.0.0.tgz 0ms (cache hit)
246 http cache is-shared-array-buffer@https://registry.npmjs.org/is-shared-array-buffer/-/is-shared-array-buffer-1.0.4.tgz 0ms (cache hit)
247 http cache is-set@https://registry.npmjs.org/is-set/-/is-set-2.0.3.tgz 0ms (cache hit)
248 http cache is-regex@https://registry.npmjs.org/is-regex/-/is-regex-1.2.1.tgz 0ms (cache hit)
249 http cache is-potential-custom-element-name@https://registry.npmjs.org/is-potential-custom-element-name/-/is-potential-custom-element-name-1.0.1.tgz 0ms (cache hit)
250 http cache is-path-inside@https://registry.npmjs.org/is-path-inside/-/is-path-inside-3.0.3.tgz 0ms (cache hit)
251 http cache is-negative-zero@https://registry.npmjs.org/is-negative-zero/-/is-negative-zero-2.0.3.tgz 0ms (cache hit)
252 http cache is-number-object@https://registry.npmjs.org/is-number-object/-/is-number-object-1.1.1.tgz 0ms (cache hit)
253 http cache is-map@https://registry.npmjs.org/is-map/-/is-map-2.0.3.tgz 0ms (cache hit)
254 http cache is-installed-globally@https://registry.npmmirror.com/is-installed-globally/-/is-installed-globally-0.4.0.tgz 0ms (cache hit)
255 http cache is-glob@https://registry.npmjs.org/is-glob/-/is-glob-4.0.3.tgz 0ms (cache hit)
256 http cache is-fullwidth-code-point@https://registry.npmmirror.com/is-fullwidth-code-point/-/is-fullwidth-code-point-3.0.0.tgz 0ms (cache hit)
257 http cache is-finalizationregistry@https://registry.npmjs.org/is-finalizationregistry/-/is-finalizationregistry-1.1.1.tgz 0ms (cache hit)
258 http cache is-generator-function@https://registry.npmjs.org/is-generator-function/-/is-generator-function-1.1.2.tgz 0ms (cache hit)
259 http cache is-extglob@https://registry.npmjs.org/is-extglob/-/is-extglob-2.1.1.tgz 0ms (cache hit)
260 http cache is-date-object@https://registry.npmjs.org/is-date-object/-/is-date-object-1.1.0.tgz 0ms (cache hit)
261 http cache is-data-view@https://registry.npmjs.org/is-data-view/-/is-data-view-1.0.2.tgz 0ms (cache hit)
262 http cache is-core-module@https://registry.npmjs.org/is-core-module/-/is-core-module-2.16.1.tgz 0ms (cache hit)
263 http cache is-callable@https://registry.npmjs.org/is-callable/-/is-callable-1.2.7.tgz 0ms (cache hit)
264 http cache is-bigint@https://registry.npmjs.org/is-bigint/-/is-bigint-1.1.0.tgz 0ms (cache hit)
265 http cache is-boolean-object@https://registry.npmjs.org/is-boolean-object/-/is-boolean-object-1.2.2.tgz 0ms (cache hit)
266 http cache is-async-function@https://registry.npmjs.org/is-async-function/-/is-async-function-2.1.1.tgz 0ms (cache hit)
267 http cache is-array-buffer@https://registry.npmjs.org/is-array-buffer/-/is-array-buffer-3.0.5.tgz 0ms (cache hit)
268 http cache ini@https://registry.npmmirror.com/ini/-/ini-2.0.0.tgz 0ms (cache hit)
269 http cache internal-slot@https://registry.npmjs.org/internal-slot/-/internal-slot-1.1.0.tgz 0ms (cache hit)
270 http cache inherits@https://registry.npmjs.org/inherits/-/inherits-2.0.4.tgz 0ms (cache hit)
271 http cache inflight@https://registry.npmjs.org/inflight/-/inflight-1.0.6.tgz 0ms (cache hit)
272 http cache indent-string@https://registry.npmjs.org/indent-string/-/indent-string-4.0.0.tgz 0ms (cache hit)
273 http cache imurmurhash@https://registry.npmjs.org/imurmurhash/-/imurmurhash-0.1.4.tgz 0ms (cache hit)
274 http cache import-fresh@https://registry.npmjs.org/import-fresh/-/import-fresh-3.3.1.tgz 0ms (cache hit)
275 http cache ignore@https://registry.npmjs.org/ignore/-/ignore-5.3.2.tgz 0ms (cache hit)
276 http cache ieee754@https://registry.npmmirror.com/ieee754/-/ieee754-1.2.1.tgz 0ms (cache hit)
277 http cache iconv-lite@https://registry.npmjs.org/iconv-lite/-/iconv-lite-0.6.3.tgz 0ms (cache hit)
278 http cache human-signals@https://registry.npmjs.org/human-signals/-/human-signals-5.0.0.tgz 0ms (cache hit)
279 http cache https-proxy-agent@https://registry.npmjs.org/https-proxy-agent/-/https-proxy-agent-7.0.6.tgz 0ms (cache hit)
280 http cache http-signature@https://registry.npmmirror.com/http-signature/-/http-signature-1.4.0.tgz 0ms (cache hit)
281 http cache http-proxy-agent@https://registry.npmjs.org/http-proxy-agent/-/http-proxy-agent-7.0.2.tgz 0ms (cache hit)
282 http cache hasown@https://registry.npmjs.org/hasown/-/hasown-2.0.2.tgz 0ms (cache hit)
283 http cache hasha@https://registry.npmmirror.com/hasha/-/hasha-5.2.2.tgz 0ms (cache hit)
284 http cache has-tostringtag@https://registry.npmjs.org/has-tostringtag/-/has-tostringtag-1.0.2.tgz 0ms (cache hit)
285 http cache has-proto@https://registry.npmjs.org/has-proto/-/has-proto-1.2.0.tgz 0ms (cache hit)
286 http cache has-symbols@https://registry.npmjs.org/has-symbols/-/has-symbols-1.1.0.tgz 0ms (cache hit)
287 http cache has-property-descriptors@https://registry.npmjs.org/has-property-descriptors/-/has-property-descriptors-1.0.2.tgz 0ms (cache hit)
288 http cache has-flag@https://registry.npmjs.org/has-flag/-/has-flag-4.0.0.tgz 0ms (cache hit)
289 http cache has-bigints@https://registry.npmjs.org/has-bigints/-/has-bigints-1.1.0.tgz 0ms (cache hit)
290 http cache graphemer@https://registry.npmjs.org/graphemer/-/graphemer-1.4.0.tgz 0ms (cache hit)
291 http cache gopd@https://registry.npmjs.org/gopd/-/gopd-1.2.0.tgz 0ms (cache hit)
292 http cache graceful-fs@https://registry.npmmirror.com/graceful-fs/-/graceful-fs-4.2.11.tgz 0ms (cache hit)
293 http cache globalthis@https://registry.npmjs.org/globalthis/-/globalthis-1.0.4.tgz 0ms (cache hit)
294 http cache globals@https://registry.npmmirror.com/globals/-/globals-17.4.0.tgz 0ms (cache hit)
295 http cache global-dirs@https://registry.npmmirror.com/global-dirs/-/global-dirs-3.0.1.tgz 0ms (cache hit)
296 http cache glob-parent@https://registry.npmjs.org/glob-parent/-/glob-parent-6.0.2.tgz 0ms (cache hit)
297 http cache glob@https://registry.npmjs.org/glob/-/glob-7.2.3.tgz 0ms (cache hit)
298 http cache getpass@https://registry.npmmirror.com/getpass/-/getpass-0.1.7.tgz 0ms (cache hit)
299 http cache get-symbol-description@https://registry.npmjs.org/get-symbol-description/-/get-symbol-description-1.1.0.tgz 0ms (cache hit)
300 http cache get-stream@https://registry.npmjs.org/get-stream/-/get-stream-8.0.1.tgz 0ms (cache hit)
301 http cache get-intrinsic@https://registry.npmjs.org/get-intrinsic/-/get-intrinsic-1.3.0.tgz 0ms (cache hit)
302 http cache get-proto@https://registry.npmjs.org/get-proto/-/get-proto-1.0.1.tgz 0ms (cache hit)
303 http cache get-func-name@https://registry.npmjs.org/get-func-name/-/get-func-name-2.0.2.tgz 0ms (cache hit)
304 http cache gensync@https://registry.npmjs.org/gensync/-/gensync-1.0.0-beta.2.tgz 0ms (cache hit)
305 http cache generator-function@https://registry.npmjs.org/generator-function/-/generator-function-2.0.1.tgz 0ms (cache hit)
306 http cache functions-have-names@https://registry.npmjs.org/functions-have-names/-/functions-have-names-1.2.3.tgz 0ms (cache hit)
307 http cache function.prototype.name@https://registry.npmjs.org/function.prototype.name/-/function.prototype.name-1.1.8.tgz 0ms (cache hit)
308 http cache function-bind@https://registry.npmjs.org/function-bind/-/function-bind-1.1.2.tgz 0ms (cache hit)
309 http cache fsevents@https://registry.npmjs.org/fsevents/-/fsevents-2.3.3.tgz 0ms (cache hit)
310 http cache fs.realpath@https://registry.npmjs.org/fs.realpath/-/fs.realpath-1.0.0.tgz 0ms (cache hit)
311 http cache fs-extra@https://registry.npmmirror.com/fs-extra/-/fs-extra-9.1.0.tgz 0ms (cache hit)
312 http cache framer-motion@https://registry.npmmirror.com/framer-motion/-/framer-motion-12.38.0.tgz 0ms (cache hit)
313 http cache form-data@https://registry.npmjs.org/form-data/-/form-data-4.0.5.tgz 0ms (cache hit)
314 http cache forever-agent@https://registry.npmmirror.com/forever-agent/-/forever-agent-0.6.1.tgz 0ms (cache hit)
315 http cache for-each@https://registry.npmjs.org/for-each/-/for-each-0.3.5.tgz 0ms (cache hit)
316 http cache follow-redirects@https://registry.npmmirror.com/follow-redirects/-/follow-redirects-1.15.11.tgz 0ms (cache hit)
317 http cache flatted@https://registry.npmjs.org/flatted/-/flatted-3.3.3.tgz 0ms (cache hit)
318 http cache flat-cache@https://registry.npmjs.org/flat-cache/-/flat-cache-3.2.0.tgz 0ms (cache hit)
319 http cache file-entry-cache@https://registry.npmjs.org/file-entry-cache/-/file-entry-cache-6.0.1.tgz 0ms (cache hit)
320 http cache find-up@https://registry.npmjs.org/find-up/-/find-up-5.0.0.tgz 0ms (cache hit)
321 http cache figures@https://registry.npmmirror.com/figures/-/figures-3.2.0.tgz 0ms (cache hit)
322 http cache fd-slicer@https://registry.npmmirror.com/fd-slicer/-/fd-slicer-1.1.0.tgz 0ms (cache hit)
323 http cache fastq@https://registry.npmjs.org/fastq/-/fastq-1.20.1.tgz 0ms (cache hit)
324 http cache fast-levenshtein@https://registry.npmjs.org/fast-levenshtein/-/fast-levenshtein-2.0.6.tgz 0ms (cache hit)
325 http cache fast-json-stable-stringify@https://registry.npmjs.org/fast-json-stable-stringify/-/fast-json-stable-stringify-2.1.0.tgz 0ms (cache hit)
326 http cache fast-deep-equal@https://registry.npmjs.org/fast-deep-equal/-/fast-deep-equal-3.1.3.tgz 0ms (cache hit)
327 http cache extsprintf@https://registry.npmmirror.com/extsprintf/-/extsprintf-1.3.0.tgz 0ms (cache hit)
328 http cache extract-zip@https://registry.npmmirror.com/extract-zip/-/extract-zip-2.0.1.tgz 0ms (cache hit)
329 http cache extend@https://registry.npmmirror.com/extend/-/extend-3.0.2.tgz 0ms (cache hit)
330 http cache executable@https://registry.npmmirror.com/executable/-/executable-4.1.1.tgz 0ms (cache hit)
331 http cache execa@https://registry.npmjs.org/execa/-/execa-8.0.1.tgz 0ms (cache hit)
332 http cache esutils@https://registry.npmjs.org/esutils/-/esutils-2.0.3.tgz 0ms (cache hit)
333 http cache eventemitter2@https://registry.npmmirror.com/eventemitter2/-/eventemitter2-6.4.7.tgz 0ms (cache hit)
334 http cache estree-walker@https://registry.npmjs.org/estree-walker/-/estree-walker-3.0.3.tgz 0ms (cache hit)
335 http cache estraverse@https://registry.npmjs.org/estraverse/-/estraverse-5.3.0.tgz 0ms (cache hit)
336 http cache esrecurse@https://registry.npmjs.org/esrecurse/-/esrecurse-4.3.0.tgz 0ms (cache hit)
337 http cache esquery@https://registry.npmjs.org/esquery/-/esquery-1.7.0.tgz 0ms (cache hit)
338 http cache espree@https://registry.npmjs.org/espree/-/espree-9.6.1.tgz 0ms (cache hit)
339 http cache eslint-visitor-keys@https://registry.npmjs.org/eslint-visitor-keys/-/eslint-visitor-keys-3.4.3.tgz 0ms (cache hit)
340 http cache eslint-scope@https://registry.npmjs.org/eslint-scope/-/eslint-scope-7.2.2.tgz 0ms (cache hit)
341 http cache eslint-plugin-react-hooks@https://registry.npmjs.org/eslint-plugin-react-hooks/-/eslint-plugin-react-hooks-4.6.2.tgz 0ms (cache hit)
342 http cache eslint-plugin-react-refresh@https://registry.npmjs.org/eslint-plugin-react-refresh/-/eslint-plugin-react-refresh-0.4.26.tgz 0ms (cache hit)
343 http cache eslint-plugin-react@https://registry.npmmirror.com/eslint-plugin-react/-/eslint-plugin-react-7.37.5.tgz 0ms (cache hit)
344 http cache eslint@https://registry.npmmirror.com/eslint/-/eslint-8.57.1.tgz 0ms (cache hit)
345 http cache escape-string-regexp@https://registry.npmjs.org/escape-string-regexp/-/escape-string-regexp-4.0.0.tgz 0ms (cache hit)
346 http cache escalade@https://registry.npmjs.org/escalade/-/escalade-3.2.0.tgz 0ms (cache hit)
347 http cache esbuild@https://registry.npmjs.org/esbuild/-/esbuild-0.21.5.tgz 0ms (cache hit)
348 http cache es-to-primitive@https://registry.npmjs.org/es-to-primitive/-/es-to-primitive-1.3.0.tgz 0ms (cache hit)
349 http cache es-shim-unscopables@https://registry.npmjs.org/es-shim-unscopables/-/es-shim-unscopables-1.1.0.tgz 0ms (cache hit)
350 http cache es-set-tostringtag@https://registry.npmjs.org/es-set-tostringtag/-/es-set-tostringtag-2.1.0.tgz 0ms (cache hit)
351 http cache es-object-atoms@https://registry.npmjs.org/es-object-atoms/-/es-object-atoms-1.1.1.tgz 0ms (cache hit)
352 http cache es-iterator-helpers@https://registry.npmjs.org/es-iterator-helpers/-/es-iterator-helpers-1.2.2.tgz 0ms (cache hit)
353 http cache es-errors@https://registry.npmjs.org/es-errors/-/es-errors-1.3.0.tgz 0ms (cache hit)
354 http cache es-define-property@https://registry.npmjs.org/es-define-property/-/es-define-property-1.0.1.tgz 0ms (cache hit)
355 http cache es-abstract@https://registry.npmjs.org/es-abstract/-/es-abstract-1.24.1.tgz 0ms (cache hit)
356 http cache entities@https://registry.npmjs.org/entities/-/entities-6.0.1.tgz 0ms (cache hit)
357 http cache enquirer@https://registry.npmmirror.com/enquirer/-/enquirer-2.4.1.tgz 0ms (cache hit)
358 http cache end-of-stream@https://registry.npmmirror.com/end-of-stream/-/end-of-stream-1.4.5.tgz 0ms (cache hit)
359 http cache emoji-regex@https://registry.npmmirror.com/emoji-regex/-/emoji-regex-8.0.0.tgz 0ms (cache hit)
360 http cache electron-to-chromium@https://registry.npmjs.org/electron-to-chromium/-/electron-to-chromium-1.5.267.tgz 0ms (cache hit)
361 http cache html-encoding-sniffer@https://registry.npmjs.org/html-encoding-sniffer/-/html-encoding-sniffer-4.0.0.tgz 0ms (cache hit)
362 http cache ecc-jsbn@https://registry.npmmirror.com/ecc-jsbn/-/ecc-jsbn-0.1.2.tgz 0ms (cache hit)
363 http cache dom-accessibility-api@https://registry.npmjs.org/dom-accessibility-api/-/dom-accessibility-api-0.6.3.tgz 0ms (cache hit)
364 http cache doctrine@https://registry.npmjs.org/doctrine/-/doctrine-3.0.0.tgz 0ms (cache hit)
365 http cache dunder-proto@https://registry.npmjs.org/dunder-proto/-/dunder-proto-1.0.1.tgz 0ms (cache hit)
366 http cache diff-sequences@https://registry.npmjs.org/diff-sequences/-/diff-sequences-29.6.3.tgz 0ms (cache hit)
367 http cache dequal@https://registry.npmjs.org/dequal/-/dequal-2.0.3.tgz 0ms (cache hit)
368 http cache delayed-stream@https://registry.npmjs.org/delayed-stream/-/delayed-stream-1.0.0.tgz 0ms (cache hit)
369 http cache define-data-property@https://registry.npmjs.org/define-data-property/-/define-data-property-1.1.4.tgz 0ms (cache hit)
370 http cache deep-is@https://registry.npmjs.org/deep-is/-/deep-is-0.1.4.tgz 0ms (cache hit)
371 http cache deep-eql@https://registry.npmjs.org/deep-eql/-/deep-eql-4.1.4.tgz 0ms (cache hit)
372 http cache decimal.js@https://registry.npmjs.org/decimal.js/-/decimal.js-10.6.0.tgz 0ms (cache hit)
373 http cache debug@https://registry.npmjs.org/debug/-/debug-4.4.3.tgz 0ms (cache hit)
374 http cache dayjs@https://registry.npmmirror.com/dayjs/-/dayjs-1.11.20.tgz 0ms (cache hit)
375 http cache data-view-byte-offset@https://registry.npmjs.org/data-view-byte-offset/-/data-view-byte-offset-1.0.1.tgz 0ms (cache hit)
376 http cache data-view-byte-length@https://registry.npmjs.org/data-view-byte-length/-/data-view-byte-length-1.0.2.tgz 0ms (cache hit)
377 http cache data-view-buffer@https://registry.npmjs.org/data-view-buffer/-/data-view-buffer-1.0.2.tgz 0ms (cache hit)
378 http cache data-urls@https://registry.npmjs.org/data-urls/-/data-urls-5.0.0.tgz 0ms (cache hit)
379 http cache dashdash@https://registry.npmmirror.com/dashdash/-/dashdash-1.14.1.tgz 0ms (cache hit)
380 http cache cypress@https://registry.npmmirror.com/cypress/-/cypress-15.12.0.tgz 0ms (cache hit)
381 http cache csstype@https://registry.npmjs.org/csstype/-/csstype-3.2.3.tgz 0ms (cache hit)
382 http cache cssstyle@https://registry.npmjs.org/cssstyle/-/cssstyle-4.6.0.tgz 0ms (cache hit)
383 http cache css.escape@https://registry.npmjs.org/css.escape/-/css.escape-1.5.1.tgz 0ms (cache hit)
384 http cache cross-spawn@https://registry.npmjs.org/cross-spawn/-/cross-spawn-7.0.6.tgz 0ms (cache hit)
385 http cache core-util-is@https://registry.npmmirror.com/core-util-is/-/core-util-is-1.0.2.tgz 0ms (cache hit)
386 http cache define-properties@https://registry.npmjs.org/define-properties/-/define-properties-1.2.1.tgz 0ms (cache hit)
387 http cache convert-source-map@https://registry.npmjs.org/convert-source-map/-/convert-source-map-2.0.0.tgz 0ms (cache hit)
388 http cache concat-map@https://registry.npmjs.org/concat-map/-/concat-map-0.0.1.tgz 0ms (cache hit)
389 http cache confbox@https://registry.npmjs.org/confbox/-/confbox-0.1.8.tgz 0ms (cache hit)
390 http cache common-tags@https://registry.npmmirror.com/common-tags/-/common-tags-1.8.2.tgz 0ms (cache hit)
391 http cache commander@https://registry.npmmirror.com/commander/-/commander-6.2.1.tgz 0ms (cache hit)
392 http cache combined-stream@https://registry.npmjs.org/combined-stream/-/combined-stream-1.0.8.tgz 0ms (cache hit)
393 http cache colors@https://registry.npmmirror.com/colors/-/colors-1.4.0.tgz 0ms (cache hit)
394 http cache colorette@https://registry.npmmirror.com/colorette/-/colorette-2.0.20.tgz 0ms (cache hit)
395 http cache color-name@https://registry.npmjs.org/color-name/-/color-name-1.1.4.tgz 0ms (cache hit)
396 http cache color-convert@https://registry.npmjs.org/color-convert/-/color-convert-2.0.1.tgz 0ms (cache hit)
397 http cache cli-truncate@https://registry.npmmirror.com/cli-truncate/-/cli-truncate-2.1.0.tgz 0ms (cache hit)
398 http cache cli-table3@https://registry.npmmirror.com/cli-table3/-/cli-table3-0.6.1.tgz 0ms (cache hit)
399 http cache cli-cursor@https://registry.npmmirror.com/cli-cursor/-/cli-cursor-3.1.0.tgz 0ms (cache hit)
400 http cache clean-stack@https://registry.npmmirror.com/clean-stack/-/clean-stack-2.2.0.tgz 0ms (cache hit)
401 http cache ci-info@https://registry.npmmirror.com/ci-info/-/ci-info-4.4.0.tgz 0ms (cache hit)
402 http cache check-error@https://registry.npmjs.org/check-error/-/check-error-1.0.3.tgz 0ms (cache hit)
403 http cache chalk@https://registry.npmjs.org/chalk/-/chalk-4.1.2.tgz 0ms (cache hit)
404 http cache chai@https://registry.npmjs.org/chai/-/chai-4.5.0.tgz 0ms (cache hit)
405 http cache caseless@https://registry.npmmirror.com/caseless/-/caseless-0.12.0.tgz 0ms (cache hit)
406 http cache callsites@https://registry.npmjs.org/callsites/-/callsites-3.1.0.tgz 0ms (cache hit)
407 http cache caniuse-lite@https://registry.npmjs.org/caniuse-lite/-/caniuse-lite-1.0.30001762.tgz 0ms (cache hit)
408 http cache call-bound@https://registry.npmjs.org/call-bound/-/call-bound-1.0.4.tgz 0ms (cache hit)
409 http cache call-bind-apply-helpers@https://registry.npmjs.org/call-bind-apply-helpers/-/call-bind-apply-helpers-1.0.2.tgz 0ms (cache hit)
410 http cache call-bind@https://registry.npmjs.org/call-bind/-/call-bind-1.0.8.tgz 0ms (cache hit)
411 http cache cac@https://registry.npmjs.org/cac/-/cac-6.7.14.tgz 0ms (cache hit)
412 http cache buffer-crc32@https://registry.npmmirror.com/buffer-crc32/-/buffer-crc32-0.2.13.tgz 0ms (cache hit)
413 http cache buffer@https://registry.npmmirror.com/buffer/-/buffer-5.7.1.tgz 0ms (cache hit)
414 http cache browserslist@https://registry.npmjs.org/browserslist/-/browserslist-4.28.1.tgz 0ms (cache hit)
415 http cache brace-expansion@https://registry.npmjs.org/brace-expansion/-/brace-expansion-1.1.12.tgz 0ms (cache hit)
416 http cache bluebird@https://registry.npmmirror.com/bluebird/-/bluebird-3.7.2.tgz 0ms (cache hit)
417 http cache blob-util@https://registry.npmmirror.com/blob-util/-/blob-util-2.0.2.tgz 0ms (cache hit)
418 http cache bcrypt-pbkdf@https://registry.npmmirror.com/bcrypt-pbkdf/-/bcrypt-pbkdf-1.0.2.tgz 0ms (cache hit)
419 http cache baseline-browser-mapping@https://registry.npmjs.org/baseline-browser-mapping/-/baseline-browser-mapping-2.9.11.tgz 0ms (cache hit)
420 http cache cachedir@https://registry.npmmirror.com/cachedir/-/cachedir-2.4.0.tgz 0ms (cache hit)
421 http cache base64-js@https://registry.npmmirror.com/base64-js/-/base64-js-1.5.1.tgz 0ms (cache hit)
422 http cache balanced-match@https://registry.npmjs.org/balanced-match/-/balanced-match-1.0.2.tgz 0ms (cache hit)
423 http cache axios@https://registry.npmmirror.com/axios/-/axios-1.13.6.tgz 0ms (cache hit)
424 http cache aws4@https://registry.npmmirror.com/aws4/-/aws4-1.13.2.tgz 0ms (cache hit)
425 http cache aws-sign2@https://registry.npmmirror.com/aws-sign2/-/aws-sign2-0.7.0.tgz 0ms (cache hit)
426 http cache available-typed-arrays@https://registry.npmjs.org/available-typed-arrays/-/available-typed-arrays-1.0.7.tgz 0ms (cache hit)
427 http cache at-least-node@https://registry.npmmirror.com/at-least-node/-/at-least-node-1.0.0.tgz 0ms (cache hit)
428 http cache asynckit@https://registry.npmjs.org/asynckit/-/asynckit-0.4.0.tgz 0ms (cache hit)
429 http cache async-function@https://registry.npmjs.org/async-function/-/async-function-1.0.0.tgz 0ms (cache hit)
430 http cache astral-regex@https://registry.npmmirror.com/astral-regex/-/astral-regex-2.0.0.tgz 0ms (cache hit)
431 http cache assertion-error@https://registry.npmjs.org/assertion-error/-/assertion-error-1.1.0.tgz 0ms (cache hit)
432 http cache assert-plus@https://registry.npmmirror.com/assert-plus/-/assert-plus-1.0.0.tgz 0ms (cache hit)
433 http cache asn1@https://registry.npmmirror.com/asn1/-/asn1-0.2.6.tgz 0ms (cache hit)
434 http cache arraybuffer.prototype.slice@https://registry.npmjs.org/arraybuffer.prototype.slice/-/arraybuffer.prototype.slice-1.0.4.tgz 0ms (cache hit)
435 http cache array.prototype.tosorted@https://registry.npmjs.org/array.prototype.tosorted/-/array.prototype.tosorted-1.1.4.tgz 0ms (cache hit)
436 http cache array.prototype.flatmap@https://registry.npmjs.org/array.prototype.flatmap/-/array.prototype.flatmap-1.3.3.tgz 0ms (cache hit)
437 http cache array.prototype.flat@https://registry.npmjs.org/array.prototype.flat/-/array.prototype.flat-1.3.3.tgz 0ms (cache hit)
438 http cache array.prototype.findlast@https://registry.npmjs.org/array.prototype.findlast/-/array.prototype.findlast-1.2.5.tgz 0ms (cache hit)
439 http cache array-includes@https://registry.npmjs.org/array-includes/-/array-includes-3.1.9.tgz 0ms (cache hit)
440 http cache array-buffer-byte-length@https://registry.npmjs.org/array-buffer-byte-length/-/array-buffer-byte-length-1.0.2.tgz 0ms (cache hit)
441 http cache aria-query@https://registry.npmjs.org/aria-query/-/aria-query-5.3.2.tgz 0ms (cache hit)
442 http cache argparse@https://registry.npmjs.org/argparse/-/argparse-2.0.1.tgz 0ms (cache hit)
443 http cache arch@https://registry.npmmirror.com/arch/-/arch-2.2.0.tgz 0ms (cache hit)
444 http cache ansi-styles@https://registry.npmjs.org/ansi-styles/-/ansi-styles-4.3.0.tgz 0ms (cache hit)
445 http cache ansi-regex@https://registry.npmjs.org/ansi-regex/-/ansi-regex-5.0.1.tgz 0ms (cache hit)
446 http cache ansi-escapes@https://registry.npmmirror.com/ansi-escapes/-/ansi-escapes-4.3.2.tgz 0ms (cache hit)
447 http cache ansi-colors@https://registry.npmmirror.com/ansi-colors/-/ansi-colors-4.1.3.tgz 0ms (cache hit)
448 http cache aggregate-error@https://registry.npmmirror.com/aggregate-error/-/aggregate-error-3.1.0.tgz 0ms (cache hit)
449 http cache acorn-walk@https://registry.npmjs.org/acorn-walk/-/acorn-walk-8.3.4.tgz 0ms (cache hit)
450 http cache agent-base@https://registry.npmjs.org/agent-base/-/agent-base-7.1.4.tgz 0ms (cache hit)
451 http cache acorn@https://registry.npmjs.org/acorn/-/acorn-8.15.0.tgz 0ms (cache hit)
452 http cache acorn-jsx@https://registry.npmjs.org/acorn-jsx/-/acorn-jsx-5.3.2.tgz 0ms (cache hit)
453 http cache @vitest/utils@https://registry.npmjs.org/@vitest/utils/-/utils-1.6.1.tgz 0ms (cache hit)
454 http cache @vitest/spy@https://registry.npmjs.org/@vitest/spy/-/spy-1.6.1.tgz 0ms (cache hit)
455 http cache @vitest/snapshot@https://registry.npmjs.org/@vitest/snapshot/-/snapshot-1.6.1.tgz 0ms (cache hit)
456 http cache @vitest/runner@https://registry.npmjs.org/@vitest/runner/-/runner-1.6.1.tgz 0ms (cache hit)
457 http cache @vitest/expect@https://registry.npmjs.org/@vitest/expect/-/expect-1.6.1.tgz 0ms (cache hit)
458 http cache @vitejs/plugin-react@https://registry.npmjs.org/@vitejs/plugin-react/-/plugin-react-4.7.0.tgz 0ms (cache hit)
459 http cache @ungap/structured-clone@https://registry.npmjs.org/@ungap/structured-clone/-/structured-clone-1.3.0.tgz 0ms (cache hit)
460 http cache @types/yauzl@https://registry.npmmirror.com/@types/yauzl/-/yauzl-2.10.3.tgz 0ms (cache hit)
461 http cache @types/tmp@https://registry.npmmirror.com/@types/tmp/-/tmp-0.2.6.tgz 0ms (cache hit)
462 http cache @types/sizzle@https://registry.npmmirror.com/@types/sizzle/-/sizzle-2.3.10.tgz 0ms (cache hit)
463 http cache @types/sinonjs__fake-timers@https://registry.npmmirror.com/@types/sinonjs__fake-timers/-/sinonjs__fake-timers-8.1.1.tgz 0ms (cache hit)
464 http cache @types/react-dom@https://registry.npmjs.org/@types/react-dom/-/react-dom-18.3.7.tgz 0ms (cache hit)
465 http cache @types/react@https://registry.npmjs.org/@types/react/-/react-18.3.27.tgz 0ms (cache hit)
466 http cache @types/prop-types@https://registry.npmjs.org/@types/prop-types/-/prop-types-15.7.15.tgz 0ms (cache hit)
467 http cache @types/estree@https://registry.npmjs.org/@types/estree/-/estree-1.0.8.tgz 0ms (cache hit)
468 http cache @types/babel__traverse@https://registry.npmjs.org/@types/babel__traverse/-/babel__traverse-7.28.0.tgz 0ms (cache hit)
469 http cache @types/babel__template@https://registry.npmjs.org/@types/babel__template/-/babel__template-7.4.4.tgz 0ms (cache hit)
470 http cache @types/babel__generator@https://registry.npmjs.org/@types/babel__generator/-/babel__generator-7.27.0.tgz 0ms (cache hit)
471 http cache @types/babel__core@https://registry.npmjs.org/@types/babel__core/-/babel__core-7.20.5.tgz 0ms (cache hit)
472 http cache @types/aria-query@https://registry.npmjs.org/@types/aria-query/-/aria-query-5.0.4.tgz 0ms (cache hit)
473 http cache @testing-library/react@https://registry.npmjs.org/@testing-library/react/-/react-15.0.7.tgz 0ms (cache hit)
474 http cache @testing-library/jest-dom@https://registry.npmjs.org/@testing-library/jest-dom/-/jest-dom-6.9.1.tgz 0ms (cache hit)
475 http cache @testing-library/dom@https://registry.npmjs.org/@testing-library/dom/-/dom-10.4.1.tgz 0ms (cache hit)
476 http cache @sinclair/typebox@https://registry.npmjs.org/@sinclair/typebox/-/typebox-0.27.8.tgz 0ms (cache hit)
477 http cache @rollup/rollup-darwin-arm64@https://registry.npmjs.org/@rollup/rollup-darwin-arm64/-/rollup-darwin-arm64-4.54.0.tgz 0ms (cache hit)
478 http cache @rolldown/pluginutils@https://registry.npmjs.org/@rolldown/pluginutils/-/pluginutils-1.0.0-beta.27.tgz 0ms (cache hit)
479 http cache @nodelib/fs.walk@https://registry.npmjs.org/@nodelib/fs.walk/-/fs.walk-1.2.8.tgz 0ms (cache hit)
480 http cache @nodelib/fs.stat@https://registry.npmjs.org/@nodelib/fs.stat/-/fs.stat-2.0.5.tgz 0ms (cache hit)
481 http cache @nodelib/fs.scandir@https://registry.npmjs.org/@nodelib/fs.scandir/-/fs.scandir-2.1.5.tgz 0ms (cache hit)
482 http cache @jridgewell/trace-mapping@https://registry.npmjs.org/@jridgewell/trace-mapping/-/trace-mapping-0.3.31.tgz 0ms (cache hit)
483 http cache @jridgewell/sourcemap-codec@https://registry.npmjs.org/@jridgewell/sourcemap-codec/-/sourcemap-codec-1.5.5.tgz 0ms (cache hit)
484 http cache @jridgewell/resolve-uri@https://registry.npmjs.org/@jridgewell/resolve-uri/-/resolve-uri-3.1.2.tgz 0ms (cache hit)
485 http cache @jridgewell/remapping@https://registry.npmjs.org/@jridgewell/remapping/-/remapping-2.3.5.tgz 0ms (cache hit)
486 http cache @jridgewell/gen-mapping@https://registry.npmjs.org/@jridgewell/gen-mapping/-/gen-mapping-0.3.13.tgz 0ms (cache hit)
487 http cache @jest/schemas@https://registry.npmjs.org/@jest/schemas/-/schemas-29.6.3.tgz 0ms (cache hit)
488 http cache @humanwhocodes/object-schema@https://registry.npmjs.org/@humanwhocodes/object-schema/-/object-schema-2.0.3.tgz 0ms (cache hit)
489 http cache @humanwhocodes/module-importer@https://registry.npmjs.org/@humanwhocodes/module-importer/-/module-importer-1.0.1.tgz 0ms (cache hit)
490 http cache @humanwhocodes/config-array@https://registry.npmjs.org/@humanwhocodes/config-array/-/config-array-0.13.0.tgz 0ms (cache hit)
491 http cache @eslint/eslintrc@https://registry.npmjs.org/@eslint/eslintrc/-/eslintrc-2.1.4.tgz 0ms (cache hit)
492 http cache @eslint-community/regexpp@https://registry.npmjs.org/@eslint-community/regexpp/-/regexpp-4.12.2.tgz 0ms (cache hit)
493 http cache @eslint-community/eslint-utils@https://registry.npmjs.org/@eslint-community/eslint-utils/-/eslint-utils-4.9.1.tgz 0ms (cache hit)
494 http cache @esbuild/darwin-arm64@https://registry.npmjs.org/@esbuild/darwin-arm64/-/darwin-arm64-0.21.5.tgz 0ms (cache hit)
495 http cache @cypress/xvfb@https://registry.npmmirror.com/@cypress/xvfb/-/xvfb-1.2.4.tgz 0ms (cache hit)
496 http cache @cypress/request@https://registry.npmmirror.com/@cypress/request/-/request-3.0.10.tgz 0ms (cache hit)
497 http cache @csstools/css-tokenizer@https://registry.npmjs.org/@csstools/css-tokenizer/-/css-tokenizer-3.0.4.tgz 0ms (cache hit)
498 http cache @csstools/css-parser-algorithms@https://registry.npmjs.org/@csstools/css-parser-algorithms/-/css-parser-algorithms-3.0.5.tgz 0ms (cache hit)
499 http cache @csstools/css-color-parser@https://registry.npmjs.org/@csstools/css-color-parser/-/css-color-parser-3.1.0.tgz 0ms (cache hit)
500 http cache @csstools/css-calc@https://registry.npmjs.org/@csstools/css-calc/-/css-calc-2.1.4.tgz 0ms (cache hit)
501 http cache @csstools/color-helpers@https://registry.npmjs.org/@csstools/color-helpers/-/color-helpers-5.1.0.tgz 0ms (cache hit)
502 http cache @babel/types@https://registry.npmjs.org/@babel/types/-/types-7.28.5.tgz 0ms (cache hit)
503 http cache @babel/traverse@https://registry.npmjs.org/@babel/traverse/-/traverse-7.28.5.tgz 0ms (cache hit)
504 http cache @babel/template@https://registry.npmjs.org/@babel/template/-/template-7.27.2.tgz 0ms (cache hit)
505 http cache @babel/runtime@https://registry.npmjs.org/@babel/runtime/-/runtime-7.28.4.tgz 0ms (cache hit)
506 http cache @babel/plugin-transform-react-jsx-source@https://registry.npmjs.org/@babel/plugin-transform-react-jsx-source/-/plugin-transform-react-jsx-source-7.27.1.tgz 0ms (cache hit)
507 http cache @babel/plugin-transform-react-jsx-self@https://registry.npmjs.org/@babel/plugin-transform-react-jsx-self/-/plugin-transform-react-jsx-self-7.27.1.tgz 0ms (cache hit)
508 http cache @babel/parser@https://registry.npmjs.org/@babel/parser/-/parser-7.28.5.tgz 0ms (cache hit)
509 http cache @babel/helpers@https://registry.npmjs.org/@babel/helpers/-/helpers-7.28.4.tgz 0ms (cache hit)
510 http cache ajv@https://registry.npmjs.org/ajv/-/ajv-6.12.6.tgz 0ms (cache hit)
511 http cache @babel/helper-validator-option@https://registry.npmjs.org/@babel/helper-validator-option/-/helper-validator-option-7.27.1.tgz 0ms (cache hit)
512 http cache @babel/helper-string-parser@https://registry.npmjs.org/@babel/helper-string-parser/-/helper-string-parser-7.27.1.tgz 0ms (cache hit)
513 http cache @babel/helper-plugin-utils@https://registry.npmjs.org/@babel/helper-plugin-utils/-/helper-plugin-utils-7.27.1.tgz 0ms (cache hit)
514 http cache @babel/helper-module-transforms@https://registry.npmjs.org/@babel/helper-module-transforms/-/helper-module-transforms-7.28.3.tgz 0ms (cache hit)
515 http cache @babel/helper-module-imports@https://registry.npmjs.org/@babel/helper-module-imports/-/helper-module-imports-7.27.1.tgz 0ms (cache hit)
516 http cache @babel/helper-globals@https://registry.npmjs.org/@babel/helper-globals/-/helper-globals-7.28.0.tgz 0ms (cache hit)
517 http cache @babel/helper-compilation-targets@https://registry.npmjs.org/@babel/helper-compilation-targets/-/helper-compilation-targets-7.27.2.tgz 0ms (cache hit)
518 http cache @babel/generator@https://registry.npmjs.org/@babel/generator/-/generator-7.28.5.tgz 0ms (cache hit)
519 http cache @babel/core@https://registry.npmjs.org/@babel/core/-/core-7.28.5.tgz 0ms (cache hit)
520 http cache @babel/compat-data@https://registry.npmjs.org/@babel/compat-data/-/compat-data-7.28.5.tgz 0ms (cache hit)
521 http cache @babel/code-frame@https://registry.npmjs.org/@babel/code-frame/-/code-frame-7.27.1.tgz 0ms (cache hit)
522 http cache @asamuzakjp/css-color@https://registry.npmjs.org/@asamuzakjp/css-color/-/css-color-3.2.0.tgz 0ms (cache hit)
523 http cache @adobe/css-tools@https://registry.npmjs.org/@adobe/css-tools/-/css-tools-4.4.4.tgz 0ms (cache hit)
524 http cache js-tokens@https://registry.npmjs.org/js-tokens/-/js-tokens-9.0.1.tgz 0ms (cache hit)
525 http cache @babel/helper-validator-identifier@https://registry.npmjs.org/@babel/helper-validator-identifier/-/helper-validator-identifier-7.28.5.tgz 0ms (cache hit)
526 http cache onetime@https://registry.npmmirror.com/onetime/-/onetime-5.1.2.tgz 0ms (cache hit)
527 http cache mimic-fn@https://registry.npmmirror.com/mimic-fn/-/mimic-fn-2.1.0.tgz 0ms (cache hit)
528 http cache react-is@https://registry.npmjs.org/react-is/-/react-is-16.13.1.tgz 0ms (cache hit)
529 http cache ansi-styles@https://registry.npmjs.org/ansi-styles/-/ansi-styles-5.2.0.tgz 0ms (cache hit)
530 http cache pathe@https://registry.npmjs.org/pathe/-/pathe-2.0.3.tgz 0ms (cache hit)
531 http cache path-key@https://registry.npmjs.org/path-key/-/path-key-4.0.0.tgz 0ms (cache hit)
532 http cache slice-ansi@https://registry.npmmirror.com/slice-ansi/-/slice-ansi-4.0.0.tgz 0ms (cache hit)
533 http cache pathe@https://registry.npmjs.org/pathe/-/pathe-2.0.3.tgz 0ms (cache hit)
534 http cache wrap-ansi@https://registry.npmmirror.com/wrap-ansi/-/wrap-ansi-6.2.0.tgz 0ms (cache hit)
535 http cache type-fest@https://registry.npmmirror.com/type-fest/-/type-fest-0.8.1.tgz 0ms (cache hit)
536 http cache is-stream@https://registry.npmmirror.com/is-stream/-/is-stream-2.0.1.tgz 0ms (cache hit)
537 http cache universalify@https://registry.npmmirror.com/universalify/-/universalify-2.0.1.tgz 0ms (cache hit)
538 http cache universalify@https://registry.npmmirror.com/universalify/-/universalify-2.0.1.tgz 0ms (cache hit)
539 http cache escape-string-regexp@https://registry.npmmirror.com/escape-string-regexp/-/escape-string-regexp-1.0.5.tgz 0ms (cache hit)
540 http cache get-stream@https://registry.npmmirror.com/get-stream/-/get-stream-5.2.0.tgz 0ms (cache hit)
541 http cache doctrine@https://registry.npmjs.org/doctrine/-/doctrine-2.1.0.tgz 0ms (cache hit)
542 http cache globals@https://registry.npmmirror.com/globals/-/globals-13.24.0.tgz 0ms (cache hit)
543 http cache @eslint/js@https://registry.npmmirror.com/@eslint/js/-/js-8.57.1.tgz 0ms (cache hit)
544 http cache tslib@https://registry.npmmirror.com/tslib/-/tslib-1.14.1.tgz 0ms (cache hit)
545 http cache supports-color@https://registry.npmmirror.com/supports-color/-/supports-color-8.1.1.tgz 0ms (cache hit)
546 http cache strip-final-newline@https://registry.npmmirror.com/strip-final-newline/-/strip-final-newline-2.0.0.tgz 0ms (cache hit)
547 http cache signal-exit@https://registry.npmmirror.com/signal-exit/-/signal-exit-3.0.7.tgz 0ms (cache hit)
548 http cache proxy-from-env@https://registry.npmmirror.com/proxy-from-env/-/proxy-from-env-1.0.0.tgz 0ms (cache hit)
549 http cache onetime@https://registry.npmmirror.com/onetime/-/onetime-5.1.2.tgz 0ms (cache hit)
550 http cache npm-run-path@https://registry.npmmirror.com/npm-run-path/-/npm-run-path-4.0.1.tgz 0ms (cache hit)
551 http cache mimic-fn@https://registry.npmmirror.com/mimic-fn/-/mimic-fn-2.1.0.tgz 0ms (cache hit)
552 http cache is-stream@https://registry.npmmirror.com/is-stream/-/is-stream-2.0.1.tgz 0ms (cache hit)
553 http cache human-signals@https://registry.npmmirror.com/human-signals/-/human-signals-1.1.1.tgz 0ms (cache hit)
554 http cache execa@https://registry.npmmirror.com/execa/-/execa-4.1.0.tgz 0ms (cache hit)
555 http cache get-stream@https://registry.npmmirror.com/get-stream/-/get-stream-5.2.0.tgz 0ms (cache hit)
556 http cache rrweb-cssom@https://registry.npmjs.org/rrweb-cssom/-/rrweb-cssom-0.8.0.tgz 0ms (cache hit)
557 http cache pretty-format@https://registry.npmjs.org/pretty-format/-/pretty-format-29.7.0.tgz 0ms (cache hit)
558 http cache type-fest@https://registry.npmmirror.com/type-fest/-/type-fest-0.21.3.tgz 0ms (cache hit)
559 http cache react-is@https://registry.npmjs.org/react-is/-/react-is-18.3.1.tgz 0ms (cache hit)
560 http cache ansi-styles@https://registry.npmjs.org/ansi-styles/-/ansi-styles-5.2.0.tgz 0ms (cache hit)
561 http cache pretty-format@https://registry.npmjs.org/pretty-format/-/pretty-format-29.7.0.tgz 0ms (cache hit)
562 http cache react-is@https://registry.npmjs.org/react-is/-/react-is-18.3.1.tgz 0ms (cache hit)
563 http cache ansi-styles@https://registry.npmjs.org/ansi-styles/-/ansi-styles-5.2.0.tgz 0ms (cache hit)
564 http cache yocto-queue@https://registry.npmjs.org/yocto-queue/-/yocto-queue-1.2.2.tgz 0ms (cache hit)
565 http cache p-limit@https://registry.npmjs.org/p-limit/-/p-limit-5.0.0.tgz 0ms (cache hit)
566 http cache aria-query@https://registry.npmjs.org/aria-query/-/aria-query-5.3.0.tgz 0ms (cache hit)
567 http cache dom-accessibility-api@https://registry.npmjs.org/dom-accessibility-api/-/dom-accessibility-api-0.5.16.tgz 0ms (cache hit)
568 http cache globals@https://registry.npmmirror.com/globals/-/globals-13.24.0.tgz 0ms (cache hit)
569 http cache debug@https://registry.npmmirror.com/debug/-/debug-3.2.7.tgz 0ms (cache hit)
570 http cache tough-cookie@https://registry.npmmirror.com/tough-cookie/-/tough-cookie-5.1.2.tgz 0ms (cache hit)
571 http cache lru-cache@https://registry.npmjs.org/lru-cache/-/lru-cache-10.4.3.tgz 0ms (cache hit)
572 http cache cookie@https://registry.npmmirror.com/cookie/-/cookie-1.1.1.tgz 0ms (cache hit)
573 http cache minimist@https://registry.npmmirror.com/minimist/-/minimist-1.2.8.tgz 0ms (cache hit)
574 http cache signal-exit@https://registry.npmmirror.com/signal-exit/-/signal-exit-3.0.7.tgz 0ms (cache hit)
575 silly tarball no local data for undici-types@https://registry.npmjs.org/undici-types/-/undici-types-7.19.2.tgz. Extracting by manifest.
576 silly tarball no local data for @types/node@https://registry.npmjs.org/@types/node/-/node-25.6.0.tgz. Extracting by manifest.
577 silly tarball no local data for yocto-queue@https://registry.npmjs.org/yocto-queue/-/yocto-queue-0.1.0.tgz. Extracting by manifest.
578 silly tarball no local data for yauzl@https://registry.npmmirror.com/yauzl/-/yauzl-2.10.0.tgz. Extracting by manifest.
579 silly tarball no local data for yallist@https://registry.npmjs.org/yallist/-/yallist-3.1.1.tgz. Extracting by manifest.
580 silly tarball no local data for xmlchars@https://registry.npmjs.org/xmlchars/-/xmlchars-2.2.0.tgz. Extracting by manifest.
581 silly tarball no local data for xml-name-validator@https://registry.npmjs.org/xml-name-validator/-/xml-name-validator-5.0.0.tgz. Extracting by manifest.
582 silly tarball no local data for ws@https://registry.npmjs.org/ws/-/ws-8.18.3.tgz. Extracting by manifest.
583 silly tarball no local data for wrappy@https://registry.npmjs.org/wrappy/-/wrappy-1.0.2.tgz. Extracting by manifest.
584 silly tarball no local data for wrap-ansi@https://registry.npmmirror.com/wrap-ansi/-/wrap-ansi-7.0.0.tgz. Extracting by manifest.
585 silly tarball no local data for word-wrap@https://registry.npmjs.org/word-wrap/-/word-wrap-1.2.5.tgz. Extracting by manifest.
586 silly tarball no local data for why-is-node-running@https://registry.npmjs.org/why-is-node-running/-/why-is-node-running-2.3.0.tgz. Extracting by manifest.
587 silly tarball no local data for which-typed-array@https://registry.npmjs.org/which-typed-array/-/which-typed-array-1.1.19.tgz. Extracting by manifest.
588 silly tarball no local data for which-collection@https://registry.npmjs.org/which-collection/-/which-collection-1.0.2.tgz. Extracting by manifest.
589 silly tarball no local data for which-builtin-type@https://registry.npmjs.org/which-builtin-type/-/which-builtin-type-1.2.1.tgz. Extracting by manifest.
590 silly tarball no local data for which-boxed-primitive@https://registry.npmjs.org/which-boxed-primitive/-/which-boxed-primitive-1.1.1.tgz. Extracting by manifest.
591 silly tarball no local data for which@https://registry.npmjs.org/which/-/which-2.0.2.tgz. Extracting by manifest.
592 silly tarball no local data for whatwg-url@https://registry.npmjs.org/whatwg-url/-/whatwg-url-14.2.0.tgz. Extracting by manifest.
593 silly tarball no local data for whatwg-mimetype@https://registry.npmjs.org/whatwg-mimetype/-/whatwg-mimetype-4.0.0.tgz. Extracting by manifest.
594 silly tarball no local data for whatwg-encoding@https://registry.npmjs.org/whatwg-encoding/-/whatwg-encoding-3.1.1.tgz. Extracting by manifest.
595 silly tarball no local data for webidl-conversions@https://registry.npmjs.org/webidl-conversions/-/webidl-conversions-7.0.0.tgz. Extracting by manifest.
596 silly tarball no local data for w3c-xmlserializer@https://registry.npmjs.org/w3c-xmlserializer/-/w3c-xmlserializer-5.0.0.tgz. Extracting by manifest.
597 silly tarball no local data for vitest@https://registry.npmjs.org/vitest/-/vitest-1.6.1.tgz. Extracting by manifest.
598 silly tarball no local data for vite-node@https://registry.npmjs.org/vite-node/-/vite-node-1.6.1.tgz. Extracting by manifest.
599 silly tarball no local data for vite@https://registry.npmjs.org/vite/-/vite-5.4.21.tgz. Extracting by manifest.
600 silly tarball no local data for verror@https://registry.npmmirror.com/verror/-/verror-1.10.0.tgz. Extracting by manifest.
601 silly tarball no local data for uuid@https://registry.npmmirror.com/uuid/-/uuid-8.3.2.tgz. Extracting by manifest.
602 silly tarball no local data for url-parse@https://registry.npmjs.org/url-parse/-/url-parse-1.5.10.tgz. Extracting by manifest.
603 silly tarball no local data for uri-js@https://registry.npmjs.org/uri-js/-/uri-js-4.4.1.tgz. Extracting by manifest.
604 silly tarball no local data for update-browserslist-db@https://registry.npmjs.org/update-browserslist-db/-/update-browserslist-db-1.2.3.tgz. Extracting by manifest.
605 silly tarball no local data for untildify@https://registry.npmmirror.com/untildify/-/untildify-4.0.0.tgz. Extracting by manifest.
606 silly tarball no local data for universalify@https://registry.npmjs.org/universalify/-/universalify-0.2.0.tgz. Extracting by manifest.
607 silly tarball no local data for unbox-primitive@https://registry.npmjs.org/unbox-primitive/-/unbox-primitive-1.1.0.tgz. Extracting by manifest.
608 silly tarball no local data for ufo@https://registry.npmjs.org/ufo/-/ufo-1.6.1.tgz. Extracting by manifest.
609 silly tarball no local data for typed-array-length@https://registry.npmjs.org/typed-array-length/-/typed-array-length-1.0.7.tgz. Extracting by manifest.
610 silly tarball no local data for typed-array-byte-offset@https://registry.npmjs.org/typed-array-byte-offset/-/typed-array-byte-offset-1.0.4.tgz. Extracting by manifest.
611 silly tarball no local data for typed-array-byte-length@https://registry.npmjs.org/typed-array-byte-length/-/typed-array-byte-length-1.0.3.tgz. Extracting by manifest.
612 silly tarball no local data for typed-array-buffer@https://registry.npmjs.org/typed-array-buffer/-/typed-array-buffer-1.0.3.tgz. Extracting by manifest.
613 silly tarball no local data for type-fest@https://registry.npmmirror.com/type-fest/-/type-fest-0.20.2.tgz. Extracting by manifest.
614 silly tarball no local data for type-detect@https://registry.npmjs.org/type-detect/-/type-detect-4.1.0.tgz. Extracting by manifest.
615 silly tarball no local data for type-check@https://registry.npmjs.org/type-check/-/type-check-0.4.0.tgz. Extracting by manifest.
616 silly tarball no local data for tweetnacl@https://registry.npmmirror.com/tweetnacl/-/tweetnacl-0.14.5.tgz. Extracting by manifest.
617 silly tarball no local data for tunnel-agent@https://registry.npmmirror.com/tunnel-agent/-/tunnel-agent-0.6.0.tgz. Extracting by manifest.
618 silly tarball no local data for tslib@https://registry.npmmirror.com/tslib/-/tslib-2.8.1.tgz. Extracting by manifest.
619 silly tarball no local data for tree-kill@https://registry.npmmirror.com/tree-kill/-/tree-kill-1.2.2.tgz. Extracting by manifest.
620 silly tarball no local data for tr46@https://registry.npmjs.org/tr46/-/tr46-5.1.1.tgz. Extracting by manifest.
621 silly tarball no local data for tough-cookie@https://registry.npmjs.org/tough-cookie/-/tough-cookie-4.1.4.tgz. Extracting by manifest.
622 silly tarball no local data for tmp@https://registry.npmmirror.com/tmp/-/tmp-0.2.5.tgz. Extracting by manifest.
623 silly tarball no local data for tldts-core@https://registry.npmmirror.com/tldts-core/-/tldts-core-6.1.86.tgz. Extracting by manifest.
624 silly tarball no local data for tldts@https://registry.npmmirror.com/tldts/-/tldts-6.1.86.tgz. Extracting by manifest.
625 silly tarball no local data for tinyspy@https://registry.npmjs.org/tinyspy/-/tinyspy-2.2.1.tgz. Extracting by manifest.
626 silly tarball no local data for tinypool@https://registry.npmjs.org/tinypool/-/tinypool-0.8.4.tgz. Extracting by manifest.
627 silly tarball no local data for tinybench@https://registry.npmjs.org/tinybench/-/tinybench-2.9.0.tgz. Extracting by manifest.
628 silly tarball no local data for through@https://registry.npmmirror.com/through/-/through-2.3.8.tgz. Extracting by manifest.
629 silly tarball no local data for throttleit@https://registry.npmmirror.com/throttleit/-/throttleit-1.0.1.tgz. Extracting by manifest.
630 silly tarball no local data for text-table@https://registry.npmjs.org/text-table/-/text-table-0.2.0.tgz. Extracting by manifest.
631 silly tarball no local data for systeminformation@https://registry.npmmirror.com/systeminformation/-/systeminformation-5.31.4.tgz. Extracting by manifest.
632 silly tarball no local data for symbol-tree@https://registry.npmjs.org/symbol-tree/-/symbol-tree-3.2.4.tgz. Extracting by manifest.
633 silly tarball no local data for supports-preserve-symlinks-flag@https://registry.npmjs.org/supports-preserve-symlinks-flag/-/supports-preserve-symlinks-flag-1.0.0.tgz. Extracting by manifest.
634 silly tarball no local data for supports-color@https://registry.npmjs.org/supports-color/-/supports-color-7.2.0.tgz. Extracting by manifest.
635 silly tarball no local data for strip-literal@https://registry.npmjs.org/strip-literal/-/strip-literal-2.1.1.tgz. Extracting by manifest.
636 silly tarball no local data for strip-json-comments@https://registry.npmjs.org/strip-json-comments/-/strip-json-comments-3.1.1.tgz. Extracting by manifest.
637 silly tarball no local data for strip-indent@https://registry.npmjs.org/strip-indent/-/strip-indent-3.0.0.tgz. Extracting by manifest.
638 silly tarball no local data for strip-final-newline@https://registry.npmjs.org/strip-final-newline/-/strip-final-newline-3.0.0.tgz. Extracting by manifest.
639 silly tarball no local data for strip-ansi@https://registry.npmjs.org/strip-ansi/-/strip-ansi-6.0.1.tgz. Extracting by manifest.
640 silly tarball no local data for string.prototype.trimstart@https://registry.npmjs.org/string.prototype.trimstart/-/string.prototype.trimstart-1.0.8.tgz. Extracting by manifest.
641 silly tarball no local data for string.prototype.trimend@https://registry.npmjs.org/string.prototype.trimend/-/string.prototype.trimend-1.0.9.tgz. Extracting by manifest.
642 silly tarball no local data for string.prototype.trim@https://registry.npmjs.org/string.prototype.trim/-/string.prototype.trim-1.2.10.tgz. Extracting by manifest.
643 silly tarball no local data for string.prototype.repeat@https://registry.npmjs.org/string.prototype.repeat/-/string.prototype.repeat-1.0.0.tgz. Extracting by manifest.
644 silly tarball no local data for string.prototype.matchall@https://registry.npmjs.org/string.prototype.matchall/-/string.prototype.matchall-4.0.12.tgz. Extracting by manifest.
645 silly tarball no local data for string-width@https://registry.npmmirror.com/string-width/-/string-width-4.2.3.tgz. Extracting by manifest.
646 silly tarball no local data for stop-iteration-iterator@https://registry.npmjs.org/stop-iteration-iterator/-/stop-iteration-iterator-1.1.0.tgz. Extracting by manifest.
647 silly tarball no local data for std-env@https://registry.npmjs.org/std-env/-/std-env-3.10.0.tgz. Extracting by manifest.
648 silly tarball no local data for stackback@https://registry.npmjs.org/stackback/-/stackback-0.0.2.tgz. Extracting by manifest.
649 silly tarball no local data for sshpk@https://registry.npmmirror.com/sshpk/-/sshpk-1.18.0.tgz. Extracting by manifest.
650 silly tarball no local data for source-map-js@https://registry.npmjs.org/source-map-js/-/source-map-js-1.2.1.tgz. Extracting by manifest.
651 silly tarball no local data for slice-ansi@https://registry.npmmirror.com/slice-ansi/-/slice-ansi-3.0.0.tgz. Extracting by manifest.
652 silly tarball no local data for signal-exit@https://registry.npmjs.org/signal-exit/-/signal-exit-4.1.0.tgz. Extracting by manifest.
653 silly tarball no local data for siginfo@https://registry.npmjs.org/siginfo/-/siginfo-2.0.0.tgz. Extracting by manifest.
654 silly tarball no local data for side-channel-weakmap@https://registry.npmjs.org/side-channel-weakmap/-/side-channel-weakmap-1.0.2.tgz. Extracting by manifest.
655 silly tarball no local data for side-channel-map@https://registry.npmjs.org/side-channel-map/-/side-channel-map-1.0.1.tgz. Extracting by manifest.
656 silly tarball no local data for side-channel-list@https://registry.npmjs.org/side-channel-list/-/side-channel-list-1.0.0.tgz. Extracting by manifest.
657 silly tarball no local data for side-channel@https://registry.npmjs.org/side-channel/-/side-channel-1.1.0.tgz. Extracting by manifest.
658 silly tarball no local data for shebang-regex@https://registry.npmjs.org/shebang-regex/-/shebang-regex-3.0.0.tgz. Extracting by manifest.
659 silly tarball no local data for shebang-command@https://registry.npmjs.org/shebang-command/-/shebang-command-2.0.0.tgz. Extracting by manifest.
660 silly tarball no local data for set-proto@https://registry.npmjs.org/set-proto/-/set-proto-1.0.0.tgz. Extracting by manifest.
661 silly tarball no local data for set-function-name@https://registry.npmjs.org/set-function-name/-/set-function-name-2.0.2.tgz. Extracting by manifest.
662 silly tarball no local data for set-function-length@https://registry.npmjs.org/set-function-length/-/set-function-length-1.2.2.tgz. Extracting by manifest.
663 silly tarball no local data for set-cookie-parser@https://registry.npmmirror.com/set-cookie-parser/-/set-cookie-parser-2.7.2.tgz. Extracting by manifest.
664 silly tarball no local data for semver@https://registry.npmjs.org/semver/-/semver-6.3.1.tgz. Extracting by manifest.
665 silly tarball no local data for scheduler@https://registry.npmjs.org/scheduler/-/scheduler-0.23.2.tgz. Extracting by manifest.
666 silly tarball no local data for saxes@https://registry.npmjs.org/saxes/-/saxes-6.0.0.tgz. Extracting by manifest.
667 silly tarball no local data for safer-buffer@https://registry.npmjs.org/safer-buffer/-/safer-buffer-2.1.2.tgz. Extracting by manifest.
668 silly tarball no local data for safe-regex-test@https://registry.npmjs.org/safe-regex-test/-/safe-regex-test-1.1.0.tgz. Extracting by manifest.
669 silly tarball no local data for safe-push-apply@https://registry.npmjs.org/safe-push-apply/-/safe-push-apply-1.0.0.tgz. Extracting by manifest.
670 silly tarball no local data for safe-buffer@https://registry.npmmirror.com/safe-buffer/-/safe-buffer-5.2.1.tgz. Extracting by manifest.
671 silly tarball no local data for safe-array-concat@https://registry.npmjs.org/safe-array-concat/-/safe-array-concat-1.1.3.tgz. Extracting by manifest.
672 silly tarball no local data for rxjs@https://registry.npmmirror.com/rxjs/-/rxjs-7.8.2.tgz. Extracting by manifest.
673 silly tarball no local data for run-parallel@https://registry.npmjs.org/run-parallel/-/run-parallel-1.2.0.tgz. Extracting by manifest.
674 silly tarball no local data for rollup@https://registry.npmjs.org/rollup/-/rollup-4.54.0.tgz. Extracting by manifest.
675 silly tarball no local data for rimraf@https://registry.npmjs.org/rimraf/-/rimraf-3.0.2.tgz. Extracting by manifest.
676 silly tarball no local data for rfdc@https://registry.npmmirror.com/rfdc/-/rfdc-1.4.1.tgz. Extracting by manifest.
677 silly tarball no local data for reusify@https://registry.npmjs.org/reusify/-/reusify-1.1.0.tgz. Extracting by manifest.
678 silly tarball no local data for restore-cursor@https://registry.npmmirror.com/restore-cursor/-/restore-cursor-3.1.0.tgz. Extracting by manifest.
679 silly tarball no local data for resolve-from@https://registry.npmjs.org/resolve-from/-/resolve-from-4.0.0.tgz. Extracting by manifest.
680 silly tarball no local data for resolve@https://registry.npmjs.org/resolve/-/resolve-2.0.0-next.5.tgz. Extracting by manifest.
681 silly tarball no local data for requires-port@https://registry.npmjs.org/requires-port/-/requires-port-1.0.0.tgz. Extracting by manifest.
682 silly tarball no local data for request-progress@https://registry.npmmirror.com/request-progress/-/request-progress-3.0.0.tgz. Extracting by manifest.
683 silly tarball no local data for regexp.prototype.flags@https://registry.npmjs.org/regexp.prototype.flags/-/regexp.prototype.flags-1.5.4.tgz. Extracting by manifest.
684 silly tarball no local data for rrweb-cssom@https://registry.npmjs.org/rrweb-cssom/-/rrweb-cssom-0.7.1.tgz. Extracting by manifest.
685 silly tarball no local data for reflect.getprototypeof@https://registry.npmjs.org/reflect.getprototypeof/-/reflect.getprototypeof-1.0.10.tgz. Extracting by manifest.
686 silly tarball no local data for redent@https://registry.npmjs.org/redent/-/redent-3.0.0.tgz. Extracting by manifest.
687 silly tarball no local data for react-router-dom@https://registry.npmmirror.com/react-router-dom/-/react-router-dom-7.13.1.tgz. Extracting by manifest.
688 silly tarball no local data for react-router@https://registry.npmmirror.com/react-router/-/react-router-7.13.1.tgz. Extracting by manifest.
689 silly tarball no local data for react-refresh@https://registry.npmjs.org/react-refresh/-/react-refresh-0.17.0.tgz. Extracting by manifest.
690 silly tarball no local data for react-is@https://registry.npmjs.org/react-is/-/react-is-17.0.2.tgz. Extracting by manifest.
691 silly tarball no local data for react-dom@https://registry.npmjs.org/react-dom/-/react-dom-18.3.1.tgz. Extracting by manifest.
692 silly tarball no local data for queue-microtask@https://registry.npmjs.org/queue-microtask/-/queue-microtask-1.2.3.tgz. Extracting by manifest.
693 silly tarball no local data for querystringify@https://registry.npmjs.org/querystringify/-/querystringify-2.2.0.tgz. Extracting by manifest.
694 silly tarball no local data for react@https://registry.npmjs.org/react/-/react-18.3.1.tgz. Extracting by manifest.
695 silly tarball no local data for qs@https://registry.npmmirror.com/qs/-/qs-6.14.2.tgz. Extracting by manifest.
696 silly tarball no local data for punycode@https://registry.npmjs.org/punycode/-/punycode-2.3.1.tgz. Extracting by manifest.
697 silly tarball no local data for pump@https://registry.npmmirror.com/pump/-/pump-3.0.4.tgz. Extracting by manifest.
698 silly tarball no local data for proxy-from-env@https://registry.npmmirror.com/proxy-from-env/-/proxy-from-env-1.1.0.tgz. Extracting by manifest.
699 silly tarball no local data for psl@https://registry.npmjs.org/psl/-/psl-1.15.0.tgz. Extracting by manifest.
700 silly tarball no local data for prop-types@https://registry.npmjs.org/prop-types/-/prop-types-15.8.1.tgz. Extracting by manifest.
701 silly tarball no local data for process@https://registry.npmmirror.com/process/-/process-0.11.10.tgz. Extracting by manifest.
702 silly tarball no local data for pretty-format@https://registry.npmjs.org/pretty-format/-/pretty-format-27.5.1.tgz. Extracting by manifest.
703 silly tarball no local data for pretty-bytes@https://registry.npmmirror.com/pretty-bytes/-/pretty-bytes-5.6.0.tgz. Extracting by manifest.
704 silly tarball no local data for prelude-ls@https://registry.npmjs.org/prelude-ls/-/prelude-ls-1.2.1.tgz. Extracting by manifest.
705 silly tarball no local data for postcss@https://registry.npmjs.org/postcss/-/postcss-8.5.6.tgz. Extracting by manifest.
706 silly tarball no local data for possible-typed-array-names@https://registry.npmjs.org/possible-typed-array-names/-/possible-typed-array-names-1.1.0.tgz. Extracting by manifest.
707 silly tarball no local data for pify@https://registry.npmmirror.com/pify/-/pify-2.3.0.tgz. Extracting by manifest.
708 silly tarball no local data for pkg-types@https://registry.npmjs.org/pkg-types/-/pkg-types-1.3.1.tgz. Extracting by manifest.
709 silly tarball no local data for picocolors@https://registry.npmjs.org/picocolors/-/picocolors-1.1.1.tgz. Extracting by manifest.
710 silly tarball no local data for performance-now@https://registry.npmmirror.com/performance-now/-/performance-now-2.1.0.tgz. Extracting by manifest.
711 silly tarball no local data for pend@https://registry.npmmirror.com/pend/-/pend-1.2.0.tgz. Extracting by manifest.
712 silly tarball no local data for pathval@https://registry.npmjs.org/pathval/-/pathval-1.1.1.tgz. Extracting by manifest.
713 silly tarball no local data for pathe@https://registry.npmjs.org/pathe/-/pathe-1.1.2.tgz. Extracting by manifest.
714 silly tarball no local data for path-key@https://registry.npmjs.org/path-key/-/path-key-3.1.1.tgz. Extracting by manifest.
715 silly tarball no local data for path-parse@https://registry.npmjs.org/path-parse/-/path-parse-1.0.7.tgz. Extracting by manifest.
716 silly tarball no local data for path-is-absolute@https://registry.npmjs.org/path-is-absolute/-/path-is-absolute-1.0.1.tgz. Extracting by manifest.
717 silly tarball no local data for path-exists@https://registry.npmjs.org/path-exists/-/path-exists-4.0.0.tgz. Extracting by manifest.
718 silly tarball no local data for parse5@https://registry.npmjs.org/parse5/-/parse5-7.3.0.tgz. Extracting by manifest.
719 silly tarball no local data for parent-module@https://registry.npmjs.org/parent-module/-/parent-module-1.0.1.tgz. Extracting by manifest.
720 silly tarball no local data for p-map@https://registry.npmmirror.com/p-map/-/p-map-4.0.0.tgz. Extracting by manifest.
721 silly tarball no local data for p-locate@https://registry.npmjs.org/p-locate/-/p-locate-5.0.0.tgz. Extracting by manifest.
722 silly tarball no local data for p-limit@https://registry.npmjs.org/p-limit/-/p-limit-3.1.0.tgz. Extracting by manifest.
723 silly tarball no local data for own-keys@https://registry.npmjs.org/own-keys/-/own-keys-1.0.1.tgz. Extracting by manifest.
724 silly tarball no local data for ospath@https://registry.npmmirror.com/ospath/-/ospath-1.2.2.tgz. Extracting by manifest.
725 silly tarball no local data for onetime@https://registry.npmjs.org/onetime/-/onetime-6.0.0.tgz. Extracting by manifest.
726 silly tarball no local data for optionator@https://registry.npmjs.org/optionator/-/optionator-0.9.4.tgz. Extracting by manifest.
727 silly tarball no local data for once@https://registry.npmjs.org/once/-/once-1.4.0.tgz. Extracting by manifest.
728 silly tarball no local data for object.values@https://registry.npmjs.org/object.values/-/object.values-1.2.1.tgz. Extracting by manifest.
729 silly tarball no local data for object.fromentries@https://registry.npmjs.org/object.fromentries/-/object.fromentries-2.0.8.tgz. Extracting by manifest.
730 silly tarball no local data for object.entries@https://registry.npmjs.org/object.entries/-/object.entries-1.1.9.tgz. Extracting by manifest.
731 silly tarball no local data for object.assign@https://registry.npmjs.org/object.assign/-/object.assign-4.1.7.tgz. Extracting by manifest.
732 silly tarball no local data for object-keys@https://registry.npmjs.org/object-keys/-/object-keys-1.1.1.tgz. Extracting by manifest.
733 silly tarball no local data for object-inspect@https://registry.npmjs.org/object-inspect/-/object-inspect-1.13.4.tgz. Extracting by manifest.
734 silly tarball no local data for object-assign@https://registry.npmjs.org/object-assign/-/object-assign-4.1.1.tgz. Extracting by manifest.
735 silly tarball no local data for nwsapi@https://registry.npmjs.org/nwsapi/-/nwsapi-2.2.23.tgz. Extracting by manifest.
736 silly tarball no local data for npm-run-path@https://registry.npmjs.org/npm-run-path/-/npm-run-path-5.3.0.tgz. Extracting by manifest.
737 silly tarball no local data for node-releases@https://registry.npmjs.org/node-releases/-/node-releases-2.0.27.tgz. Extracting by manifest.
738 silly tarball no local data for natural-compare@https://registry.npmjs.org/natural-compare/-/natural-compare-1.4.0.tgz. Extracting by manifest.
739 silly tarball no local data for nanoid@https://registry.npmjs.org/nanoid/-/nanoid-3.3.11.tgz. Extracting by manifest.
740 silly tarball no local data for ms@https://registry.npmjs.org/ms/-/ms-2.1.3.tgz. Extracting by manifest.
741 silly tarball no local data for motion-utils@https://registry.npmmirror.com/motion-utils/-/motion-utils-12.36.0.tgz. Extracting by manifest.
742 silly tarball no local data for mlly@https://registry.npmjs.org/mlly/-/mlly-1.8.0.tgz. Extracting by manifest.
743 silly tarball no local data for motion-dom@https://registry.npmmirror.com/motion-dom/-/motion-dom-12.38.0.tgz. Extracting by manifest.
744 silly tarball no local data for minimatch@https://registry.npmjs.org/minimatch/-/minimatch-3.1.2.tgz. Extracting by manifest.
745 silly tarball no local data for min-indent@https://registry.npmjs.org/min-indent/-/min-indent-1.0.1.tgz. Extracting by manifest.
746 silly tarball no local data for mimic-fn@https://registry.npmjs.org/mimic-fn/-/mimic-fn-4.0.0.tgz. Extracting by manifest.
747 silly tarball no local data for mime-types@https://registry.npmjs.org/mime-types/-/mime-types-2.1.35.tgz. Extracting by manifest.
748 silly tarball no local data for mime-db@https://registry.npmjs.org/mime-db/-/mime-db-1.52.0.tgz. Extracting by manifest.
749 silly tarball no local data for merge-stream@https://registry.npmjs.org/merge-stream/-/merge-stream-2.0.0.tgz. Extracting by manifest.
750 silly tarball no local data for math-intrinsics@https://registry.npmjs.org/math-intrinsics/-/math-intrinsics-1.1.0.tgz. Extracting by manifest.
751 silly tarball no local data for magic-string@https://registry.npmjs.org/magic-string/-/magic-string-0.30.21.tgz. Extracting by manifest.
752 silly tarball no local data for lz-string@https://registry.npmjs.org/lz-string/-/lz-string-1.5.0.tgz. Extracting by manifest.
753 silly tarball no local data for lucide-react@https://registry.npmmirror.com/lucide-react/-/lucide-react-0.577.0.tgz. Extracting by manifest.
754 silly tarball no local data for lru-cache@https://registry.npmjs.org/lru-cache/-/lru-cache-5.1.1.tgz. Extracting by manifest.
755 silly tarball no local data for loupe@https://registry.npmjs.org/loupe/-/loupe-2.3.7.tgz. Extracting by manifest.
756 silly tarball no local data for loose-envify@https://registry.npmjs.org/loose-envify/-/loose-envify-1.4.0.tgz. Extracting by manifest.
757 silly tarball no local data for log-update@https://registry.npmmirror.com/log-update/-/log-update-4.0.0.tgz. Extracting by manifest.
758 silly tarball no local data for log-symbols@https://registry.npmmirror.com/log-symbols/-/log-symbols-4.1.0.tgz. Extracting by manifest.
759 silly tarball no local data for lodash.once@https://registry.npmmirror.com/lodash.once/-/lodash.once-4.1.1.tgz. Extracting by manifest.
760 silly tarball no local data for lodash.merge@https://registry.npmjs.org/lodash.merge/-/lodash.merge-4.6.2.tgz. Extracting by manifest.
761 silly tarball no local data for lodash@https://registry.npmmirror.com/lodash/-/lodash-4.17.23.tgz. Extracting by manifest.
762 silly tarball no local data for locate-path@https://registry.npmjs.org/locate-path/-/locate-path-6.0.0.tgz. Extracting by manifest.
763 silly tarball no local data for local-pkg@https://registry.npmjs.org/local-pkg/-/local-pkg-0.5.1.tgz. Extracting by manifest.
764 silly tarball no local data for listr2@https://registry.npmmirror.com/listr2/-/listr2-3.14.0.tgz. Extracting by manifest.
765 silly tarball no local data for levn@https://registry.npmjs.org/levn/-/levn-0.4.1.tgz. Extracting by manifest.
766 silly tarball no local data for keyv@https://registry.npmjs.org/keyv/-/keyv-4.5.4.tgz. Extracting by manifest.
767 silly tarball no local data for jsx-ast-utils@https://registry.npmjs.org/jsx-ast-utils/-/jsx-ast-utils-3.3.5.tgz. Extracting by manifest.
768 silly tarball no local data for jsprim@https://registry.npmmirror.com/jsprim/-/jsprim-2.0.2.tgz. Extracting by manifest.
769 silly tarball no local data for jsonfile@https://registry.npmmirror.com/jsonfile/-/jsonfile-6.2.0.tgz. Extracting by manifest.
770 silly tarball no local data for json5@https://registry.npmjs.org/json5/-/json5-2.2.3.tgz. Extracting by manifest.
771 silly tarball no local data for json-stringify-safe@https://registry.npmmirror.com/json-stringify-safe/-/json-stringify-safe-5.0.1.tgz. Extracting by manifest.
772 silly tarball no local data for json-schema-traverse@https://registry.npmjs.org/json-schema-traverse/-/json-schema-traverse-0.4.1.tgz. Extracting by manifest.
773 silly tarball no local data for json-stable-stringify-without-jsonify@https://registry.npmjs.org/json-stable-stringify-without-jsonify/-/json-stable-stringify-without-jsonify-1.0.1.tgz. Extracting by manifest.
774 silly tarball no local data for json-schema@https://registry.npmmirror.com/json-schema/-/json-schema-0.4.0.tgz. Extracting by manifest.
775 silly tarball no local data for json-buffer@https://registry.npmjs.org/json-buffer/-/json-buffer-3.0.1.tgz. Extracting by manifest.
776 silly tarball no local data for jsesc@https://registry.npmjs.org/jsesc/-/jsesc-3.1.0.tgz. Extracting by manifest.
777 silly tarball no local data for jsdom@https://registry.npmjs.org/jsdom/-/jsdom-24.1.3.tgz. Extracting by manifest.
778 silly tarball no local data for jsbn@https://registry.npmmirror.com/jsbn/-/jsbn-0.1.1.tgz. Extracting by manifest.
779 silly tarball no local data for js-yaml@https://registry.npmjs.org/js-yaml/-/js-yaml-4.1.1.tgz. Extracting by manifest.
780 silly tarball no local data for js-tokens@https://registry.npmjs.org/js-tokens/-/js-tokens-4.0.0.tgz. Extracting by manifest.
781 silly tarball no local data for iterator.prototype@https://registry.npmjs.org/iterator.prototype/-/iterator.prototype-1.1.5.tgz. Extracting by manifest.
782 silly tarball no local data for isstream@https://registry.npmmirror.com/isstream/-/isstream-0.1.2.tgz. Extracting by manifest.
783 silly tarball no local data for isexe@https://registry.npmjs.org/isexe/-/isexe-2.0.0.tgz. Extracting by manifest.
784 silly tarball no local data for isarray@https://registry.npmjs.org/isarray/-/isarray-2.0.5.tgz. Extracting by manifest.
785 silly tarball no local data for is-weakset@https://registry.npmjs.org/is-weakset/-/is-weakset-2.0.4.tgz. Extracting by manifest.
786 silly tarball no local data for is-weakref@https://registry.npmjs.org/is-weakref/-/is-weakref-1.1.1.tgz. Extracting by manifest.
787 silly tarball no local data for is-weakmap@https://registry.npmjs.org/is-weakmap/-/is-weakmap-2.0.2.tgz. Extracting by manifest.
788 silly tarball no local data for is-unicode-supported@https://registry.npmmirror.com/is-unicode-supported/-/is-unicode-supported-0.1.0.tgz. Extracting by manifest.
789 silly tarball no local data for is-typedarray@https://registry.npmmirror.com/is-typedarray/-/is-typedarray-1.0.0.tgz. Extracting by manifest.
790 silly tarball no local data for is-typed-array@https://registry.npmjs.org/is-typed-array/-/is-typed-array-1.1.15.tgz. Extracting by manifest.
791 silly tarball no local data for is-symbol@https://registry.npmjs.org/is-symbol/-/is-symbol-1.1.1.tgz. Extracting by manifest.
792 silly tarball no local data for is-string@https://registry.npmjs.org/is-string/-/is-string-1.1.1.tgz. Extracting by manifest.
793 silly tarball no local data for is-stream@https://registry.npmjs.org/is-stream/-/is-stream-3.0.0.tgz. Extracting by manifest.
794 silly tarball no local data for is-shared-array-buffer@https://registry.npmjs.org/is-shared-array-buffer/-/is-shared-array-buffer-1.0.4.tgz. Extracting by manifest.
795 silly tarball no local data for is-set@https://registry.npmjs.org/is-set/-/is-set-2.0.3.tgz. Extracting by manifest.
796 silly tarball no local data for is-regex@https://registry.npmjs.org/is-regex/-/is-regex-1.2.1.tgz. Extracting by manifest.
797 silly tarball no local data for is-potential-custom-element-name@https://registry.npmjs.org/is-potential-custom-element-name/-/is-potential-custom-element-name-1.0.1.tgz. Extracting by manifest.
798 silly tarball no local data for is-path-inside@https://registry.npmjs.org/is-path-inside/-/is-path-inside-3.0.3.tgz. Extracting by manifest.
799 silly tarball no local data for is-negative-zero@https://registry.npmjs.org/is-negative-zero/-/is-negative-zero-2.0.3.tgz. Extracting by manifest.
800 silly tarball no local data for is-number-object@https://registry.npmjs.org/is-number-object/-/is-number-object-1.1.1.tgz. Extracting by manifest.
801 silly tarball no local data for is-map@https://registry.npmjs.org/is-map/-/is-map-2.0.3.tgz. Extracting by manifest.
802 silly tarball no local data for is-installed-globally@https://registry.npmmirror.com/is-installed-globally/-/is-installed-globally-0.4.0.tgz. Extracting by manifest.
803 silly tarball no local data for is-glob@https://registry.npmjs.org/is-glob/-/is-glob-4.0.3.tgz. Extracting by manifest.
804 silly tarball no local data for is-fullwidth-code-point@https://registry.npmmirror.com/is-fullwidth-code-point/-/is-fullwidth-code-point-3.0.0.tgz. Extracting by manifest.
805 silly tarball no local data for is-finalizationregistry@https://registry.npmjs.org/is-finalizationregistry/-/is-finalizationregistry-1.1.1.tgz. Extracting by manifest.
806 silly tarball no local data for is-generator-function@https://registry.npmjs.org/is-generator-function/-/is-generator-function-1.1.2.tgz. Extracting by manifest.
807 silly tarball no local data for is-extglob@https://registry.npmjs.org/is-extglob/-/is-extglob-2.1.1.tgz. Extracting by manifest.
808 silly tarball no local data for is-date-object@https://registry.npmjs.org/is-date-object/-/is-date-object-1.1.0.tgz. Extracting by manifest.
809 silly tarball no local data for is-data-view@https://registry.npmjs.org/is-data-view/-/is-data-view-1.0.2.tgz. Extracting by manifest.
810 silly tarball no local data for is-core-module@https://registry.npmjs.org/is-core-module/-/is-core-module-2.16.1.tgz. Extracting by manifest.
811 silly tarball no local data for is-callable@https://registry.npmjs.org/is-callable/-/is-callable-1.2.7.tgz. Extracting by manifest.
812 silly tarball no local data for is-bigint@https://registry.npmjs.org/is-bigint/-/is-bigint-1.1.0.tgz. Extracting by manifest.
813 silly tarball no local data for is-boolean-object@https://registry.npmjs.org/is-boolean-object/-/is-boolean-object-1.2.2.tgz. Extracting by manifest.
814 silly tarball no local data for is-async-function@https://registry.npmjs.org/is-async-function/-/is-async-function-2.1.1.tgz. Extracting by manifest.
815 silly tarball no local data for is-array-buffer@https://registry.npmjs.org/is-array-buffer/-/is-array-buffer-3.0.5.tgz. Extracting by manifest.
816 silly tarball no local data for ini@https://registry.npmmirror.com/ini/-/ini-2.0.0.tgz. Extracting by manifest.
817 silly tarball no local data for internal-slot@https://registry.npmjs.org/internal-slot/-/internal-slot-1.1.0.tgz. Extracting by manifest.
818 silly tarball no local data for inherits@https://registry.npmjs.org/inherits/-/inherits-2.0.4.tgz. Extracting by manifest.
819 silly tarball no local data for inflight@https://registry.npmjs.org/inflight/-/inflight-1.0.6.tgz. Extracting by manifest.
820 silly tarball no local data for indent-string@https://registry.npmjs.org/indent-string/-/indent-string-4.0.0.tgz. Extracting by manifest.
821 silly tarball no local data for imurmurhash@https://registry.npmjs.org/imurmurhash/-/imurmurhash-0.1.4.tgz. Extracting by manifest.
822 silly tarball no local data for import-fresh@https://registry.npmjs.org/import-fresh/-/import-fresh-3.3.1.tgz. Extracting by manifest.
823 silly tarball no local data for ignore@https://registry.npmjs.org/ignore/-/ignore-5.3.2.tgz. Extracting by manifest.
824 silly tarball no local data for ieee754@https://registry.npmmirror.com/ieee754/-/ieee754-1.2.1.tgz. Extracting by manifest.
825 silly tarball no local data for iconv-lite@https://registry.npmjs.org/iconv-lite/-/iconv-lite-0.6.3.tgz. Extracting by manifest.
826 silly tarball no local data for human-signals@https://registry.npmjs.org/human-signals/-/human-signals-5.0.0.tgz. Extracting by manifest.
827 silly tarball no local data for https-proxy-agent@https://registry.npmjs.org/https-proxy-agent/-/https-proxy-agent-7.0.6.tgz. Extracting by manifest.
828 silly tarball no local data for http-signature@https://registry.npmmirror.com/http-signature/-/http-signature-1.4.0.tgz. Extracting by manifest.
829 silly tarball no local data for http-proxy-agent@https://registry.npmjs.org/http-proxy-agent/-/http-proxy-agent-7.0.2.tgz. Extracting by manifest.
830 silly tarball no local data for hasown@https://registry.npmjs.org/hasown/-/hasown-2.0.2.tgz. Extracting by manifest.
831 silly tarball no local data for hasha@https://registry.npmmirror.com/hasha/-/hasha-5.2.2.tgz. Extracting by manifest.
832 silly tarball no local data for has-tostringtag@https://registry.npmjs.org/has-tostringtag/-/has-tostringtag-1.0.2.tgz. Extracting by manifest.
833 silly tarball no local data for has-proto@https://registry.npmjs.org/has-proto/-/has-proto-1.2.0.tgz. Extracting by manifest.
834 silly tarball no local data for has-symbols@https://registry.npmjs.org/has-symbols/-/has-symbols-1.1.0.tgz. Extracting by manifest.
835 silly tarball no local data for has-property-descriptors@https://registry.npmjs.org/has-property-descriptors/-/has-property-descriptors-1.0.2.tgz. Extracting by manifest.
836 silly tarball no local data for has-flag@https://registry.npmjs.org/has-flag/-/has-flag-4.0.0.tgz. Extracting by manifest.
837 silly tarball no local data for has-bigints@https://registry.npmjs.org/has-bigints/-/has-bigints-1.1.0.tgz. Extracting by manifest.
838 silly tarball no local data for graphemer@https://registry.npmjs.org/graphemer/-/graphemer-1.4.0.tgz. Extracting by manifest.
839 silly tarball no local data for gopd@https://registry.npmjs.org/gopd/-/gopd-1.2.0.tgz. Extracting by manifest.
840 silly tarball no local data for graceful-fs@https://registry.npmmirror.com/graceful-fs/-/graceful-fs-4.2.11.tgz. Extracting by manifest.
841 silly tarball no local data for globalthis@https://registry.npmjs.org/globalthis/-/globalthis-1.0.4.tgz. Extracting by manifest.
842 silly tarball no local data for globals@https://registry.npmmirror.com/globals/-/globals-17.4.0.tgz. Extracting by manifest.
843 silly tarball no local data for global-dirs@https://registry.npmmirror.com/global-dirs/-/global-dirs-3.0.1.tgz. Extracting by manifest.
844 silly tarball no local data for glob-parent@https://registry.npmjs.org/glob-parent/-/glob-parent-6.0.2.tgz. Extracting by manifest.
845 silly tarball no local data for glob@https://registry.npmjs.org/glob/-/glob-7.2.3.tgz. Extracting by manifest.
846 silly tarball no local data for getpass@https://registry.npmmirror.com/getpass/-/getpass-0.1.7.tgz. Extracting by manifest.
847 silly tarball no local data for get-symbol-description@https://registry.npmjs.org/get-symbol-description/-/get-symbol-description-1.1.0.tgz. Extracting by manifest.
848 silly tarball no local data for get-stream@https://registry.npmjs.org/get-stream/-/get-stream-8.0.1.tgz. Extracting by manifest.
849 silly tarball no local data for get-intrinsic@https://registry.npmjs.org/get-intrinsic/-/get-intrinsic-1.3.0.tgz. Extracting by manifest.
850 silly tarball no local data for get-proto@https://registry.npmjs.org/get-proto/-/get-proto-1.0.1.tgz. Extracting by manifest.
851 silly tarball no local data for get-func-name@https://registry.npmjs.org/get-func-name/-/get-func-name-2.0.2.tgz. Extracting by manifest.
852 silly tarball no local data for gensync@https://registry.npmjs.org/gensync/-/gensync-1.0.0-beta.2.tgz. Extracting by manifest.
853 silly tarball no local data for generator-function@https://registry.npmjs.org/generator-function/-/generator-function-2.0.1.tgz. Extracting by manifest.
854 silly tarball no local data for functions-have-names@https://registry.npmjs.org/functions-have-names/-/functions-have-names-1.2.3.tgz. Extracting by manifest.
855 silly tarball no local data for function.prototype.name@https://registry.npmjs.org/function.prototype.name/-/function.prototype.name-1.1.8.tgz. Extracting by manifest.
856 silly tarball no local data for function-bind@https://registry.npmjs.org/function-bind/-/function-bind-1.1.2.tgz. Extracting by manifest.
857 silly tarball no local data for fsevents@https://registry.npmjs.org/fsevents/-/fsevents-2.3.3.tgz. Extracting by manifest.
858 silly tarball no local data for fs.realpath@https://registry.npmjs.org/fs.realpath/-/fs.realpath-1.0.0.tgz. Extracting by manifest.
859 silly tarball no local data for fs-extra@https://registry.npmmirror.com/fs-extra/-/fs-extra-9.1.0.tgz. Extracting by manifest.
860 silly tarball no local data for framer-motion@https://registry.npmmirror.com/framer-motion/-/framer-motion-12.38.0.tgz. Extracting by manifest.
861 silly tarball no local data for form-data@https://registry.npmjs.org/form-data/-/form-data-4.0.5.tgz. Extracting by manifest.
862 silly tarball no local data for forever-agent@https://registry.npmmirror.com/forever-agent/-/forever-agent-0.6.1.tgz. Extracting by manifest.
863 silly tarball no local data for for-each@https://registry.npmjs.org/for-each/-/for-each-0.3.5.tgz. Extracting by manifest.
864 silly tarball no local data for follow-redirects@https://registry.npmmirror.com/follow-redirects/-/follow-redirects-1.15.11.tgz. Extracting by manifest.
865 silly tarball no local data for flatted@https://registry.npmjs.org/flatted/-/flatted-3.3.3.tgz. Extracting by manifest.
866 silly tarball no local data for file-entry-cache@https://registry.npmjs.org/file-entry-cache/-/file-entry-cache-6.0.1.tgz. Extracting by manifest.
867 silly tarball no local data for find-up@https://registry.npmjs.org/find-up/-/find-up-5.0.0.tgz. Extracting by manifest.
868 silly tarball no local data for figures@https://registry.npmmirror.com/figures/-/figures-3.2.0.tgz. Extracting by manifest.
869 silly tarball no local data for fd-slicer@https://registry.npmmirror.com/fd-slicer/-/fd-slicer-1.1.0.tgz. Extracting by manifest.
870 silly tarball no local data for fastq@https://registry.npmjs.org/fastq/-/fastq-1.20.1.tgz. Extracting by manifest.
871 silly tarball no local data for fast-levenshtein@https://registry.npmjs.org/fast-levenshtein/-/fast-levenshtein-2.0.6.tgz. Extracting by manifest.
872 silly tarball no local data for flat-cache@https://registry.npmjs.org/flat-cache/-/flat-cache-3.2.0.tgz. Extracting by manifest.
873 silly tarball no local data for fast-json-stable-stringify@https://registry.npmjs.org/fast-json-stable-stringify/-/fast-json-stable-stringify-2.1.0.tgz. Extracting by manifest.
874 silly tarball no local data for fast-deep-equal@https://registry.npmjs.org/fast-deep-equal/-/fast-deep-equal-3.1.3.tgz. Extracting by manifest.
875 silly tarball no local data for extsprintf@https://registry.npmmirror.com/extsprintf/-/extsprintf-1.3.0.tgz. Extracting by manifest.
876 silly tarball no local data for extract-zip@https://registry.npmmirror.com/extract-zip/-/extract-zip-2.0.1.tgz. Extracting by manifest.
877 silly tarball no local data for extend@https://registry.npmmirror.com/extend/-/extend-3.0.2.tgz. Extracting by manifest.
878 silly tarball no local data for executable@https://registry.npmmirror.com/executable/-/executable-4.1.1.tgz. Extracting by manifest.
879 silly tarball no local data for execa@https://registry.npmjs.org/execa/-/execa-8.0.1.tgz. Extracting by manifest.
880 silly tarball no local data for esutils@https://registry.npmjs.org/esutils/-/esutils-2.0.3.tgz. Extracting by manifest.
881 silly tarball no local data for eventemitter2@https://registry.npmmirror.com/eventemitter2/-/eventemitter2-6.4.7.tgz. Extracting by manifest.
882 silly tarball no local data for estree-walker@https://registry.npmjs.org/estree-walker/-/estree-walker-3.0.3.tgz. Extracting by manifest.
883 silly tarball no local data for estraverse@https://registry.npmjs.org/estraverse/-/estraverse-5.3.0.tgz. Extracting by manifest.
884 silly tarball no local data for esrecurse@https://registry.npmjs.org/esrecurse/-/esrecurse-4.3.0.tgz. Extracting by manifest.
885 silly tarball no local data for esquery@https://registry.npmjs.org/esquery/-/esquery-1.7.0.tgz. Extracting by manifest.
886 silly tarball no local data for espree@https://registry.npmjs.org/espree/-/espree-9.6.1.tgz. Extracting by manifest.
887 silly tarball no local data for eslint-visitor-keys@https://registry.npmjs.org/eslint-visitor-keys/-/eslint-visitor-keys-3.4.3.tgz. Extracting by manifest.
888 silly tarball no local data for eslint-scope@https://registry.npmjs.org/eslint-scope/-/eslint-scope-7.2.2.tgz. Extracting by manifest.
889 silly tarball no local data for eslint-plugin-react-hooks@https://registry.npmjs.org/eslint-plugin-react-hooks/-/eslint-plugin-react-hooks-4.6.2.tgz. Extracting by manifest.
890 silly tarball no local data for eslint-plugin-react-refresh@https://registry.npmjs.org/eslint-plugin-react-refresh/-/eslint-plugin-react-refresh-0.4.26.tgz. Extracting by manifest.
891 silly tarball no local data for eslint-plugin-react@https://registry.npmmirror.com/eslint-plugin-react/-/eslint-plugin-react-7.37.5.tgz. Extracting by manifest.
892 silly tarball no local data for eslint@https://registry.npmmirror.com/eslint/-/eslint-8.57.1.tgz. Extracting by manifest.
893 silly tarball no local data for escape-string-regexp@https://registry.npmjs.org/escape-string-regexp/-/escape-string-regexp-4.0.0.tgz. Extracting by manifest.
894 silly tarball no local data for escalade@https://registry.npmjs.org/escalade/-/escalade-3.2.0.tgz. Extracting by manifest.
895 silly tarball no local data for esbuild@https://registry.npmjs.org/esbuild/-/esbuild-0.21.5.tgz. Extracting by manifest.
896 silly tarball no local data for es-to-primitive@https://registry.npmjs.org/es-to-primitive/-/es-to-primitive-1.3.0.tgz. Extracting by manifest.
897 silly tarball no local data for es-shim-unscopables@https://registry.npmjs.org/es-shim-unscopables/-/es-shim-unscopables-1.1.0.tgz. Extracting by manifest.
898 silly tarball no local data for es-set-tostringtag@https://registry.npmjs.org/es-set-tostringtag/-/es-set-tostringtag-2.1.0.tgz. Extracting by manifest.
899 silly tarball no local data for es-object-atoms@https://registry.npmjs.org/es-object-atoms/-/es-object-atoms-1.1.1.tgz. Extracting by manifest.
900 silly tarball no local data for es-iterator-helpers@https://registry.npmjs.org/es-iterator-helpers/-/es-iterator-helpers-1.2.2.tgz. Extracting by manifest.
901 silly tarball no local data for es-errors@https://registry.npmjs.org/es-errors/-/es-errors-1.3.0.tgz. Extracting by manifest.
902 silly tarball no local data for es-define-property@https://registry.npmjs.org/es-define-property/-/es-define-property-1.0.1.tgz. Extracting by manifest.
903 silly tarball no local data for es-abstract@https://registry.npmjs.org/es-abstract/-/es-abstract-1.24.1.tgz. Extracting by manifest.
904 silly tarball no local data for entities@https://registry.npmjs.org/entities/-/entities-6.0.1.tgz. Extracting by manifest.
905 silly tarball no local data for end-of-stream@https://registry.npmmirror.com/end-of-stream/-/end-of-stream-1.4.5.tgz. Extracting by manifest.
906 silly tarball no local data for enquirer@https://registry.npmmirror.com/enquirer/-/enquirer-2.4.1.tgz. Extracting by manifest.
907 silly tarball no local data for emoji-regex@https://registry.npmmirror.com/emoji-regex/-/emoji-regex-8.0.0.tgz. Extracting by manifest.
908 silly tarball no local data for electron-to-chromium@https://registry.npmjs.org/electron-to-chromium/-/electron-to-chromium-1.5.267.tgz. Extracting by manifest.
909 silly tarball no local data for html-encoding-sniffer@https://registry.npmjs.org/html-encoding-sniffer/-/html-encoding-sniffer-4.0.0.tgz. Extracting by manifest.
910 silly tarball no local data for ecc-jsbn@https://registry.npmmirror.com/ecc-jsbn/-/ecc-jsbn-0.1.2.tgz. Extracting by manifest.
911 silly tarball no local data for dom-accessibility-api@https://registry.npmjs.org/dom-accessibility-api/-/dom-accessibility-api-0.6.3.tgz. Extracting by manifest.
912 silly tarball no local data for doctrine@https://registry.npmjs.org/doctrine/-/doctrine-3.0.0.tgz. Extracting by manifest.
913 silly tarball no local data for dunder-proto@https://registry.npmjs.org/dunder-proto/-/dunder-proto-1.0.1.tgz. Extracting by manifest.
914 silly tarball no local data for diff-sequences@https://registry.npmjs.org/diff-sequences/-/diff-sequences-29.6.3.tgz. Extracting by manifest.
915 silly tarball no local data for dequal@https://registry.npmjs.org/dequal/-/dequal-2.0.3.tgz. Extracting by manifest.
916 silly tarball no local data for delayed-stream@https://registry.npmjs.org/delayed-stream/-/delayed-stream-1.0.0.tgz. Extracting by manifest.
917 silly tarball no local data for define-data-property@https://registry.npmjs.org/define-data-property/-/define-data-property-1.1.4.tgz. Extracting by manifest.
918 silly tarball no local data for deep-is@https://registry.npmjs.org/deep-is/-/deep-is-0.1.4.tgz. Extracting by manifest.
919 silly tarball no local data for deep-eql@https://registry.npmjs.org/deep-eql/-/deep-eql-4.1.4.tgz. Extracting by manifest.
920 silly tarball no local data for decimal.js@https://registry.npmjs.org/decimal.js/-/decimal.js-10.6.0.tgz. Extracting by manifest.
921 silly tarball no local data for debug@https://registry.npmjs.org/debug/-/debug-4.4.3.tgz. Extracting by manifest.
922 silly tarball no local data for dayjs@https://registry.npmmirror.com/dayjs/-/dayjs-1.11.20.tgz. Extracting by manifest.
923 silly tarball no local data for data-view-byte-offset@https://registry.npmjs.org/data-view-byte-offset/-/data-view-byte-offset-1.0.1.tgz. Extracting by manifest.
924 silly tarball no local data for data-view-byte-length@https://registry.npmjs.org/data-view-byte-length/-/data-view-byte-length-1.0.2.tgz. Extracting by manifest.
925 silly tarball no local data for data-view-buffer@https://registry.npmjs.org/data-view-buffer/-/data-view-buffer-1.0.2.tgz. Extracting by manifest.
926 silly tarball no local data for data-urls@https://registry.npmjs.org/data-urls/-/data-urls-5.0.0.tgz. Extracting by manifest.
927 silly tarball no local data for dashdash@https://registry.npmmirror.com/dashdash/-/dashdash-1.14.1.tgz. Extracting by manifest.
928 silly tarball no local data for cypress@https://registry.npmmirror.com/cypress/-/cypress-15.12.0.tgz. Extracting by manifest.
929 silly tarball no local data for csstype@https://registry.npmjs.org/csstype/-/csstype-3.2.3.tgz. Extracting by manifest.
930 silly tarball no local data for cssstyle@https://registry.npmjs.org/cssstyle/-/cssstyle-4.6.0.tgz. Extracting by manifest.
931 silly tarball no local data for css.escape@https://registry.npmjs.org/css.escape/-/css.escape-1.5.1.tgz. Extracting by manifest.
932 silly tarball no local data for cross-spawn@https://registry.npmjs.org/cross-spawn/-/cross-spawn-7.0.6.tgz. Extracting by manifest.
933 silly tarball no local data for core-util-is@https://registry.npmmirror.com/core-util-is/-/core-util-is-1.0.2.tgz. Extracting by manifest.
934 silly tarball no local data for define-properties@https://registry.npmjs.org/define-properties/-/define-properties-1.2.1.tgz. Extracting by manifest.
935 silly tarball no local data for convert-source-map@https://registry.npmjs.org/convert-source-map/-/convert-source-map-2.0.0.tgz. Extracting by manifest.
936 silly tarball no local data for concat-map@https://registry.npmjs.org/concat-map/-/concat-map-0.0.1.tgz. Extracting by manifest.
937 silly tarball no local data for confbox@https://registry.npmjs.org/confbox/-/confbox-0.1.8.tgz. Extracting by manifest.
938 silly tarball no local data for common-tags@https://registry.npmmirror.com/common-tags/-/common-tags-1.8.2.tgz. Extracting by manifest.
939 silly tarball no local data for commander@https://registry.npmmirror.com/commander/-/commander-6.2.1.tgz. Extracting by manifest.
940 silly tarball no local data for combined-stream@https://registry.npmjs.org/combined-stream/-/combined-stream-1.0.8.tgz. Extracting by manifest.
941 silly tarball no local data for colors@https://registry.npmmirror.com/colors/-/colors-1.4.0.tgz. Extracting by manifest.
942 silly tarball no local data for colorette@https://registry.npmmirror.com/colorette/-/colorette-2.0.20.tgz. Extracting by manifest.
943 silly tarball no local data for color-name@https://registry.npmjs.org/color-name/-/color-name-1.1.4.tgz. Extracting by manifest.
944 silly tarball no local data for color-convert@https://registry.npmjs.org/color-convert/-/color-convert-2.0.1.tgz. Extracting by manifest.
945 silly tarball no local data for cli-truncate@https://registry.npmmirror.com/cli-truncate/-/cli-truncate-2.1.0.tgz. Extracting by manifest.
946 silly tarball no local data for cli-table3@https://registry.npmmirror.com/cli-table3/-/cli-table3-0.6.1.tgz. Extracting by manifest.
947 silly tarball no local data for cli-cursor@https://registry.npmmirror.com/cli-cursor/-/cli-cursor-3.1.0.tgz. Extracting by manifest.
948 silly tarball no local data for clean-stack@https://registry.npmmirror.com/clean-stack/-/clean-stack-2.2.0.tgz. Extracting by manifest.
949 silly tarball no local data for ci-info@https://registry.npmmirror.com/ci-info/-/ci-info-4.4.0.tgz. Extracting by manifest.
950 silly tarball no local data for check-error@https://registry.npmjs.org/check-error/-/check-error-1.0.3.tgz. Extracting by manifest.
951 silly tarball no local data for chalk@https://registry.npmjs.org/chalk/-/chalk-4.1.2.tgz. Extracting by manifest.
952 silly tarball no local data for chai@https://registry.npmjs.org/chai/-/chai-4.5.0.tgz. Extracting by manifest.
953 silly tarball no local data for caseless@https://registry.npmmirror.com/caseless/-/caseless-0.12.0.tgz. Extracting by manifest.
954 silly tarball no local data for callsites@https://registry.npmjs.org/callsites/-/callsites-3.1.0.tgz. Extracting by manifest.
955 silly tarball no local data for caniuse-lite@https://registry.npmjs.org/caniuse-lite/-/caniuse-lite-1.0.30001762.tgz. Extracting by manifest.
956 silly tarball no local data for call-bound@https://registry.npmjs.org/call-bound/-/call-bound-1.0.4.tgz. Extracting by manifest.
957 silly tarball no local data for call-bind-apply-helpers@https://registry.npmjs.org/call-bind-apply-helpers/-/call-bind-apply-helpers-1.0.2.tgz. Extracting by manifest.
958 silly tarball no local data for call-bind@https://registry.npmjs.org/call-bind/-/call-bind-1.0.8.tgz. Extracting by manifest.
959 silly tarball no local data for cac@https://registry.npmjs.org/cac/-/cac-6.7.14.tgz. Extracting by manifest.
960 silly tarball no local data for buffer-crc32@https://registry.npmmirror.com/buffer-crc32/-/buffer-crc32-0.2.13.tgz. Extracting by manifest.
961 silly tarball no local data for buffer@https://registry.npmmirror.com/buffer/-/buffer-5.7.1.tgz. Extracting by manifest.
962 silly tarball no local data for browserslist@https://registry.npmjs.org/browserslist/-/browserslist-4.28.1.tgz. Extracting by manifest.
963 silly tarball no local data for brace-expansion@https://registry.npmjs.org/brace-expansion/-/brace-expansion-1.1.12.tgz. Extracting by manifest.
964 silly tarball no local data for bluebird@https://registry.npmmirror.com/bluebird/-/bluebird-3.7.2.tgz. Extracting by manifest.
965 silly tarball no local data for blob-util@https://registry.npmmirror.com/blob-util/-/blob-util-2.0.2.tgz. Extracting by manifest.
966 silly tarball no local data for bcrypt-pbkdf@https://registry.npmmirror.com/bcrypt-pbkdf/-/bcrypt-pbkdf-1.0.2.tgz. Extracting by manifest.
967 silly tarball no local data for baseline-browser-mapping@https://registry.npmjs.org/baseline-browser-mapping/-/baseline-browser-mapping-2.9.11.tgz. Extracting by manifest.
968 silly tarball no local data for cachedir@https://registry.npmmirror.com/cachedir/-/cachedir-2.4.0.tgz. Extracting by manifest.
969 silly tarball no local data for base64-js@https://registry.npmmirror.com/base64-js/-/base64-js-1.5.1.tgz. Extracting by manifest.
970 silly tarball no local data for balanced-match@https://registry.npmjs.org/balanced-match/-/balanced-match-1.0.2.tgz. Extracting by manifest.
971 silly tarball no local data for aws4@https://registry.npmmirror.com/aws4/-/aws4-1.13.2.tgz. Extracting by manifest.
972 silly tarball no local data for aws-sign2@https://registry.npmmirror.com/aws-sign2/-/aws-sign2-0.7.0.tgz. Extracting by manifest.
973 silly tarball no local data for available-typed-arrays@https://registry.npmjs.org/available-typed-arrays/-/available-typed-arrays-1.0.7.tgz. Extracting by manifest.
974 silly tarball no local data for asynckit@https://registry.npmjs.org/asynckit/-/asynckit-0.4.0.tgz. Extracting by manifest.
975 silly tarball no local data for at-least-node@https://registry.npmmirror.com/at-least-node/-/at-least-node-1.0.0.tgz. Extracting by manifest.
976 silly tarball no local data for axios@https://registry.npmmirror.com/axios/-/axios-1.13.6.tgz. Extracting by manifest.
977 silly tarball no local data for async-function@https://registry.npmjs.org/async-function/-/async-function-1.0.0.tgz. Extracting by manifest.
978 silly tarball no local data for astral-regex@https://registry.npmmirror.com/astral-regex/-/astral-regex-2.0.0.tgz. Extracting by manifest.
979 silly tarball no local data for assert-plus@https://registry.npmmirror.com/assert-plus/-/assert-plus-1.0.0.tgz. Extracting by manifest.
980 silly tarball no local data for asn1@https://registry.npmmirror.com/asn1/-/asn1-0.2.6.tgz. Extracting by manifest.
981 silly tarball no local data for assertion-error@https://registry.npmjs.org/assertion-error/-/assertion-error-1.1.0.tgz. Extracting by manifest.
982 silly tarball no local data for arraybuffer.prototype.slice@https://registry.npmjs.org/arraybuffer.prototype.slice/-/arraybuffer.prototype.slice-1.0.4.tgz. Extracting by manifest.
983 silly tarball no local data for array.prototype.tosorted@https://registry.npmjs.org/array.prototype.tosorted/-/array.prototype.tosorted-1.1.4.tgz. Extracting by manifest.
984 silly tarball no local data for array.prototype.flatmap@https://registry.npmjs.org/array.prototype.flatmap/-/array.prototype.flatmap-1.3.3.tgz. Extracting by manifest.
985 silly tarball no local data for array.prototype.findlast@https://registry.npmjs.org/array.prototype.findlast/-/array.prototype.findlast-1.2.5.tgz. Extracting by manifest.
986 silly tarball no local data for array-buffer-byte-length@https://registry.npmjs.org/array-buffer-byte-length/-/array-buffer-byte-length-1.0.2.tgz. Extracting by manifest.
987 silly tarball no local data for array-includes@https://registry.npmjs.org/array-includes/-/array-includes-3.1.9.tgz. Extracting by manifest.
988 silly tarball no local data for array.prototype.flat@https://registry.npmjs.org/array.prototype.flat/-/array.prototype.flat-1.3.3.tgz. Extracting by manifest.
989 silly tarball no local data for aria-query@https://registry.npmjs.org/aria-query/-/aria-query-5.3.2.tgz. Extracting by manifest.
990 silly tarball no local data for arch@https://registry.npmmirror.com/arch/-/arch-2.2.0.tgz. Extracting by manifest.
991 silly tarball no local data for ansi-styles@https://registry.npmjs.org/ansi-styles/-/ansi-styles-4.3.0.tgz. Extracting by manifest.
992 silly tarball no local data for argparse@https://registry.npmjs.org/argparse/-/argparse-2.0.1.tgz. Extracting by manifest.
993 silly tarball no local data for ansi-regex@https://registry.npmjs.org/ansi-regex/-/ansi-regex-5.0.1.tgz. Extracting by manifest.
994 silly tarball no local data for ansi-escapes@https://registry.npmmirror.com/ansi-escapes/-/ansi-escapes-4.3.2.tgz. Extracting by manifest.
995 silly tarball no local data for ansi-colors@https://registry.npmmirror.com/ansi-colors/-/ansi-colors-4.1.3.tgz. Extracting by manifest.
996 silly tarball no local data for aggregate-error@https://registry.npmmirror.com/aggregate-error/-/aggregate-error-3.1.0.tgz. Extracting by manifest.
997 silly tarball no local data for acorn-walk@https://registry.npmjs.org/acorn-walk/-/acorn-walk-8.3.4.tgz. Extracting by manifest.
998 silly tarball no local data for agent-base@https://registry.npmjs.org/agent-base/-/agent-base-7.1.4.tgz. Extracting by manifest.
999 silly tarball no local data for acorn@https://registry.npmjs.org/acorn/-/acorn-8.15.0.tgz. Extracting by manifest.
1000 silly tarball no local data for acorn-jsx@https://registry.npmjs.org/acorn-jsx/-/acorn-jsx-5.3.2.tgz. Extracting by manifest.
1001 silly tarball no local data for @vitest/utils@https://registry.npmjs.org/@vitest/utils/-/utils-1.6.1.tgz. Extracting by manifest.
1002 silly tarball no local data for @vitest/spy@https://registry.npmjs.org/@vitest/spy/-/spy-1.6.1.tgz. Extracting by manifest.
1003 silly tarball no local data for @vitest/snapshot@https://registry.npmjs.org/@vitest/snapshot/-/snapshot-1.6.1.tgz. Extracting by manifest.
1004 silly tarball no local data for @vitest/runner@https://registry.npmjs.org/@vitest/runner/-/runner-1.6.1.tgz. Extracting by manifest.
1005 silly tarball no local data for @vitest/expect@https://registry.npmjs.org/@vitest/expect/-/expect-1.6.1.tgz. Extracting by manifest.
1006 silly tarball no local data for @vitejs/plugin-react@https://registry.npmjs.org/@vitejs/plugin-react/-/plugin-react-4.7.0.tgz. Extracting by manifest.
1007 silly tarball no local data for @ungap/structured-clone@https://registry.npmjs.org/@ungap/structured-clone/-/structured-clone-1.3.0.tgz. Extracting by manifest.
1008 silly tarball no local data for @types/yauzl@https://registry.npmmirror.com/@types/yauzl/-/yauzl-2.10.3.tgz. Extracting by manifest.
1009 silly tarball no local data for @types/tmp@https://registry.npmmirror.com/@types/tmp/-/tmp-0.2.6.tgz. Extracting by manifest.
1010 silly tarball no local data for @types/sizzle@https://registry.npmmirror.com/@types/sizzle/-/sizzle-2.3.10.tgz. Extracting by manifest.
1011 silly tarball no local data for @types/sinonjs__fake-timers@https://registry.npmmirror.com/@types/sinonjs__fake-timers/-/sinonjs__fake-timers-8.1.1.tgz. Extracting by manifest.
1012 silly tarball no local data for @types/react-dom@https://registry.npmjs.org/@types/react-dom/-/react-dom-18.3.7.tgz. Extracting by manifest.
1013 silly tarball no local data for @types/react@https://registry.npmjs.org/@types/react/-/react-18.3.27.tgz. Extracting by manifest.
1014 silly tarball no local data for @types/prop-types@https://registry.npmjs.org/@types/prop-types/-/prop-types-15.7.15.tgz. Extracting by manifest.
1015 silly tarball no local data for @types/estree@https://registry.npmjs.org/@types/estree/-/estree-1.0.8.tgz. Extracting by manifest.
1016 silly tarball no local data for @types/babel__traverse@https://registry.npmjs.org/@types/babel__traverse/-/babel__traverse-7.28.0.tgz. Extracting by manifest.
1017 silly tarball no local data for @types/babel__template@https://registry.npmjs.org/@types/babel__template/-/babel__template-7.4.4.tgz. Extracting by manifest.
1018 silly tarball no local data for @types/babel__generator@https://registry.npmjs.org/@types/babel__generator/-/babel__generator-7.27.0.tgz. Extracting by manifest.
1019 silly tarball no local data for @types/babel__core@https://registry.npmjs.org/@types/babel__core/-/babel__core-7.20.5.tgz. Extracting by manifest.
1020 silly tarball no local data for @testing-library/react@https://registry.npmjs.org/@testing-library/react/-/react-15.0.7.tgz. Extracting by manifest.
1021 silly tarball no local data for @types/aria-query@https://registry.npmjs.org/@types/aria-query/-/aria-query-5.0.4.tgz. Extracting by manifest.
1022 silly tarball no local data for @testing-library/jest-dom@https://registry.npmjs.org/@testing-library/jest-dom/-/jest-dom-6.9.1.tgz. Extracting by manifest.
1023 silly tarball no local data for @testing-library/dom@https://registry.npmjs.org/@testing-library/dom/-/dom-10.4.1.tgz. Extracting by manifest.
1024 silly tarball no local data for @sinclair/typebox@https://registry.npmjs.org/@sinclair/typebox/-/typebox-0.27.8.tgz. Extracting by manifest.
1025 silly tarball no local data for @rollup/rollup-darwin-arm64@https://registry.npmjs.org/@rollup/rollup-darwin-arm64/-/rollup-darwin-arm64-4.54.0.tgz. Extracting by manifest.
1026 silly tarball no local data for @rolldown/pluginutils@https://registry.npmjs.org/@rolldown/pluginutils/-/pluginutils-1.0.0-beta.27.tgz. Extracting by manifest.
1027 silly tarball no local data for @nodelib/fs.walk@https://registry.npmjs.org/@nodelib/fs.walk/-/fs.walk-1.2.8.tgz. Extracting by manifest.
1028 silly tarball no local data for @nodelib/fs.stat@https://registry.npmjs.org/@nodelib/fs.stat/-/fs.stat-2.0.5.tgz. Extracting by manifest.
1029 silly tarball no local data for @nodelib/fs.scandir@https://registry.npmjs.org/@nodelib/fs.scandir/-/fs.scandir-2.1.5.tgz. Extracting by manifest.
1030 silly tarball no local data for @jridgewell/trace-mapping@https://registry.npmjs.org/@jridgewell/trace-mapping/-/trace-mapping-0.3.31.tgz. Extracting by manifest.
1031 silly tarball no local data for @jridgewell/sourcemap-codec@https://registry.npmjs.org/@jridgewell/sourcemap-codec/-/sourcemap-codec-1.5.5.tgz. Extracting by manifest.
1032 silly tarball no local data for @jridgewell/resolve-uri@https://registry.npmjs.org/@jridgewell/resolve-uri/-/resolve-uri-3.1.2.tgz. Extracting by manifest.
1033 silly tarball no local data for @jridgewell/remapping@https://registry.npmjs.org/@jridgewell/remapping/-/remapping-2.3.5.tgz. Extracting by manifest.
1034 silly tarball no local data for @jridgewell/gen-mapping@https://registry.npmjs.org/@jridgewell/gen-mapping/-/gen-mapping-0.3.13.tgz. Extracting by manifest.
1035 silly tarball no local data for @jest/schemas@https://registry.npmjs.org/@jest/schemas/-/schemas-29.6.3.tgz. Extracting by manifest.
1036 silly tarball no local data for @humanwhocodes/object-schema@https://registry.npmjs.org/@humanwhocodes/object-schema/-/object-schema-2.0.3.tgz. Extracting by manifest.
1037 silly tarball no local data for @humanwhocodes/module-importer@https://registry.npmjs.org/@humanwhocodes/module-importer/-/module-importer-1.0.1.tgz. Extracting by manifest.
1038 silly tarball no local data for @humanwhocodes/config-array@https://registry.npmjs.org/@humanwhocodes/config-array/-/config-array-0.13.0.tgz. Extracting by manifest.
1039 silly tarball no local data for @eslint/eslintrc@https://registry.npmjs.org/@eslint/eslintrc/-/eslintrc-2.1.4.tgz. Extracting by manifest.
1040 silly tarball no local data for @eslint-community/regexpp@https://registry.npmjs.org/@eslint-community/regexpp/-/regexpp-4.12.2.tgz. Extracting by manifest.
1041 silly tarball no local data for @eslint-community/eslint-utils@https://registry.npmjs.org/@eslint-community/eslint-utils/-/eslint-utils-4.9.1.tgz. Extracting by manifest.
1042 silly tarball no local data for @esbuild/darwin-arm64@https://registry.npmjs.org/@esbuild/darwin-arm64/-/darwin-arm64-0.21.5.tgz. Extracting by manifest.
1043 silly tarball no local data for @cypress/xvfb@https://registry.npmmirror.com/@cypress/xvfb/-/xvfb-1.2.4.tgz. Extracting by manifest.
1044 silly tarball no local data for @cypress/request@https://registry.npmmirror.com/@cypress/request/-/request-3.0.10.tgz. Extracting by manifest.
1045 silly tarball no local data for @csstools/css-tokenizer@https://registry.npmjs.org/@csstools/css-tokenizer/-/css-tokenizer-3.0.4.tgz. Extracting by manifest.
1046 silly tarball no local data for @csstools/css-parser-algorithms@https://registry.npmjs.org/@csstools/css-parser-algorithms/-/css-parser-algorithms-3.0.5.tgz. Extracting by manifest.
1047 silly tarball no local data for @csstools/css-color-parser@https://registry.npmjs.org/@csstools/css-color-parser/-/css-color-parser-3.1.0.tgz. Extracting by manifest.
1048 silly tarball no local data for @csstools/css-calc@https://registry.npmjs.org/@csstools/css-calc/-/css-calc-2.1.4.tgz. Extracting by manifest.
1049 silly tarball no local data for @csstools/color-helpers@https://registry.npmjs.org/@csstools/color-helpers/-/color-helpers-5.1.0.tgz. Extracting by manifest.
1050 silly tarball no local data for @babel/types@https://registry.npmjs.org/@babel/types/-/types-7.28.5.tgz. Extracting by manifest.
1051 silly tarball no local data for @babel/traverse@https://registry.npmjs.org/@babel/traverse/-/traverse-7.28.5.tgz. Extracting by manifest.
1052 silly tarball no local data for @babel/template@https://registry.npmjs.org/@babel/template/-/template-7.27.2.tgz. Extracting by manifest.
1053 silly tarball no local data for @babel/runtime@https://registry.npmjs.org/@babel/runtime/-/runtime-7.28.4.tgz. Extracting by manifest.
1054 silly tarball no local data for @babel/plugin-transform-react-jsx-source@https://registry.npmjs.org/@babel/plugin-transform-react-jsx-source/-/plugin-transform-react-jsx-source-7.27.1.tgz. Extracting by manifest.
1055 silly tarball no local data for @babel/plugin-transform-react-jsx-self@https://registry.npmjs.org/@babel/plugin-transform-react-jsx-self/-/plugin-transform-react-jsx-self-7.27.1.tgz. Extracting by manifest.
1056 silly tarball no local data for @babel/parser@https://registry.npmjs.org/@babel/parser/-/parser-7.28.5.tgz. Extracting by manifest.
1057 silly tarball no local data for @babel/helpers@https://registry.npmjs.org/@babel/helpers/-/helpers-7.28.4.tgz. Extracting by manifest.
1058 silly tarball no local data for ajv@https://registry.npmjs.org/ajv/-/ajv-6.12.6.tgz. Extracting by manifest.
1059 silly tarball no local data for @babel/helper-validator-option@https://registry.npmjs.org/@babel/helper-validator-option/-/helper-validator-option-7.27.1.tgz. Extracting by manifest.
1060 silly tarball no local data for @babel/helper-string-parser@https://registry.npmjs.org/@babel/helper-string-parser/-/helper-string-parser-7.27.1.tgz. Extracting by manifest.
1061 silly tarball no local data for @babel/helper-plugin-utils@https://registry.npmjs.org/@babel/helper-plugin-utils/-/helper-plugin-utils-7.27.1.tgz. Extracting by manifest.
1062 silly tarball no local data for @babel/helper-module-transforms@https://registry.npmjs.org/@babel/helper-module-transforms/-/helper-module-transforms-7.28.3.tgz. Extracting by manifest.
1063 silly tarball no local data for @babel/helper-module-imports@https://registry.npmjs.org/@babel/helper-module-imports/-/helper-module-imports-7.27.1.tgz. Extracting by manifest.
1064 silly tarball no local data for @babel/helper-globals@https://registry.npmjs.org/@babel/helper-globals/-/helper-globals-7.28.0.tgz. Extracting by manifest.
1065 silly tarball no local data for @babel/helper-compilation-targets@https://registry.npmjs.org/@babel/helper-compilation-targets/-/helper-compilation-targets-7.27.2.tgz. Extracting by manifest.
1066 silly tarball no local data for @babel/generator@https://registry.npmjs.org/@babel/generator/-/generator-7.28.5.tgz. Extracting by manifest.
1067 silly tarball no local data for @babel/core@https://registry.npmjs.org/@babel/core/-/core-7.28.5.tgz. Extracting by manifest.
1068 silly tarball no local data for @babel/compat-data@https://registry.npmjs.org/@babel/compat-data/-/compat-data-7.28.5.tgz. Extracting by manifest.
1069 silly tarball no local data for @babel/code-frame@https://registry.npmjs.org/@babel/code-frame/-/code-frame-7.27.1.tgz. Extracting by manifest.
1070 silly tarball no local data for @asamuzakjp/css-color@https://registry.npmjs.org/@asamuzakjp/css-color/-/css-color-3.2.0.tgz. Extracting by manifest.
1071 silly tarball no local data for @adobe/css-tools@https://registry.npmjs.org/@adobe/css-tools/-/css-tools-4.4.4.tgz. Extracting by manifest.
1072 silly tarball no local data for js-tokens@https://registry.npmjs.org/js-tokens/-/js-tokens-9.0.1.tgz. Extracting by manifest.
1073 silly tarball no local data for @babel/helper-validator-identifier@https://registry.npmjs.org/@babel/helper-validator-identifier/-/helper-validator-identifier-7.28.5.tgz. Extracting by manifest.
1074 silly tarball no local data for onetime@https://registry.npmmirror.com/onetime/-/onetime-5.1.2.tgz. Extracting by manifest.
1075 silly tarball no local data for mimic-fn@https://registry.npmmirror.com/mimic-fn/-/mimic-fn-2.1.0.tgz. Extracting by manifest.
1076 silly tarball no local data for react-is@https://registry.npmjs.org/react-is/-/react-is-16.13.1.tgz. Extracting by manifest.
1077 silly tarball no local data for ansi-styles@https://registry.npmjs.org/ansi-styles/-/ansi-styles-5.2.0.tgz. Extracting by manifest.
1078 silly tarball no local data for pathe@https://registry.npmjs.org/pathe/-/pathe-2.0.3.tgz. Extracting by manifest.
1079 silly tarball no local data for path-key@https://registry.npmjs.org/path-key/-/path-key-4.0.0.tgz. Extracting by manifest.
1080 silly tarball no local data for slice-ansi@https://registry.npmmirror.com/slice-ansi/-/slice-ansi-4.0.0.tgz. Extracting by manifest.
1081 silly tarball no local data for pathe@https://registry.npmjs.org/pathe/-/pathe-2.0.3.tgz. Extracting by manifest.
1082 silly tarball no local data for wrap-ansi@https://registry.npmmirror.com/wrap-ansi/-/wrap-ansi-6.2.0.tgz. Extracting by manifest.
1083 silly tarball no local data for type-fest@https://registry.npmmirror.com/type-fest/-/type-fest-0.8.1.tgz. Extracting by manifest.
1084 silly tarball no local data for is-stream@https://registry.npmmirror.com/is-stream/-/is-stream-2.0.1.tgz. Extracting by manifest.
1085 silly tarball no local data for universalify@https://registry.npmmirror.com/universalify/-/universalify-2.0.1.tgz. Extracting by manifest.
1086 silly tarball no local data for universalify@https://registry.npmmirror.com/universalify/-/universalify-2.0.1.tgz. Extracting by manifest.
1087 silly tarball no local data for escape-string-regexp@https://registry.npmmirror.com/escape-string-regexp/-/escape-string-regexp-1.0.5.tgz. Extracting by manifest.
1088 silly tarball no local data for get-stream@https://registry.npmmirror.com/get-stream/-/get-stream-5.2.0.tgz. Extracting by manifest.
1089 silly tarball no local data for doctrine@https://registry.npmjs.org/doctrine/-/doctrine-2.1.0.tgz. Extracting by manifest.
1090 silly tarball no local data for globals@https://registry.npmmirror.com/globals/-/globals-13.24.0.tgz. Extracting by manifest.
1091 silly tarball no local data for @eslint/js@https://registry.npmmirror.com/@eslint/js/-/js-8.57.1.tgz. Extracting by manifest.
1092 silly tarball no local data for tslib@https://registry.npmmirror.com/tslib/-/tslib-1.14.1.tgz. Extracting by manifest.
1093 silly tarball no local data for supports-color@https://registry.npmmirror.com/supports-color/-/supports-color-8.1.1.tgz. Extracting by manifest.
1094 silly tarball no local data for strip-final-newline@https://registry.npmmirror.com/strip-final-newline/-/strip-final-newline-2.0.0.tgz. Extracting by manifest.
1095 silly tarball no local data for signal-exit@https://registry.npmmirror.com/signal-exit/-/signal-exit-3.0.7.tgz. Extracting by manifest.
1096 silly tarball no local data for proxy-from-env@https://registry.npmmirror.com/proxy-from-env/-/proxy-from-env-1.0.0.tgz. Extracting by manifest.
1097 silly tarball no local data for onetime@https://registry.npmmirror.com/onetime/-/onetime-5.1.2.tgz. Extracting by manifest.
1098 silly tarball no local data for npm-run-path@https://registry.npmmirror.com/npm-run-path/-/npm-run-path-4.0.1.tgz. Extracting by manifest.
1099 silly tarball no local data for mimic-fn@https://registry.npmmirror.com/mimic-fn/-/mimic-fn-2.1.0.tgz. Extracting by manifest.
1100 silly tarball no local data for is-stream@https://registry.npmmirror.com/is-stream/-/is-stream-2.0.1.tgz. Extracting by manifest.
1101 silly tarball no local data for human-signals@https://registry.npmmirror.com/human-signals/-/human-signals-1.1.1.tgz. Extracting by manifest.
1102 silly tarball no local data for execa@https://registry.npmmirror.com/execa/-/execa-4.1.0.tgz. Extracting by manifest.
1103 silly tarball no local data for get-stream@https://registry.npmmirror.com/get-stream/-/get-stream-5.2.0.tgz. Extracting by manifest.
1104 silly tarball no local data for rrweb-cssom@https://registry.npmjs.org/rrweb-cssom/-/rrweb-cssom-0.8.0.tgz. Extracting by manifest.
1105 silly tarball no local data for pretty-format@https://registry.npmjs.org/pretty-format/-/pretty-format-29.7.0.tgz. Extracting by manifest.
1106 silly tarball no local data for type-fest@https://registry.npmmirror.com/type-fest/-/type-fest-0.21.3.tgz. Extracting by manifest.
1107 silly tarball no local data for react-is@https://registry.npmjs.org/react-is/-/react-is-18.3.1.tgz. Extracting by manifest.
1108 silly tarball no local data for ansi-styles@https://registry.npmjs.org/ansi-styles/-/ansi-styles-5.2.0.tgz. Extracting by manifest.
1109 silly tarball no local data for pretty-format@https://registry.npmjs.org/pretty-format/-/pretty-format-29.7.0.tgz. Extracting by manifest.
1110 silly tarball no local data for react-is@https://registry.npmjs.org/react-is/-/react-is-18.3.1.tgz. Extracting by manifest.
1111 silly tarball no local data for ansi-styles@https://registry.npmjs.org/ansi-styles/-/ansi-styles-5.2.0.tgz. Extracting by manifest.
1112 silly tarball no local data for yocto-queue@https://registry.npmjs.org/yocto-queue/-/yocto-queue-1.2.2.tgz. Extracting by manifest.
1113 silly tarball no local data for p-limit@https://registry.npmjs.org/p-limit/-/p-limit-5.0.0.tgz. Extracting by manifest.
1114 silly tarball no local data for aria-query@https://registry.npmjs.org/aria-query/-/aria-query-5.3.0.tgz. Extracting by manifest.
1115 silly tarball no local data for dom-accessibility-api@https://registry.npmjs.org/dom-accessibility-api/-/dom-accessibility-api-0.5.16.tgz. Extracting by manifest.
1116 silly tarball no local data for globals@https://registry.npmmirror.com/globals/-/globals-13.24.0.tgz. Extracting by manifest.
1117 silly tarball no local data for debug@https://registry.npmmirror.com/debug/-/debug-3.2.7.tgz. Extracting by manifest.
1118 silly tarball no local data for tough-cookie@https://registry.npmmirror.com/tough-cookie/-/tough-cookie-5.1.2.tgz. Extracting by manifest.
1119 silly tarball no local data for cookie@https://registry.npmmirror.com/cookie/-/cookie-1.1.1.tgz. Extracting by manifest.
1120 silly tarball no local data for lru-cache@https://registry.npmjs.org/lru-cache/-/lru-cache-10.4.3.tgz. Extracting by manifest.
1121 silly tarball no local data for minimist@https://registry.npmmirror.com/minimist/-/minimist-1.2.8.tgz. Extracting by manifest.
1122 silly tarball no local data for signal-exit@https://registry.npmmirror.com/signal-exit/-/signal-exit-3.0.7.tgz. Extracting by manifest.
1123 http fetch GET 200 https://registry.npmjs.org/undici-types/-/undici-types-7.19.2.tgz 154ms (cache miss)
1124 http fetch GET 200 https://registry.npmjs.org/which/-/which-2.0.2.tgz 176ms (cache miss)
1125 http fetch GET 200 https://registry.npmjs.org/whatwg-url/-/whatwg-url-14.2.0.tgz 204ms (cache miss)
1126 http fetch GET 200 https://registry.npmjs.org/word-wrap/-/word-wrap-1.2.5.tgz 209ms (cache miss)
1127 http fetch GET 200 https://registry.npmjs.org/wrappy/-/wrappy-1.0.2.tgz 209ms (cache miss)
1128 http fetch GET 200 https://registry.npmjs.org/xml-name-validator/-/xml-name-validator-5.0.0.tgz 210ms (cache miss)
1129 http fetch GET 200 https://registry.npmjs.org/why-is-node-running/-/why-is-node-running-2.3.0.tgz 217ms (cache miss)
1130 http fetch GET 200 https://registry.npmjs.org/yallist/-/yallist-3.1.1.tgz 219ms (cache miss)
1131 http fetch GET 200 https://registry.npmjs.org/xmlchars/-/xmlchars-2.2.0.tgz 222ms (cache miss)
1132 http fetch GET 200 https://registry.npmjs.org/which-boxed-primitive/-/which-boxed-primitive-1.1.1.tgz 221ms (cache miss)
1133 http fetch GET 200 https://registry.npmjs.org/which-builtin-type/-/which-builtin-type-1.2.1.tgz 225ms (cache miss)
1134 http fetch GET 200 https://registry.npmjs.org/whatwg-mimetype/-/whatwg-mimetype-4.0.0.tgz 228ms (cache miss)
1135 http fetch GET 200 https://registry.npmjs.org/yocto-queue/-/yocto-queue-0.1.0.tgz 232ms (cache miss)
1136 http fetch GET 200 https://registry.npmjs.org/which-collection/-/which-collection-1.0.2.tgz 235ms (cache miss)
1137 http fetch GET 200 https://registry.npmjs.org/whatwg-encoding/-/whatwg-encoding-3.1.1.tgz 236ms (cache miss)
1138 warn deprecated whatwg-encoding@3.1.1: Use @exodus/bytes instead for a more spec-conformant and faster implementation
1139 http fetch GET 200 https://registry.npmjs.org/webidl-conversions/-/webidl-conversions-7.0.0.tgz 239ms (cache miss)
1140 http fetch GET 200 https://registry.npmjs.org/which-typed-array/-/which-typed-array-1.1.19.tgz 242ms (cache miss)
1141 http fetch POST 200 https://registry.npmjs.org/-/npm/v1/security/advisories/bulk 332ms
1142 silly audit report {
1142 silly audit report   ajv: [
1142 silly audit report     {
1142 silly audit report       id: 1113714,
1142 silly audit report       url: 'https://github.com/advisories/GHSA-2g4f-4pwh-qvx6',
1142 silly audit report       title: 'ajv has ReDoS when using `$data` option',
1142 silly audit report       severity: 'moderate',
1142 silly audit report       vulnerable_versions: '<6.14.0',
1142 silly audit report       cwe: [Array],
1142 silly audit report       cvss: [Object]
1142 silly audit report     }
1142 silly audit report   ],
1142 silly audit report   axios: [
1142 silly audit report     {
1142 silly audit report       id: 1116673,
1142 silly audit report       url: 'https://github.com/advisories/GHSA-3p68-rc4w-qgx5',
1142 silly audit report       title: 'Axios has a NO_PROXY Hostname Normalization Bypass that Leads to SSRF',
1142 silly audit report       severity: 'moderate',
1142 silly audit report       vulnerable_versions: '>=1.0.0 <1.15.0',
1142 silly audit report       cwe: [Array],
1142 silly audit report       cvss: [Object]
1142 silly audit report     },
1142 silly audit report     {
1142 silly audit report       id: 1116675,
1142 silly audit report       url: 'https://github.com/advisories/GHSA-fvcv-3m26-pcqx',
1142 silly audit report       title: 'Axios has Unrestricted Cloud Metadata Exfiltration via Header Injection Chain',
1142 silly audit report       severity: 'moderate',
1142 silly audit report       vulnerable_versions: '>=1.0.0 <1.15.0',
1142 silly audit report       cwe: [Array],
1142 silly audit report       cvss: [Object]
1142 silly audit report     }
1142 silly audit report   ],
1142 silly audit report   'brace-expansion': [
1142 silly audit report     {
1142 silly audit report       id: 1115540,
1142 silly audit report       url: 'https://github.com/advisories/GHSA-f886-m6hf-6m8v',
1142 silly audit report       title: 'brace-expansion: Zero-step sequence causes process hang and memory exhaustion',
1142 silly audit report       severity: 'moderate',
1142 silly audit report       vulnerable_versions: '<1.1.13',
1142 silly audit report       cwe: [Array],
1142 silly audit report       cvss: [Object]
1142 silly audit report     }
1142 silly audit report   ],
1142 silly audit report   esbuild: [
1142 silly audit report     {
1142 silly audit report       id: 1102341,
1142 silly audit report       url: 'https://github.com/advisories/GHSA-67mh-4wv8-2f99',
1142 silly audit report       title: 'esbuild enables any website to send any requests to the development server and read the response',
1142 silly audit report       severity: 'moderate',
1142 silly audit report       vulnerable_versions: '<=0.24.2',
1142 silly audit report       cwe: [Array],
1142 silly audit report       cvss: [Object]
1142 silly audit report     }
1142 silly audit report   ],
1142 silly audit report   flatted: [
1142 silly audit report     {
1142 silly audit report       id: 1114526,
1142 silly audit report       url: 'https://github.com/advisories/GHSA-25h7-pfq9-p65f',
1142 silly audit report       title: 'flatted vulnerable to unbounded recursion DoS in parse() revive phase',
1142 silly audit report       severity: 'high',
1142 silly audit report       vulnerable_versions: '<3.4.0',
1142 silly audit report       cwe: [Array],
1142 silly audit report       cvss: [Object]
1142 silly audit report     },
1142 silly audit report     {
1142 silly audit report       id: 1115357,
1142 silly audit report       url: 'https://github.com/advisories/GHSA-rf6f-7fwh-wjgh',
1142 silly audit report       title: 'Prototype Pollution via parse() in NodeJS flatted',
1142 silly audit report       severity: 'high',
1142 silly audit report       vulnerable_versions: '<=3.4.1',
1142 silly audit report       cwe: [Array],
1142 silly audit report       cvss: [Object]
1142 silly audit report     }
1142 silly audit report   ],
1142 silly audit report   'follow-redirects': [
1142 silly audit report     {
1142 silly audit report       id: 1116560,
1142 silly audit report       url: 'https://github.com/advisories/GHSA-r4q5-vmmm-2653',
1142 silly audit report       title: 'follow-redirects leaks Custom Authentication Headers to Cross-Domain Redirect Targets',
1142 silly audit report       severity: 'moderate',
1142 silly audit report       vulnerable_versions: '<=1.15.11',
1142 silly audit report       cwe: [Array],
1142 silly audit report       cvss: [Object]
1142 silly audit report     }
1142 silly audit report   ],
1142 silly audit report   lodash: [
1142 silly audit report     {
1142 silly audit report       id: 1115806,
1142 silly audit report       url: 'https://github.com/advisories/GHSA-r5fr-rjxr-66jc',
1142 silly audit report       title: 'lodash vulnerable to Code Injection via `_.template` imports key names',
1142 silly audit report       severity: 'high',
1142 silly audit report       vulnerable_versions: '>=4.0.0 <=4.17.23',
1142 silly audit report       cwe: [Array],
1142 silly audit report       cvss: [Object]
1142 silly audit report     },
1142 silly audit report     {
1142 silly audit report       id: 1115810,
1142 silly audit report       url: 'https://github.com/advisories/GHSA-f23m-r3pf-42rh',
1142 silly audit report       title: 'lodash vulnerable to Prototype Pollution via array path bypass in `_.unset` and `_.omit`',
1142 silly audit report       severity: 'moderate',
1142 silly audit report       vulnerable_versions: '<=4.17.23',
1142 silly audit report       cwe: [Array],
1142 silly audit report       cvss: [Object]
1142 silly audit report     }
1142 silly audit report   ],
1142 silly audit report   minimatch: [
1142 silly audit report     {
1142 silly audit report       id: 1113459,
1142 silly audit report       url: 'https://github.com/advisories/GHSA-3ppc-4f35-3m26',
1142 silly audit report       title: 'minimatch has a ReDoS via repeated wildcards with non-matching literal in pattern',
1142 silly audit report       severity: 'high',
1142 silly audit report       vulnerable_versions: '<3.1.3',
1142 silly audit report       cwe: [Array],
1142 silly audit report       cvss: [Object]
1142 silly audit report     },
1142 silly audit report     {
1142 silly audit report       id: 1113538,
1142 silly audit report       url: 'https://github.com/advisories/GHSA-7r86-cg39-jmmj',
1142 silly audit report       title: 'minimatch has ReDoS: matchOne() combinatorial backtracking via multiple non-adjacent GLOBSTAR segments',
1142 silly audit report       severity: 'high',
1142 silly audit report       vulnerable_versions: '<3.1.3',
1142 silly audit report       cwe: [Array],
1142 silly audit report       cvss: [Object]
1142 silly audit report     },
1142 silly audit report     {
1142 silly audit report       id: 1113546,
1142 silly audit report       url: 'https://github.com/advisories/GHSA-23c5-xmqv-rm74',
1142 silly audit report       title: 'minimatch ReDoS: nested *() extglobs generate catastrophically backtracking regular expressions',
1142 silly audit report       severity: 'high',
1142 silly audit report       vulnerable_versions: '<3.1.4',
1142 silly audit report       cwe: [Array],
1142 silly audit report       cvss: [Object]
1142 silly audit report     }
1142 silly audit report   ],
1142 silly audit report   postcss: [
1142 silly audit report     {
1142 silly audit report       id: 1117015,
1142 silly audit report       url: 'https://github.com/advisories/GHSA-qx2v-qp2m-jg93',
1142 silly audit report       title: 'PostCSS has XSS via Unescaped </style> in its CSS Stringify Output',
1142 silly audit report       severity: 'moderate',
1142 silly audit report       vulnerable_versions: '<8.5.10',
1142 silly audit report       cwe: [Array],
1142 silly audit report       cvss: [Object]
1142 silly audit report     }
1142 silly audit report   ],
1142 silly audit report   rollup: [
1142 silly audit report     {
1142 silly audit report       id: 1113515,
1142 silly audit report       url: 'https://github.com/advisories/GHSA-mw96-cpmx-2vgc',
1142 silly audit report       title: 'Rollup 4 has Arbitrary File Write via Path Traversal',
1142 silly audit report       severity: 'high',
1142 silly audit report       vulnerable_versions: '>=4.0.0 <4.59.0',
1142 silly audit report       cwe: [Array],
1142 silly audit report       cvss: [Object]
1142 silly audit report     }
1142 silly audit report   ],
1142 silly audit report   uuid: [
1142 silly audit report     {
1142 silly audit report       id: 1116970,
1142 silly audit report       url: 'https://github.com/advisories/GHSA-w5hq-g745-h8pq',
1142 silly audit report       title: 'uuid: Missing buffer bounds check in v3/v5/v6 when buf is provided',
1142 silly audit report       severity: 'moderate',
1142 silly audit report       vulnerable_versions: '<14.0.0',
1142 silly audit report       cwe: [Array],
1142 silly audit report       cvss: [Object]
1142 silly audit report     }
1142 silly audit report   ],
1142 silly audit report   vite: [
1142 silly audit report     {
1142 silly audit report       id: 1116229,
1142 silly audit report       url: 'https://github.com/advisories/GHSA-4w7w-66w2-5vf9',
1142 silly audit report       title: 'Vite Vulnerable to Path Traversal in Optimized Deps `.map` Handling',
1142 silly audit report       severity: 'moderate',
1142 silly audit report       vulnerable_versions: '<=6.4.1',
1142 silly audit report       cwe: [Array],
1142 silly audit report       cvss: [Object]
1142 silly audit report     }
1142 silly audit report   ]
1142 silly audit report }
1143 silly packumentCache corgi:https://registry.npmjs.org/ajv cache-miss
1144 silly packumentCache corgi:https://registry.npmjs.org/axios cache-miss
1145 silly packumentCache corgi:https://registry.npmjs.org/brace-expansion cache-miss
1146 silly packumentCache corgi:https://registry.npmjs.org/esbuild cache-miss
1147 silly packumentCache corgi:https://registry.npmjs.org/flatted cache-miss
1148 silly packumentCache corgi:https://registry.npmjs.org/follow-redirects cache-miss
1149 silly packumentCache corgi:https://registry.npmjs.org/lodash cache-miss
1150 silly packumentCache corgi:https://registry.npmjs.org/minimatch cache-miss
1151 silly packumentCache corgi:https://registry.npmjs.org/postcss cache-miss
1152 silly packumentCache corgi:https://registry.npmjs.org/rollup cache-miss
1153 silly packumentCache corgi:https://registry.npmjs.org/uuid cache-miss
1154 silly packumentCache corgi:https://registry.npmjs.org/vite cache-miss
1155 http fetch GET 200 https://registry.npmjs.org/w3c-xmlserializer/-/w3c-xmlserializer-5.0.0.tgz 252ms (cache miss)
1156 http fetch GET 200 https://registry.npmjs.org/url-parse/-/url-parse-1.5.10.tgz 262ms (cache miss)
1157 http fetch GET 200 https://registry.npmjs.org/universalify/-/universalify-0.2.0.tgz 262ms (cache miss)
1158 http fetch GET 200 https://registry.npmjs.org/ws/-/ws-8.18.3.tgz 266ms (cache miss)
1159 http fetch GET 200 https://registry.npmjs.org/update-browserslist-db/-/update-browserslist-db-1.2.3.tgz 264ms (cache miss)
1160 http fetch GET 200 https://registry.npmjs.org/type-detect/-/type-detect-4.1.0.tgz 269ms (cache miss)
1161 http fetch GET 200 https://registry.npmjs.org/unbox-primitive/-/unbox-primitive-1.1.0.tgz 271ms (cache miss)
1162 http fetch GET 200 https://registry.npmjs.org/typed-array-byte-offset/-/typed-array-byte-offset-1.0.4.tgz 270ms (cache miss)
1163 http fetch GET 200 https://registry.npmjs.org/ufo/-/ufo-1.6.1.tgz 272ms (cache miss)
1164 http fetch GET 200 https://registry.npmjs.org/typed-array-length/-/typed-array-length-1.0.7.tgz 271ms (cache miss)
1165 http fetch GET 200 https://registry.npmjs.org/typed-array-byte-length/-/typed-array-byte-length-1.0.3.tgz 271ms (cache miss)
1166 http fetch GET 200 https://registry.npmjs.org/vite-node/-/vite-node-1.6.1.tgz 288ms (cache miss)
1167 http fetch GET 200 https://registry.npmjs.org/tr46/-/tr46-5.1.1.tgz 282ms (cache miss)
1168 http fetch GET 200 https://registry.npmjs.org/type-check/-/type-check-0.4.0.tgz 283ms (cache miss)
1169 http fetch GET 200 https://registry.npmjs.org/supports-color/-/supports-color-7.2.0.tgz 296ms (cache miss)
1170 http fetch GET 200 https://registry.npmjs.org/tinyspy/-/tinyspy-2.2.1.tgz 303ms (cache miss)
1171 http fetch GET 200 https://registry.npmjs.org/typed-array-buffer/-/typed-array-buffer-1.0.3.tgz 306ms (cache miss)
1172 http fetch GET 200 https://registry.npmjs.org/tinypool/-/tinypool-0.8.4.tgz 305ms (cache miss)
1173 http fetch GET 200 https://registry.npmjs.org/strip-literal/-/strip-literal-2.1.1.tgz 304ms (cache miss)
1174 http fetch GET 200 https://registry.npmjs.org/supports-preserve-symlinks-flag/-/supports-preserve-symlinks-flag-1.0.0.tgz 305ms (cache miss)
1175 http fetch GET 200 https://registry.npmjs.org/symbol-tree/-/symbol-tree-3.2.4.tgz 305ms (cache miss)
1176 http fetch GET 200 https://registry.npmjs.org/tough-cookie/-/tough-cookie-4.1.4.tgz 308ms (cache miss)
1177 http fetch GET 200 https://registry.npmjs.org/tinybench/-/tinybench-2.9.0.tgz 308ms (cache miss)
1178 http fetch GET 200 https://registry.npmjs.org/text-table/-/text-table-0.2.0.tgz 311ms (cache miss)
1179 http fetch GET 200 https://registry.npmjs.org/@types/node/-/node-25.6.0.tgz 330ms (cache miss)
1180 http fetch GET 200 https://registry.npmjs.org/uri-js/-/uri-js-4.4.1.tgz 328ms (cache miss)
1181 http fetch GET 200 https://registry.npmjs.org/vite/-/vite-5.4.21.tgz 331ms (cache miss)
1182 http fetch GET 200 https://registry.npmjs.org/vitest/-/vitest-1.6.1.tgz 333ms (cache miss)
1183 http fetch GET 200 https://registry.npmjs.org/siginfo/-/siginfo-2.0.0.tgz 416ms (cache miss)
1184 http fetch GET 200 https://registry.npmjs.org/std-env/-/std-env-3.10.0.tgz 417ms (cache miss)
1185 http fetch GET 200 https://registry.npmjs.org/strip-indent/-/strip-indent-3.0.0.tgz 420ms (cache miss)
1186 http fetch GET 200 https://registry.npmjs.org/strip-final-newline/-/strip-final-newline-3.0.0.tgz 420ms (cache miss)
1187 http fetch GET 200 https://registry.npmjs.org/strip-ansi/-/strip-ansi-6.0.1.tgz 419ms (cache miss)
1188 http fetch GET 200 https://registry.npmjs.org/set-function-name/-/set-function-name-2.0.2.tgz 416ms (cache miss)
1189 http fetch GET 200 https://registry.npmjs.org/stackback/-/stackback-0.0.2.tgz 417ms (cache miss)
1190 http fetch GET 200 https://registry.npmjs.org/strip-json-comments/-/strip-json-comments-3.1.1.tgz 421ms (cache miss)
1191 http fetch GET 200 https://registry.npmjs.org/set-function-length/-/set-function-length-1.2.2.tgz 417ms (cache miss)
1192 http fetch GET 200 https://registry.npmjs.org/shebang-command/-/shebang-command-2.0.0.tgz 418ms (cache miss)
1193 http fetch GET 200 https://registry.npmjs.org/semver/-/semver-6.3.1.tgz 417ms (cache miss)
1194 http fetch GET 200 https://registry.npmjs.org/safe-regex-test/-/safe-regex-test-1.1.0.tgz 418ms (cache miss)
1195 http fetch GET 200 https://registry.npmjs.org/shebang-regex/-/shebang-regex-3.0.0.tgz 419ms (cache miss)
1196 http fetch GET 200 https://registry.npmjs.org/side-channel-weakmap/-/side-channel-weakmap-1.0.2.tgz 419ms (cache miss)
1197 http fetch GET 200 https://registry.npmjs.org/side-channel/-/side-channel-1.1.0.tgz 420ms (cache miss)
1198 http fetch GET 200 https://registry.npmjs.org/string.prototype.repeat/-/string.prototype.repeat-1.0.0.tgz 423ms (cache miss)
1199 http fetch GET 200 https://registry.npmjs.org/set-proto/-/set-proto-1.0.0.tgz 421ms (cache miss)
1200 http fetch GET 200 https://registry.npmjs.org/side-channel-map/-/side-channel-map-1.0.1.tgz 424ms (cache miss)
1201 http fetch GET 200 https://registry.npmjs.org/stop-iteration-iterator/-/stop-iteration-iterator-1.1.0.tgz 427ms (cache miss)
1202 http fetch GET 200 https://registry.npmjs.org/safer-buffer/-/safer-buffer-2.1.2.tgz 424ms (cache miss)
1203 http fetch GET 200 https://registry.npmjs.org/string.prototype.matchall/-/string.prototype.matchall-4.0.12.tgz 429ms (cache miss)
1204 http fetch GET 200 https://registry.npmjs.org/side-channel-list/-/side-channel-list-1.0.0.tgz 427ms (cache miss)
1205 http fetch GET 200 https://registry.npmjs.org/safe-array-concat/-/safe-array-concat-1.1.3.tgz 427ms (cache miss)
1206 http fetch GET 200 https://registry.npmjs.org/saxes/-/saxes-6.0.0.tgz 430ms (cache miss)
1207 http fetch GET 200 https://registry.npmjs.org/safe-push-apply/-/safe-push-apply-1.0.0.tgz 431ms (cache miss)
1208 http fetch GET 200 https://registry.npmjs.org/resolve-from/-/resolve-from-4.0.0.tgz 432ms (cache miss)
1209 http fetch GET 200 https://registry.npmjs.org/string.prototype.trimend/-/string.prototype.trimend-1.0.9.tgz 438ms (cache miss)
1210 http fetch GET 200 https://registry.npmjs.org/string.prototype.trimstart/-/string.prototype.trimstart-1.0.8.tgz 439ms (cache miss)
1211 http fetch GET 200 https://registry.npmjs.org/requires-port/-/requires-port-1.0.0.tgz 434ms (cache miss)
1212 http fetch GET 200 https://registry.npmjs.org/regexp.prototype.flags/-/regexp.prototype.flags-1.5.4.tgz 434ms (cache miss)
1213 http fetch GET 200 https://registry.npmjs.org/run-parallel/-/run-parallel-1.2.0.tgz 436ms (cache miss)
1214 http fetch GET 200 https://registry.npmjs.org/rimraf/-/rimraf-3.0.2.tgz 436ms (cache miss)
1215 warn deprecated rimraf@3.0.2: Rimraf versions prior to v4 are no longer supported
1216 http fetch GET 200 https://registry.npmjs.org/string.prototype.trim/-/string.prototype.trim-1.2.10.tgz 443ms (cache miss)
1217 http fetch GET 200 https://registry.npmjs.org/redent/-/redent-3.0.0.tgz 440ms (cache miss)
1218 http fetch GET 200 https://registry.npmjs.org/scheduler/-/scheduler-0.23.2.tgz 442ms (cache miss)
1219 http fetch GET 200 https://registry.npmjs.org/reusify/-/reusify-1.1.0.tgz 442ms (cache miss)
1220 http fetch GET 200 https://registry.npmjs.org/react-refresh/-/react-refresh-0.17.0.tgz 441ms (cache miss)
1221 http fetch GET 200 https://registry.npmjs.org/reflect.getprototypeof/-/reflect.getprototypeof-1.0.10.tgz 442ms (cache miss)
1222 http fetch GET 200 https://registry.npmjs.org/react-is/-/react-is-17.0.2.tgz 445ms (cache miss)
1223 http fetch GET 200 https://registry.npmjs.org/queue-microtask/-/queue-microtask-1.2.3.tgz 446ms (cache miss)
1224 http fetch GET 200 https://registry.npmjs.org/source-map-js/-/source-map-js-1.2.1.tgz 452ms (cache miss)
1225 http fetch GET 200 https://registry.npmjs.org/querystringify/-/querystringify-2.2.0.tgz 449ms (cache miss)
1226 http fetch GET 200 https://registry.npmjs.org/prop-types/-/prop-types-15.8.1.tgz 457ms (cache miss)
1227 http fetch GET 200 https://registry.npmjs.org/rrweb-cssom/-/rrweb-cssom-0.7.1.tgz 459ms (cache miss)
1228 http fetch GET 200 https://registry.npmjs.org/punycode/-/punycode-2.3.1.tgz 460ms (cache miss)
1229 http fetch GET 200 https://registry.npmjs.org/signal-exit/-/signal-exit-4.1.0.tgz 469ms (cache miss)
1230 http fetch GET 200 https://registry.npmjs.org/prelude-ls/-/prelude-ls-1.2.1.tgz 463ms (cache miss)
1231 http fetch GET 200 https://registry.npmjs.org/react/-/react-18.3.1.tgz 465ms (cache miss)
1232 http fetch GET 200 https://registry.npmjs.org/possible-typed-array-names/-/possible-typed-array-names-1.1.0.tgz 465ms (cache miss)
1233 http fetch GET 200 https://registry.npmjs.org/picocolors/-/picocolors-1.1.1.tgz 465ms (cache miss)
1234 http fetch GET 200 https://registry.npmjs.org/pkg-types/-/pkg-types-1.3.1.tgz 467ms (cache miss)
1235 http fetch GET 200 https://registry.npmjs.org/path-is-absolute/-/path-is-absolute-1.0.1.tgz 483ms (cache miss)
1236 http fetch GET 200 https://registry.npmjs.org/path-key/-/path-key-3.1.1.tgz 485ms (cache miss)
1237 http fetch GET 200 https://registry.npmjs.org/pathval/-/pathval-1.1.1.tgz 485ms (cache miss)
1238 http fetch GET 200 https://registry.npmjs.org/path-exists/-/path-exists-4.0.0.tgz 486ms (cache miss)
1239 http fetch GET 200 https://registry.npmjs.org/psl/-/psl-1.15.0.tgz 488ms (cache miss)
1240 http fetch GET 200 https://registry.npmjs.org/pathe/-/pathe-1.1.2.tgz 486ms (cache miss)
1241 http fetch GET 200 https://registry.npmjs.org/path-parse/-/path-parse-1.0.7.tgz 486ms (cache miss)
1242 http fetch GET 200 https://registry.npmjs.org/pretty-format/-/pretty-format-27.5.1.tgz 489ms (cache miss)
1243 http fetch GET 200 https://registry.npmjs.org/parent-module/-/parent-module-1.0.1.tgz 493ms (cache miss)
1244 http fetch GET 200 https://registry.npmjs.org/onetime/-/onetime-6.0.0.tgz 498ms (cache miss)
1245 http fetch GET 200 https://registry.npmjs.org/p-limit/-/p-limit-3.1.0.tgz 501ms (cache miss)
1246 http fetch GET 200 https://registry.npmjs.org/p-locate/-/p-locate-5.0.0.tgz 504ms (cache miss)
1247 http fetch GET 200 https://registry.npmjs.org/optionator/-/optionator-0.9.4.tgz 510ms (cache miss)
1248 http fetch GET 200 https://registry.npmjs.org/once/-/once-1.4.0.tgz 511ms (cache miss)
1249 http fetch GET 200 https://registry.npmjs.org/object-keys/-/object-keys-1.1.1.tgz 511ms (cache miss)
1250 http fetch GET 200 https://registry.npmjs.org/object.fromentries/-/object.fromentries-2.0.8.tgz 512ms (cache miss)
1251 http fetch GET 200 https://registry.npmjs.org/object.entries/-/object.entries-1.1.9.tgz 515ms (cache miss)
1252 http fetch GET 200 https://registry.npmjs.org/postcss/-/postcss-8.5.6.tgz 519ms (cache miss)
1253 http fetch GET 200 https://registry.npmjs.org/object.values/-/object.values-1.2.1.tgz 517ms (cache miss)
1254 http fetch GET 200 https://registry.npmjs.org/object.assign/-/object.assign-4.1.7.tgz 517ms (cache miss)
1255 http fetch GET 200 https://registry.npmjs.org/rollup/-/rollup-4.54.0.tgz 528ms (cache miss)
1256 http fetch GET 200 https://registry.npmjs.org/object-inspect/-/object-inspect-1.13.4.tgz 523ms (cache miss)
1257 http fetch GET 200 https://registry.npmjs.org/react-dom/-/react-dom-18.3.1.tgz 537ms (cache miss)
1258 http fetch GET 200 https://registry.npmjs.org/resolve/-/resolve-2.0.0-next.5.tgz 538ms (cache miss)
1259 http fetch GET 200 https://registry.npmjs.org/parse5/-/parse5-7.3.0.tgz 538ms (cache miss)
1260 http fetch GET 200 https://registry.npmjs.org/object-assign/-/object-assign-4.1.1.tgz 560ms (cache miss)
1261 http fetch GET 200 https://registry.npmjs.org/ms/-/ms-2.1.3.tgz 559ms (cache miss)
1262 http fetch GET 200 https://registry.npmjs.org/own-keys/-/own-keys-1.0.1.tgz 561ms (cache miss)
1263 http fetch GET 200 https://registry.npmjs.org/node-releases/-/node-releases-2.0.27.tgz 559ms (cache miss)
1264 http fetch GET 200 https://registry.npmjs.org/min-indent/-/min-indent-1.0.1.tgz 558ms (cache miss)
1265 http fetch GET 200 https://registry.npmjs.org/npm-run-path/-/npm-run-path-5.3.0.tgz 560ms (cache miss)
1266 http fetch GET 200 https://registry.npmjs.org/mimic-fn/-/mimic-fn-4.0.0.tgz 559ms (cache miss)
1267 http fetch GET 200 https://registry.npmjs.org/merge-stream/-/merge-stream-2.0.0.tgz 560ms (cache miss)
1268 http fetch GET 200 https://registry.npmjs.org/minimatch/-/minimatch-3.1.2.tgz 561ms (cache miss)
1269 http fetch GET 200 https://registry.npmjs.org/natural-compare/-/natural-compare-1.4.0.tgz 561ms (cache miss)
1270 http fetch GET 200 https://registry.npmjs.org/mime-db/-/mime-db-1.52.0.tgz 560ms (cache miss)
1271 http fetch GET 200 https://registry.npmjs.org/nwsapi/-/nwsapi-2.2.23.tgz 562ms (cache miss)
1272 http fetch GET 200 https://registry.npmjs.org/mime-types/-/mime-types-2.1.35.tgz 560ms (cache miss)
1273 http fetch GET 200 https://registry.npmjs.org/mlly/-/mlly-1.8.0.tgz 563ms (cache miss)
1274 http fetch GET 200 https://registry.npmjs.org/nanoid/-/nanoid-3.3.11.tgz 563ms (cache miss)
1275 http fetch GET 200 https://registry.npmjs.org/loose-envify/-/loose-envify-1.4.0.tgz 581ms (cache miss)
1276 http fetch GET 200 https://registry.npmjs.org/lru-cache/-/lru-cache-5.1.1.tgz 582ms (cache miss)
1277 http fetch GET 200 https://registry.npmjs.org/lodash.merge/-/lodash.merge-4.6.2.tgz 582ms (cache miss)
1278 http fetch GET 200 https://registry.npmjs.org/local-pkg/-/local-pkg-0.5.1.tgz 582ms (cache miss)
1279 http fetch GET 200 https://registry.npmjs.org/levn/-/levn-0.4.1.tgz 583ms (cache miss)
1280 http fetch GET 200 https://registry.npmjs.org/locate-path/-/locate-path-6.0.0.tgz 585ms (cache miss)
1281 http fetch GET 200 https://registry.npmjs.org/keyv/-/keyv-4.5.4.tgz 585ms (cache miss)
1282 http fetch GET 200 https://registry.npmjs.org/json-schema-traverse/-/json-schema-traverse-0.4.1.tgz 586ms (cache miss)
1283 http fetch GET 200 https://registry.npmjs.org/loupe/-/loupe-2.3.7.tgz 592ms (cache miss)
1284 http fetch GET 200 https://registry.npmjs.org/math-intrinsics/-/math-intrinsics-1.1.0.tgz 593ms (cache miss)
1285 http fetch GET 200 https://registry.npmjs.org/lz-string/-/lz-string-1.5.0.tgz 593ms (cache miss)
1286 http fetch GET 200 https://registry.npmjs.org/json-stable-stringify-without-jsonify/-/json-stable-stringify-without-jsonify-1.0.1.tgz 591ms (cache miss)
1287 http fetch GET 200 https://registry.npmjs.org/magic-string/-/magic-string-0.30.21.tgz 594ms (cache miss)
1288 http fetch GET 200 https://registry.npmjs.org/json5/-/json5-2.2.3.tgz 593ms (cache miss)
1289 http fetch GET 200 https://registry.npmjs.org/json-buffer/-/json-buffer-3.0.1.tgz 600ms (cache miss)
1290 http fetch GET 200 https://registry.npmjs.org/jsesc/-/jsesc-3.1.0.tgz 600ms (cache miss)
1291 http fetch GET 200 https://registry.npmjs.org/js-tokens/-/js-tokens-4.0.0.tgz 603ms (cache miss)
1292 http fetch GET 200 https://registry.npmjs.org/iterator.prototype/-/iterator.prototype-1.1.5.tgz 605ms (cache miss)
1293 http fetch GET 200 https://registry.npmjs.org/isexe/-/isexe-2.0.0.tgz 605ms (cache miss)
1294 http fetch GET 200 https://registry.npmjs.org/isarray/-/isarray-2.0.5.tgz 630ms (cache miss)
1295 http fetch GET 200 https://registry.npmjs.org/is-weakset/-/is-weakset-2.0.4.tgz 631ms (cache miss)
1296 http fetch GET 200 https://registry.npmjs.org/is-weakmap/-/is-weakmap-2.0.2.tgz 630ms (cache miss)
1297 http fetch GET 200 https://registry.npmjs.org/is-stream/-/is-stream-3.0.0.tgz 631ms (cache miss)
1298 http fetch GET 200 https://registry.npmjs.org/is-typed-array/-/is-typed-array-1.1.15.tgz 632ms (cache miss)
1299 http fetch GET 200 https://registry.npmjs.org/is-string/-/is-string-1.1.1.tgz 631ms (cache miss)
1300 http fetch GET 200 https://registry.npmjs.org/is-weakref/-/is-weakref-1.1.1.tgz 633ms (cache miss)
1301 http fetch GET 200 https://registry.npmjs.org/is-set/-/is-set-2.0.3.tgz 632ms (cache miss)
1302 http fetch GET 200 https://registry.npmjs.org/is-symbol/-/is-symbol-1.1.1.tgz 632ms (cache miss)
1303 http fetch GET 200 https://registry.npmjs.org/is-shared-array-buffer/-/is-shared-array-buffer-1.0.4.tgz 632ms (cache miss)
1304 http fetch GET 200 https://registry.npmjs.org/is-regex/-/is-regex-1.2.1.tgz 633ms (cache miss)
1305 http fetch GET 200 https://registry.npmjs.org/jsx-ast-utils/-/jsx-ast-utils-3.3.5.tgz 640ms (cache miss)
1306 http fetch GET 200 https://registry.npmjs.org/js-yaml/-/js-yaml-4.1.1.tgz 639ms (cache miss)
1307 http fetch GET 200 https://registry.npmjs.org/is-negative-zero/-/is-negative-zero-2.0.3.tgz 655ms (cache miss)
1308 http fetch GET 200 https://registry.npmjs.org/is-number-object/-/is-number-object-1.1.1.tgz 656ms (cache miss)
1309 http fetch GET 200 https://registry.npmjs.org/is-path-inside/-/is-path-inside-3.0.3.tgz 658ms (cache miss)
1310 http fetch GET 200 https://registry.npmjs.org/is-potential-custom-element-name/-/is-potential-custom-element-name-1.0.1.tgz 658ms (cache miss)
1311 http fetch GET 200 https://registry.npmjs.org/is-data-view/-/is-data-view-1.0.2.tgz 657ms (cache miss)
1312 http fetch GET 200 https://registry.npmjs.org/is-glob/-/is-glob-4.0.3.tgz 658ms (cache miss)
1313 http fetch GET 200 https://registry.npmjs.org/is-core-module/-/is-core-module-2.16.1.tgz 657ms (cache miss)
1314 http fetch GET 200 https://registry.npmjs.org/is-callable/-/is-callable-1.2.7.tgz 658ms (cache miss)
1315 http fetch GET 200 https://registry.npmjs.org/is-finalizationregistry/-/is-finalizationregistry-1.1.1.tgz 659ms (cache miss)
1316 http fetch GET 200 https://registry.npmjs.org/is-bigint/-/is-bigint-1.1.0.tgz 658ms (cache miss)
1317 http fetch GET 200 https://registry.npmjs.org/is-map/-/is-map-2.0.3.tgz 659ms (cache miss)
1318 http fetch GET 200 https://registry.npmjs.org/is-boolean-object/-/is-boolean-object-1.2.2.tgz 659ms (cache miss)
1319 http fetch GET 200 https://registry.npmjs.org/is-date-object/-/is-date-object-1.1.0.tgz 659ms (cache miss)
1320 http fetch GET 200 https://registry.npmjs.org/is-extglob/-/is-extglob-2.1.1.tgz 660ms (cache miss)
1321 http fetch GET 200 https://registry.npmjs.org/is-generator-function/-/is-generator-function-1.1.2.tgz 660ms (cache miss)
1322 http fetch GET 200 https://registry.npmjs.org/is-array-buffer/-/is-array-buffer-3.0.5.tgz 669ms (cache miss)
1323 http fetch GET 200 https://registry.npmjs.org/inherits/-/inherits-2.0.4.tgz 668ms (cache miss)
1324 http fetch GET 200 https://registry.npmjs.org/indent-string/-/indent-string-4.0.0.tgz 672ms (cache miss)
1325 http fetch GET 200 https://registry.npmjs.org/inflight/-/inflight-1.0.6.tgz 672ms (cache miss)
1326 warn deprecated inflight@1.0.6: This module is not supported, and leaks memory. Do not use it. Check out lru-cache if you want a good and tested way to coalesce async requests by a key value, which is much more comprehensive and powerful.
1327 http fetch GET 200 https://registry.npmjs.org/internal-slot/-/internal-slot-1.1.0.tgz 673ms (cache miss)
1328 http fetch GET 200 https://registry.npmjs.org/is-async-function/-/is-async-function-2.1.1.tgz 674ms (cache miss)
1329 http fetch GET 200 https://registry.npmjs.org/human-signals/-/human-signals-5.0.0.tgz 675ms (cache miss)
1330 http fetch GET 200 https://registry.npmjs.org/http-proxy-agent/-/http-proxy-agent-7.0.2.tgz 679ms (cache miss)
1331 http fetch GET 200 https://registry.npmjs.org/import-fresh/-/import-fresh-3.3.1.tgz 681ms (cache miss)
1332 http fetch GET 200 https://registry.npmjs.org/ignore/-/ignore-5.3.2.tgz 681ms (cache miss)
1333 http fetch GET 200 https://registry.npmjs.org/imurmurhash/-/imurmurhash-0.1.4.tgz 681ms (cache miss)
1334 http fetch GET 200 https://registry.npmjs.org/https-proxy-agent/-/https-proxy-agent-7.0.6.tgz 686ms (cache miss)
1335 http fetch GET 200 https://registry.npmjs.org/has-tostringtag/-/has-tostringtag-1.0.2.tgz 690ms (cache miss)
1336 http fetch GET 200 https://registry.npmjs.org/iconv-lite/-/iconv-lite-0.6.3.tgz 691ms (cache miss)
1337 http fetch GET 200 https://registry.npmjs.org/hasown/-/hasown-2.0.2.tgz 758ms (cache miss)
1338 http fetch GET 200 https://registry.npmjs.org/jsdom/-/jsdom-24.1.3.tgz 766ms (cache miss)
1339 http fetch GET 200 https://registry.npmjs.org/has-symbols/-/has-symbols-1.1.0.tgz 758ms (cache miss)
1340 http fetch GET 200 https://registry.npmjs.org/has-flag/-/has-flag-4.0.0.tgz 759ms (cache miss)
1341 http fetch GET 200 https://registry.npmjs.org/has-property-descriptors/-/has-property-descriptors-1.0.2.tgz 760ms (cache miss)
1342 http fetch GET 200 https://registry.npmjs.org/gopd/-/gopd-1.2.0.tgz 759ms (cache miss)
1343 http fetch GET 200 https://registry.npmjs.org/get-symbol-description/-/get-symbol-description-1.1.0.tgz 758ms (cache miss)
1344 http fetch GET 200 https://registry.npmjs.org/has-bigints/-/has-bigints-1.1.0.tgz 760ms (cache miss)
1345 http fetch GET 200 https://registry.npmjs.org/glob/-/glob-7.2.3.tgz 759ms (cache miss)
1346 warn deprecated glob@7.2.3: Glob versions prior to v9 are no longer supported
1347 http fetch GET 200 https://registry.npmjs.org/glob-parent/-/glob-parent-6.0.2.tgz 760ms (cache miss)
1348 http fetch GET 200 https://registry.npmjs.org/get-intrinsic/-/get-intrinsic-1.3.0.tgz 759ms (cache miss)
1349 http fetch GET 200 https://registry.npmjs.org/get-stream/-/get-stream-8.0.1.tgz 759ms (cache miss)
1350 http fetch GET 200 https://registry.npmjs.org/has-proto/-/has-proto-1.2.0.tgz 762ms (cache miss)
1351 http fetch GET 200 https://registry.npmjs.org/get-proto/-/get-proto-1.0.1.tgz 760ms (cache miss)
1352 http fetch GET 200 https://registry.npmjs.org/globalthis/-/globalthis-1.0.4.tgz 762ms (cache miss)
1353 http fetch GET 200 https://registry.npmjs.org/graphemer/-/graphemer-1.4.0.tgz 763ms (cache miss)
1354 http fetch GET 200 https://registry.npmjs.org/gensync/-/gensync-1.0.0-beta.2.tgz 767ms (cache miss)
1355 http fetch GET 200 https://registry.npmjs.org/function-bind/-/function-bind-1.1.2.tgz 766ms (cache miss)
1356 http fetch GET 200 https://registry.npmjs.org/functions-have-names/-/functions-have-names-1.2.3.tgz 773ms (cache miss)
1357 http fetch GET 200 https://registry.npmjs.org/fsevents/-/fsevents-2.3.3.tgz 774ms (cache miss)
1358 http fetch GET 200 https://registry.npmjs.org/fs.realpath/-/fs.realpath-1.0.0.tgz 774ms (cache miss)
1359 http fetch GET 200 https://registry.npmjs.org/generator-function/-/generator-function-2.0.1.tgz 774ms (cache miss)
1360 http fetch GET 200 https://registry.npmjs.org/for-each/-/for-each-0.3.5.tgz 773ms (cache miss)
1361 http fetch GET 200 https://registry.npmjs.org/function.prototype.name/-/function.prototype.name-1.1.8.tgz 777ms (cache miss)
1362 http fetch GET 200 https://registry.npmjs.org/form-data/-/form-data-4.0.5.tgz 776ms (cache miss)
1363 http fetch GET 200 https://registry.npmjs.org/find-up/-/find-up-5.0.0.tgz 777ms (cache miss)
1364 http fetch GET 200 https://registry.npmjs.org/fastq/-/fastq-1.20.1.tgz 776ms (cache miss)
1365 http fetch GET 200 https://registry.npmjs.org/get-func-name/-/get-func-name-2.0.2.tgz 779ms (cache miss)
1366 http fetch GET 200 https://registry.npmjs.org/flatted/-/flatted-3.3.3.tgz 777ms (cache miss)
1367 http fetch GET 200 https://registry.npmjs.org/file-entry-cache/-/file-entry-cache-6.0.1.tgz 785ms (cache miss)
1368 http fetch GET 200 https://registry.npmjs.org/flat-cache/-/flat-cache-3.2.0.tgz 797ms (cache miss)
1369 http fetch GET 200 https://registry.npmjs.org/fast-json-stable-stringify/-/fast-json-stable-stringify-2.1.0.tgz 798ms (cache miss)
1370 http fetch GET 200 https://registry.npmjs.org/fast-deep-equal/-/fast-deep-equal-3.1.3.tgz 801ms (cache miss)
1371 http fetch GET 200 https://registry.npmjs.org/estraverse/-/estraverse-5.3.0.tgz 800ms (cache miss)
1372 http fetch GET 200 https://registry.npmjs.org/esrecurse/-/esrecurse-4.3.0.tgz 799ms (cache miss)
1373 http fetch GET 200 https://registry.npmjs.org/esutils/-/esutils-2.0.3.tgz 801ms (cache miss)
1374 http fetch GET 200 https://registry.npmjs.org/estree-walker/-/estree-walker-3.0.3.tgz 801ms (cache miss)
1375 http fetch GET 200 https://registry.npmjs.org/fast-levenshtein/-/fast-levenshtein-2.0.6.tgz 805ms (cache miss)
1376 http fetch GET 200 https://registry.npmjs.org/execa/-/execa-8.0.1.tgz 818ms (cache miss)
1377 http fetch GET 200 https://registry.npmjs.org/eslint-plugin-react-refresh/-/eslint-plugin-react-refresh-0.4.26.tgz 819ms (cache miss)
1378 http fetch GET 200 https://registry.npmjs.org/escape-string-regexp/-/escape-string-regexp-4.0.0.tgz 819ms (cache miss)
1379 http fetch GET 200 https://registry.npmjs.org/eslint-visitor-keys/-/eslint-visitor-keys-3.4.3.tgz 821ms (cache miss)
1380 http fetch GET 200 https://registry.npmjs.org/eslint-plugin-react-hooks/-/eslint-plugin-react-hooks-4.6.2.tgz 821ms (cache miss)
1381 http fetch GET 200 https://registry.npmjs.org/espree/-/espree-9.6.1.tgz 823ms (cache miss)
1382 http fetch GET 200 https://registry.npmjs.org/escalade/-/escalade-3.2.0.tgz 830ms (cache miss)
1383 http fetch GET 200 https://registry.npmjs.org/es-set-tostringtag/-/es-set-tostringtag-2.1.0.tgz 830ms (cache miss)
1384 http fetch GET 200 https://registry.npmjs.org/esbuild/-/esbuild-0.21.5.tgz 833ms (cache miss)
1385 http fetch GET 200 https://registry.npmjs.org/eslint-scope/-/eslint-scope-7.2.2.tgz 834ms (cache miss)
1386 http fetch GET 200 https://registry.npmjs.org/es-object-atoms/-/es-object-atoms-1.1.1.tgz 835ms (cache miss)
1387 http fetch GET 200 https://registry.npmjs.org/es-shim-unscopables/-/es-shim-unscopables-1.1.0.tgz 835ms (cache miss)
1388 http fetch GET 200 https://registry.npmjs.org/es-to-primitive/-/es-to-primitive-1.3.0.tgz 838ms (cache miss)
1389 http fetch GET 200 https://registry.npmjs.org/es-define-property/-/es-define-property-1.0.1.tgz 839ms (cache miss)
1390 http fetch GET 200 https://registry.npmjs.org/esquery/-/esquery-1.7.0.tgz 845ms (cache miss)
1391 http fetch GET 200 https://registry.npmjs.org/doctrine/-/doctrine-3.0.0.tgz 839ms (cache miss)
1392 http fetch GET 200 https://registry.npmjs.org/electron-to-chromium/-/electron-to-chromium-1.5.267.tgz 852ms (cache miss)
1393 http fetch GET 200 https://registry.npmjs.org/es-errors/-/es-errors-1.3.0.tgz 858ms (cache miss)
1394 http fetch GET 200 https://registry.npmjs.org/delayed-stream/-/delayed-stream-1.0.0.tgz 866ms (cache miss)
1395 http fetch GET 200 https://registry.npmjs.org/deep-eql/-/deep-eql-4.1.4.tgz 867ms (cache miss)
1396 http fetch GET 200 https://registry.npmjs.org/diff-sequences/-/diff-sequences-29.6.3.tgz 867ms (cache miss)
1397 http fetch GET 200 https://registry.npmjs.org/dequal/-/dequal-2.0.3.tgz 868ms (cache miss)
1398 http fetch GET 200 https://registry.npmjs.org/deep-is/-/deep-is-0.1.4.tgz 868ms (cache miss)
1399 http fetch GET 200 https://registry.npmjs.org/define-data-property/-/define-data-property-1.1.4.tgz 868ms (cache miss)
1400 http fetch GET 200 https://registry.npmjs.org/dunder-proto/-/dunder-proto-1.0.1.tgz 869ms (cache miss)
1401 http fetch GET 200 https://registry.npmjs.org/debug/-/debug-4.4.3.tgz 880ms (cache miss)
1402 http fetch GET 200 https://registry.npmjs.org/es-iterator-helpers/-/es-iterator-helpers-1.2.2.tgz 887ms (cache miss)
1403 http fetch GET 200 https://registry.npmjs.org/dom-accessibility-api/-/dom-accessibility-api-0.6.3.tgz 887ms (cache miss)
1404 http fetch GET 200 https://registry.npmjs.org/entities/-/entities-6.0.1.tgz 898ms (cache miss)
1405 http fetch GET 200 https://registry.npmjs.org/define-properties/-/define-properties-1.2.1.tgz 948ms (cache miss)
1406 http fetch GET 200 https://registry.npmjs.org/data-view-byte-offset/-/data-view-byte-offset-1.0.1.tgz 949ms (cache miss)
1407 http fetch GET 200 https://registry.npmjs.org/css.escape/-/css.escape-1.5.1.tgz 949ms (cache miss)
1408 http fetch GET 200 https://registry.npmjs.org/data-urls/-/data-urls-5.0.0.tgz 950ms (cache miss)
1409 http fetch GET 200 https://registry.npmjs.org/data-view-buffer/-/data-view-buffer-1.0.2.tgz 950ms (cache miss)
1410 http fetch GET 200 https://registry.npmjs.org/combined-stream/-/combined-stream-1.0.8.tgz 948ms (cache miss)
1411 http fetch GET 200 https://registry.npmjs.org/convert-source-map/-/convert-source-map-2.0.0.tgz 949ms (cache miss)
1412 http fetch GET 200 https://registry.npmjs.org/cross-spawn/-/cross-spawn-7.0.6.tgz 949ms (cache miss)
1413 http fetch GET 200 https://registry.npmjs.org/data-view-byte-length/-/data-view-byte-length-1.0.2.tgz 951ms (cache miss)
1414 http fetch GET 200 https://registry.npmjs.org/concat-map/-/concat-map-0.0.1.tgz 950ms (cache miss)
1415 http fetch GET 200 https://registry.npmjs.org/decimal.js/-/decimal.js-10.6.0.tgz 953ms (cache miss)
1416 http fetch GET 200 https://registry.npmjs.org/csstype/-/csstype-3.2.3.tgz 958ms (cache miss)
1417 http fetch GET 200 https://registry.npmjs.org/confbox/-/confbox-0.1.8.tgz 971ms (cache miss)
1418 http fetch GET 200 https://registry.npmjs.org/color-convert/-/color-convert-2.0.1.tgz 977ms (cache miss)
1419 http fetch GET 200 https://registry.npmjs.org/chalk/-/chalk-4.1.2.tgz 975ms (cache miss)
1420 http fetch GET 200 https://registry.npmjs.org/check-error/-/check-error-1.0.3.tgz 975ms (cache miss)
1421 http fetch GET 200 https://registry.npmjs.org/color-name/-/color-name-1.1.4.tgz 978ms (cache miss)
1422 http fetch GET 200 https://registry.npmjs.org/call-bind/-/call-bind-1.0.8.tgz 975ms (cache miss)
1423 http fetch GET 200 https://registry.npmjs.org/callsites/-/callsites-3.1.0.tgz 976ms (cache miss)
1424 http fetch GET 200 https://registry.npmjs.org/brace-expansion/-/brace-expansion-1.1.12.tgz 978ms (cache miss)
1425 http fetch GET 200 https://registry.npmjs.org/call-bind-apply-helpers/-/call-bind-apply-helpers-1.0.2.tgz 979ms (cache miss)
1426 http fetch GET 200 https://registry.npmjs.org/browserslist/-/browserslist-4.28.1.tgz 981ms (cache miss)
1427 http fetch GET 200 https://registry.npmjs.org/cac/-/cac-6.7.14.tgz 981ms (cache miss)
1428 http fetch GET 200 https://registry.npmjs.org/baseline-browser-mapping/-/baseline-browser-mapping-2.9.11.tgz 980ms (cache miss)
1429 http fetch GET 200 https://registry.npmjs.org/balanced-match/-/balanced-match-1.0.2.tgz 989ms (cache miss)
1430 http fetch GET 200 https://registry.npmjs.org/call-bound/-/call-bound-1.0.4.tgz 991ms (cache miss)
1431 http fetch GET 200 https://registry.npmjs.org/asynckit/-/asynckit-0.4.0.tgz 990ms (cache miss)
1432 http fetch GET 200 https://registry.npmjs.org/available-typed-arrays/-/available-typed-arrays-1.0.7.tgz 990ms (cache miss)
1433 http fetch GET 200 https://registry.npmjs.org/async-function/-/async-function-1.0.0.tgz 1009ms (cache miss)
1434 http fetch GET 200 https://registry.npmjs.org/array.prototype.findlast/-/array.prototype.findlast-1.2.5.tgz 1012ms (cache miss)
1435 http fetch GET 200 https://registry.npmjs.org/array.prototype.tosorted/-/array.prototype.tosorted-1.1.4.tgz 1013ms (cache miss)
1436 http fetch GET 200 https://registry.npmjs.org/assertion-error/-/assertion-error-1.1.0.tgz 1014ms (cache miss)
1437 http fetch GET 200 https://registry.npmjs.org/arraybuffer.prototype.slice/-/arraybuffer.prototype.slice-1.0.4.tgz 1015ms (cache miss)
1438 http fetch GET 200 https://registry.npmjs.org/array-buffer-byte-length/-/array-buffer-byte-length-1.0.2.tgz 1014ms (cache miss)
1439 http fetch GET 200 https://registry.npmjs.org/array.prototype.flatmap/-/array.prototype.flatmap-1.3.3.tgz 1016ms (cache miss)
1440 http fetch GET 200 https://registry.npmjs.org/ansi-regex/-/ansi-regex-5.0.1.tgz 1017ms (cache miss)
1441 http fetch GET 200 https://registry.npmjs.org/acorn-walk/-/acorn-walk-8.3.4.tgz 1017ms (cache miss)
1442 http fetch GET 200 https://registry.npmjs.org/argparse/-/argparse-2.0.1.tgz 1018ms (cache miss)
1443 http fetch GET 200 https://registry.npmjs.org/array-includes/-/array-includes-3.1.9.tgz 1021ms (cache miss)
1444 http fetch GET 200 https://registry.npmjs.org/ansi-styles/-/ansi-styles-4.3.0.tgz 1021ms (cache miss)
1445 http fetch GET 200 https://registry.npmjs.org/array.prototype.flat/-/array.prototype.flat-1.3.3.tgz 1023ms (cache miss)
1446 http fetch GET 200 https://registry.npmjs.org/agent-base/-/agent-base-7.1.4.tgz 1023ms (cache miss)
1447 http fetch GET 200 https://registry.npmjs.org/cssstyle/-/cssstyle-4.6.0.tgz 1041ms (cache miss)
1448 http fetch GET 200 https://registry.npmjs.org/acorn-jsx/-/acorn-jsx-5.3.2.tgz 1033ms (cache miss)
1449 http fetch GET 200 https://registry.npmjs.org/chai/-/chai-4.5.0.tgz 1038ms (cache miss)
1450 http fetch GET 200 https://registry.npmjs.org/acorn/-/acorn-8.15.0.tgz 1037ms (cache miss)
1451 http fetch GET 200 https://registry.npmjs.org/@vitest/spy/-/spy-1.6.1.tgz 1037ms (cache miss)
1452 http fetch GET 200 https://registry.npmjs.org/@ungap/structured-clone/-/structured-clone-1.3.0.tgz 1046ms (cache miss)
1453 http fetch GET 200 https://registry.npmjs.org/@vitest/expect/-/expect-1.6.1.tgz 1046ms (cache miss)
1454 http fetch GET 200 https://registry.npmjs.org/@vitest/snapshot/-/snapshot-1.6.1.tgz 1048ms (cache miss)
1455 http fetch GET 200 https://registry.npmjs.org/@types/estree/-/estree-1.0.8.tgz 1066ms (cache miss)
1456 http fetch GET 200 https://registry.npmjs.org/@types/babel__traverse/-/babel__traverse-7.28.0.tgz 1070ms (cache miss)
1457 http fetch GET 200 https://registry.npmjs.org/@types/prop-types/-/prop-types-15.7.15.tgz 1070ms (cache miss)
1458 http fetch GET 200 https://registry.npmjs.org/@vitejs/plugin-react/-/plugin-react-4.7.0.tgz 1072ms (cache miss)
1459 http fetch GET 200 https://registry.npmjs.org/@types/react-dom/-/react-dom-18.3.7.tgz 1071ms (cache miss)
1460 http fetch GET 200 https://registry.npmjs.org/@types/babel__template/-/babel__template-7.4.4.tgz 1071ms (cache miss)
1461 http fetch GET 200 https://registry.npmjs.org/aria-query/-/aria-query-5.3.2.tgz 1105ms (cache miss)
1462 http fetch GET 200 https://registry.npmjs.org/@types/babel__core/-/babel__core-7.20.5.tgz 1133ms (cache miss)
1463 http fetch GET 200 https://registry.npmjs.org/@types/babel__generator/-/babel__generator-7.27.0.tgz 1134ms (cache miss)
1464 http fetch GET 200 https://registry.npmjs.org/@types/aria-query/-/aria-query-5.0.4.tgz 1134ms (cache miss)
1465 http fetch GET 200 https://cdn.npmmirror.com/packages/through/2.3.8/through-2.3.8.tgz 1188ms (cache miss)
1466 http fetch GET 200 https://registry.npmjs.org/@sinclair/typebox/-/typebox-0.27.8.tgz 1146ms (cache miss)
1467 http fetch GET 200 https://registry.npmjs.org/@testing-library/jest-dom/-/jest-dom-6.9.1.tgz 1148ms (cache miss)
1468 http fetch GET 200 https://registry.npmjs.org/@rolldown/pluginutils/-/pluginutils-1.0.0-beta.27.tgz 1164ms (cache miss)
1469 http fetch GET 200 https://registry.npmjs.org/@nodelib/fs.stat/-/fs.stat-2.0.5.tgz 1163ms (cache miss)
1470 http fetch GET 200 https://cdn.npmmirror.com/packages/throttleit/1.0.1/throttleit-1.0.1.tgz 1219ms (cache miss)
1471 http fetch GET 200 https://cdn.npmmirror.com/packages/wrap-ansi/7.0.0/wrap-ansi-7.0.0.tgz 1231ms (cache miss)
1472 http fetch GET 200 https://cdn.npmmirror.com/packages/untildify/4.0.0/untildify-4.0.0.tgz 1228ms (cache miss)
1473 http fetch GET 200 https://cdn.npmmirror.com/packages/tree-kill/1.2.2/tree-kill-1.2.2.tgz 1221ms (cache miss)
1474 http fetch GET 200 https://cdn.npmmirror.com/packages/tunnel-agent/0.6.0/tunnel-agent-0.6.0.tgz 1222ms (cache miss)
1475 http fetch GET 200 https://registry.npmjs.org/@testing-library/dom/-/dom-10.4.1.tgz 1169ms (cache miss)
1476 http fetch GET 200 https://registry.npmjs.org/@jridgewell/remapping/-/remapping-2.3.5.tgz 1177ms (cache miss)
1477 http fetch GET 200 https://cdn.npmmirror.com/packages/tmp/0.2.5/tmp-0.2.5.tgz 1234ms (cache miss)
1478 http fetch GET 200 https://cdn.npmmirror.com/packages/verror/1.10.0/verror-1.10.0.tgz 1241ms (cache miss)
1479 http fetch GET 200 https://registry.npmjs.org/@jridgewell/resolve-uri/-/resolve-uri-3.1.2.tgz 1187ms (cache miss)
1480 http fetch GET 200 https://registry.npmjs.org/@jridgewell/sourcemap-codec/-/sourcemap-codec-1.5.5.tgz 1190ms (cache miss)
1481 http fetch GET 200 https://registry.npmjs.org/@nodelib/fs.walk/-/fs.walk-1.2.8.tgz 1196ms (cache miss)
1482 http fetch GET 200 https://registry.npmjs.org/@jridgewell/trace-mapping/-/trace-mapping-0.3.31.tgz 1201ms (cache miss)
1483 http fetch GET 200 https://registry.npmjs.org/@jest/schemas/-/schemas-29.6.3.tgz 1204ms (cache miss)
1484 http fetch GET 200 https://registry.npmjs.org/@jridgewell/gen-mapping/-/gen-mapping-0.3.13.tgz 1208ms (cache miss)
1485 http fetch GET 200 https://registry.npmjs.org/@humanwhocodes/object-schema/-/object-schema-2.0.3.tgz 1208ms (cache miss)
1486 warn deprecated @humanwhocodes/object-schema@2.0.3: Use @eslint/object-schema instead
1487 http fetch GET 200 https://registry.npmjs.org/@humanwhocodes/module-importer/-/module-importer-1.0.1.tgz 1211ms (cache miss)
1488 http fetch GET 200 https://registry.npmjs.org/@humanwhocodes/config-array/-/config-array-0.13.0.tgz 1228ms (cache miss)
1489 warn deprecated @humanwhocodes/config-array@0.13.0: Use @eslint/config-array instead
1490 http fetch GET 200 https://registry.npmjs.org/@eslint-community/regexpp/-/regexpp-4.12.2.tgz 1232ms (cache miss)
1491 http fetch GET 200 https://registry.npmjs.org/@eslint/eslintrc/-/eslintrc-2.1.4.tgz 1235ms (cache miss)
1492 http fetch GET 200 https://registry.npmjs.org/@eslint-community/eslint-utils/-/eslint-utils-4.9.1.tgz 1247ms (cache miss)
1493 http fetch GET 200 https://cdn.npmmirror.com/packages/tslib/2.8.1/tslib-2.8.1.tgz 1313ms (cache miss)
1494 http fetch GET 200 https://registry.npmjs.org/@csstools/color-helpers/-/color-helpers-5.1.0.tgz 1265ms (cache miss)
1495 http fetch GET 200 https://registry.npmjs.org/caniuse-lite/-/caniuse-lite-1.0.30001762.tgz 1280ms (cache miss)
1496 http fetch GET 200 https://cdn.npmmirror.com/packages/type-fest/0.20.2/type-fest-0.20.2.tgz 1329ms (cache miss)
1497 http fetch GET 200 https://cdn.npmmirror.com/packages/tldts-core/6.1.86/tldts-core-6.1.86.tgz 1390ms (cache miss)
1498 http fetch GET 200 https://cdn.npmmirror.com/packages/string-width/4.2.3/string-width-4.2.3.tgz 1398ms (cache miss)
1499 http fetch GET 200 https://cdn.npmmirror.com/packages/slice-ansi/3.0.0/slice-ansi-3.0.0.tgz 1399ms (cache miss)
1500 http fetch GET 200 https://registry.npmjs.org/@vitest/runner/-/runner-1.6.1.tgz 1352ms (cache miss)
1501 http fetch GET 200 https://registry.npmjs.org/@vitest/utils/-/utils-1.6.1.tgz 1362ms (cache miss)
1502 http fetch GET 200 https://registry.npmjs.org/es-abstract/-/es-abstract-1.24.1.tgz 1378ms (cache miss)
1503 http fetch GET 200 https://registry.npmjs.org/@types/react/-/react-18.3.27.tgz 1361ms (cache miss)
1504 http fetch GET 200 https://cdn.npmmirror.com/packages/rfdc/1.4.1/rfdc-1.4.1.tgz 1408ms (cache miss)
1505 http fetch GET 200 https://cdn.npmmirror.com/packages/uuid/8.3.2/uuid-8.3.2.tgz 1424ms (cache miss)
1506 http fetch GET 200 https://cdn.npmmirror.com/packages/safe-buffer/5.2.1/safe-buffer-5.2.1.tgz 1414ms (cache miss)
1507 http fetch GET 200 https://cdn.npmmirror.com/packages/restore-cursor/3.1.0/restore-cursor-3.1.0.tgz 1414ms (cache miss)
1508 http fetch GET 200 https://registry.npmjs.org/@babel/plugin-transform-react-jsx-source/-/plugin-transform-react-jsx-source-7.27.1.tgz 1370ms (cache miss)
1509 http fetch GET 200 https://registry.npmjs.org/@testing-library/react/-/react-15.0.7.tgz 1376ms (cache miss)
1510 http fetch GET 200 https://cdn.npmmirror.com/packages/request-progress/3.0.0/request-progress-3.0.0.tgz 1425ms (cache miss)
1511 http fetch GET 200 https://cdn.npmmirror.com/packages/set-cookie-parser/2.7.2/set-cookie-parser-2.7.2.tgz 1431ms (cache miss)
1512 http fetch GET 200 https://registry.npmjs.org/@babel/plugin-transform-react-jsx-self/-/plugin-transform-react-jsx-self-7.27.1.tgz 1381ms (cache miss)
1513 http fetch GET 200 https://cdn.npmmirror.com/packages/yauzl/2.10.0/yauzl-2.10.0.tgz 1457ms (cache miss)
1514 http fetch GET 200 https://registry.npmjs.org/@nodelib/fs.scandir/-/fs.scandir-2.1.5.tgz 1421ms (cache miss)
1515 http fetch GET 200 https://cdn.npmmirror.com/packages/react-router-dom/7.13.1/react-router-dom-7.13.1.tgz 1472ms (cache miss)
1516 http fetch GET 200 https://registry.npmjs.org/ajv/-/ajv-6.12.6.tgz 1435ms (cache miss)
1517 http fetch GET 200 https://cdn.npmmirror.com/packages/pump/3.0.4/pump-3.0.4.tgz 1488ms (cache miss)
1518 http fetch GET 200 https://registry.npmjs.org/@babel/helper-validator-option/-/helper-validator-option-7.27.1.tgz 1450ms (cache miss)
1519 http fetch GET 200 https://cdn.npmmirror.com/packages/proxy-from-env/1.1.0/proxy-from-env-1.1.0.tgz 1507ms (cache miss)
1520 http fetch GET 200 https://registry.npmjs.org/@babel/helper-string-parser/-/helper-string-parser-7.27.1.tgz 1470ms (cache miss)
1521 http fetch GET 200 https://cdn.npmmirror.com/packages/tweetnacl/0.14.5/tweetnacl-0.14.5.tgz 1598ms (cache miss)
1522 http fetch GET 200 https://registry.npmjs.org/@csstools/css-color-parser/-/css-color-parser-3.1.0.tgz 1540ms (cache miss)
1523 http fetch GET 200 https://cdn.npmmirror.com/packages/sshpk/1.18.0/sshpk-1.18.0.tgz 1596ms (cache miss)
1524 http fetch GET 200 https://registry.npmjs.org/@babel/template/-/template-7.27.2.tgz 1547ms (cache miss)
1525 http fetch GET 200 https://registry.npmjs.org/@babel/helper-module-transforms/-/helper-module-transforms-7.28.3.tgz 1546ms (cache miss)
1526 http fetch GET 200 https://registry.npmjs.org/html-encoding-sniffer/-/html-encoding-sniffer-4.0.0.tgz 1578ms (cache miss)
1527 http fetch GET 200 https://registry.npmjs.org/@babel/traverse/-/traverse-7.28.5.tgz 1565ms (cache miss)
1528 http fetch GET 200 https://registry.npmjs.org/@babel/helper-compilation-targets/-/helper-compilation-targets-7.27.2.tgz 1572ms (cache miss)
1529 http fetch GET 200 https://registry.npmjs.org/@babel/helper-globals/-/helper-globals-7.28.0.tgz 1580ms (cache miss)
1530 http fetch GET 200 https://cdn.npmmirror.com/packages/qs/6.14.2/qs-6.14.2.tgz 1637ms (cache miss)
1531 http fetch GET 200 https://registry.npmjs.org/@babel/types/-/types-7.28.5.tgz 1600ms (cache miss)
1532 http fetch GET 200 https://registry.npmjs.org/@babel/code-frame/-/code-frame-7.27.1.tgz 1625ms (cache miss)
1533 http fetch GET 200 https://registry.npmjs.org/@babel/runtime/-/runtime-7.28.4.tgz 1645ms (cache miss)
1534 http fetch GET 200 https://registry.npmjs.org/@adobe/css-tools/-/css-tools-4.4.4.tgz 1656ms (cache miss)
1535 http fetch GET 200 https://registry.npmjs.org/js-tokens/-/js-tokens-9.0.1.tgz 1663ms (cache miss)
1536 http fetch GET 200 https://registry.npmjs.org/@babel/parser/-/parser-7.28.5.tgz 1681ms (cache miss)
1537 http fetch GET 200 https://cdn.npmmirror.com/packages/systeminformation/5.31.4/systeminformation-5.31.4.tgz 1741ms (cache miss)
1538 http fetch GET 200 https://registry.npmjs.org/react-is/-/react-is-16.13.1.tgz 1749ms (cache miss)
1539 http fetch GET 200 https://registry.npmjs.org/ansi-styles/-/ansi-styles-5.2.0.tgz 1750ms (cache miss)
1540 http fetch GET 200 https://registry.npmjs.org/@babel/helper-plugin-utils/-/helper-plugin-utils-7.27.1.tgz 1751ms (cache miss)
1541 http fetch GET 200 https://cdn.npmmirror.com/packages/pify/2.3.0/pify-2.3.0.tgz 1800ms (cache miss)
1542 http fetch GET 200 https://cdn.npmmirror.com/packages/process/0.11.10/process-0.11.10.tgz 1801ms (cache miss)
1543 http fetch GET 200 https://registry.npmjs.org/@babel/helper-validator-identifier/-/helper-validator-identifier-7.28.5.tgz 1751ms (cache miss)
1544 http fetch GET 200 https://cdn.npmmirror.com/packages/tldts/6.1.86/tldts-6.1.86.tgz 1813ms (cache miss)
1545 http fetch GET 200 https://registry.npmjs.org/doctrine/-/doctrine-2.1.0.tgz 1771ms (cache miss)
1546 http fetch GET 200 https://registry.npmjs.org/@csstools/css-tokenizer/-/css-tokenizer-3.0.4.tgz 1780ms (cache miss)
1547 http fetch GET 200 https://registry.npmjs.org/pathe/-/pathe-2.0.3.tgz 1780ms (cache miss)
1548 http fetch GET 200 https://registry.npmjs.org/pathe/-/pathe-2.0.3.tgz 1780ms (cache miss)
1549 http fetch GET 200 https://registry.npmjs.org/@csstools/css-calc/-/css-calc-2.1.4.tgz 1784ms (cache miss)
1550 http fetch GET 200 https://registry.npmjs.org/path-key/-/path-key-4.0.0.tgz 1785ms (cache miss)
1551 http fetch GET 200 https://cdn.npmmirror.com/packages/p-map/4.0.0/p-map-4.0.0.tgz 1834ms (cache miss)
1552 http fetch GET 200 https://registry.npmjs.org/@babel/helpers/-/helpers-7.28.4.tgz 1799ms (cache miss)
1553 http fetch GET 200 https://registry.npmjs.org/ansi-styles/-/ansi-styles-5.2.0.tgz 1797ms (cache miss)
1554 http fetch GET 200 https://registry.npmjs.org/react-is/-/react-is-18.3.1.tgz 1799ms (cache miss)
1555 http fetch GET 200 https://registry.npmjs.org/rrweb-cssom/-/rrweb-cssom-0.8.0.tgz 1806ms (cache miss)
1556 http fetch GET 200 https://registry.npmjs.org/pretty-format/-/pretty-format-29.7.0.tgz 1805ms (cache miss)
1557 http fetch GET 200 https://registry.npmjs.org/pretty-format/-/pretty-format-29.7.0.tgz 1808ms (cache miss)
1558 http fetch GET 200 https://registry.npmjs.org/react-is/-/react-is-18.3.1.tgz 1807ms (cache miss)
1559 http fetch GET 200 https://registry.npmjs.org/ansi-styles/-/ansi-styles-5.2.0.tgz 1809ms (cache miss)
1560 http fetch GET 200 https://registry.npmjs.org/yocto-queue/-/yocto-queue-1.2.2.tgz 1818ms (cache miss)
1561 http fetch GET 200 https://registry.npmjs.org/p-limit/-/p-limit-5.0.0.tgz 1826ms (cache miss)
1562 http fetch GET 200 https://registry.npmjs.org/@esbuild/darwin-arm64/-/darwin-arm64-0.21.5.tgz 1862ms (cache miss)
1563 http fetch GET 200 https://cdn.npmmirror.com/packages/pend/1.2.0/pend-1.2.0.tgz 1910ms (cache miss)
1564 http fetch GET 200 https://registry.npmjs.org/brace-expansion 1685ms (cache miss)
1565 silly packumentCache corgi:https://registry.npmjs.org/brace-expansion set size:undefined disposed:false
1566 http fetch GET 200 https://registry.npmjs.org/ajv 1690ms (cache miss)
1567 silly packumentCache corgi:https://registry.npmjs.org/ajv set size:undefined disposed:false
1568 http fetch GET 200 https://registry.npmjs.org/@babel/compat-data/-/compat-data-7.28.5.tgz 1878ms (cache miss)
1569 http fetch GET 200 https://registry.npmjs.org/flatted 1699ms (cache miss)
1570 silly packumentCache corgi:https://registry.npmjs.org/flatted set size:undefined disposed:false
1571 http fetch GET 200 https://cdn.npmmirror.com/packages/ospath/1.2.2/ospath-1.2.2.tgz 1925ms (cache miss)
1572 http fetch GET 200 https://registry.npmjs.org/lodash 1703ms (cache miss)
1573 silly packumentCache corgi:https://registry.npmjs.org/lodash set size:undefined disposed:false
1574 http fetch GET 200 https://cdn.npmmirror.com/packages/log-update/4.0.0/log-update-4.0.0.tgz 1929ms (cache miss)
1575 http fetch GET 200 https://registry.npmjs.org/follow-redirects 1711ms (cache miss)
1576 silly packumentCache corgi:https://registry.npmjs.org/follow-redirects set size:undefined disposed:false
1577 http fetch GET 200 https://cdn.npmmirror.com/packages/lodash.once/4.1.1/lodash.once-4.1.1.tgz 1935ms (cache miss)
1578 http fetch GET 200 https://registry.npmjs.org/dom-accessibility-api/-/dom-accessibility-api-0.5.16.tgz 1889ms (cache miss)
1579 http fetch GET 200 https://registry.npmjs.org/@babel/generator/-/generator-7.28.5.tgz 1902ms (cache miss)
1580 http fetch GET 200 https://cdn.npmmirror.com/packages/motion-utils/12.36.0/motion-utils-12.36.0.tgz 1952ms (cache miss)
1581 http fetch GET 200 https://registry.npmjs.org/@babel/core/-/core-7.28.5.tgz 1920ms (cache miss)
1582 http fetch GET 200 https://registry.npmjs.org/aria-query/-/aria-query-5.3.0.tgz 1920ms (cache miss)
1583 http fetch GET 200 https://registry.npmjs.org/minimatch 1758ms (cache miss)
1584 silly packumentCache corgi:https://registry.npmjs.org/minimatch set size:undefined disposed:false
1585 http fetch GET 200 https://cdn.npmmirror.com/packages/log-symbols/4.1.0/log-symbols-4.1.0.tgz 1991ms (cache miss)
1586 http fetch GET 200 https://cdn.npmmirror.com/packages/pretty-bytes/5.6.0/pretty-bytes-5.6.0.tgz 1998ms (cache miss)
1587 http fetch GET 200 https://registry.npmjs.org/postcss 1775ms (cache miss)
1588 silly packumentCache corgi:https://registry.npmjs.org/postcss set size:undefined disposed:false
1589 http fetch GET 200 https://registry.npmjs.org/uuid 1780ms (cache miss)
1590 silly packumentCache corgi:https://registry.npmjs.org/uuid set size:undefined disposed:false
1591 http fetch GET 200 https://registry.npmjs.org/axios 1783ms (cache miss)
1592 silly packumentCache corgi:https://registry.npmjs.org/axios set size:undefined disposed:false
1593 http fetch GET 200 https://registry.npmjs.org/lru-cache/-/lru-cache-10.4.3.tgz 1958ms (cache miss)
1594 http fetch GET 200 https://cdn.npmmirror.com/packages/performance-now/2.1.0/performance-now-2.1.0.tgz 2014ms (cache miss)
1595 http fetch GET 200 https://registry.npmjs.org/rollup 1832ms (cache miss)
1596 silly packumentCache corgi:https://registry.npmjs.org/rollup set size:undefined disposed:false
1597 http fetch GET 200 https://registry.npmjs.org/vite 1847ms (cache miss)
1598 silly packumentCache corgi:https://registry.npmjs.org/vite set size:undefined disposed:false
1599 http fetch GET 200 https://registry.npmjs.org/esbuild 1862ms (cache miss)
1600 silly packumentCache corgi:https://registry.npmjs.org/esbuild set size:undefined disposed:false
1601 silly packumentCache corgi:https://registry.npmjs.org/@eslint%2feslintrc cache-miss
1602 silly packumentCache corgi:https://registry.npmjs.org/eslint cache-miss
1603 http fetch GET 200 https://cdn.npmmirror.com/packages/listr2/3.14.0/listr2-3.14.0.tgz 2094ms (cache miss)
1604 http fetch GET 200 https://cdn.npmmirror.com/packages/react-router/7.13.1/react-router-7.13.1.tgz 2115ms (cache miss)
1605 http fetch GET 200 https://registry.npmjs.org/@rollup/rollup-darwin-arm64/-/rollup-darwin-arm64-4.54.0.tgz 2077ms (cache miss)
1606 http fetch GET 200 https://registry.npmjs.org/@eslint%2feslintrc 94ms (cache miss)
1607 silly packumentCache corgi:https://registry.npmjs.org/@eslint%2feslintrc set size:undefined disposed:false
1608 http fetch GET 200 https://registry.npmjs.org/eslint 115ms (cache miss)
1609 silly packumentCache corgi:https://registry.npmjs.org/eslint set size:undefined disposed:false
1610 http fetch GET 200 https://cdn.npmmirror.com/packages/jsprim/2.0.2/jsprim-2.0.2.tgz 2235ms (cache miss)
1611 silly packumentCache corgi:https://registry.npmjs.org/flat-cache cache-miss
1612 http fetch GET 200 https://cdn.npmmirror.com/packages/lodash/4.17.23/lodash-4.17.23.tgz 2293ms (cache miss)
1613 http fetch GET 200 https://cdn.npmmirror.com/packages/jsonfile/6.2.0/jsonfile-6.2.0.tgz 2292ms (cache miss)
1614 http fetch GET 200 https://registry.npmjs.org/flat-cache 30ms (cache miss)
1615 silly packumentCache corgi:https://registry.npmjs.org/flat-cache set size:undefined disposed:false
1616 http fetch GET 200 https://cdn.npmmirror.com/packages/json-stringify-safe/5.0.1/json-stringify-safe-5.0.1.tgz 2307ms (cache miss)
1617 silly packumentCache corgi:https://registry.npmjs.org/cypress cache-miss
1618 http fetch GET 200 https://registry.npmjs.org/@csstools/css-parser-algorithms/-/css-parser-algorithms-3.0.5.tgz 2284ms (cache miss)
1619 http fetch GET 200 https://cdn.npmmirror.com/packages/jsbn/0.1.1/jsbn-0.1.1.tgz 2325ms (cache miss)
1620 http fetch GET 200 https://cdn.npmmirror.com/packages/rxjs/7.8.2/rxjs-7.8.2.tgz 2348ms (cache miss)
1621 http fetch GET 200 https://cdn.npmmirror.com/packages/motion-dom/12.38.0/motion-dom-12.38.0.tgz 2366ms (cache miss)
1622 http fetch GET 200 https://cdn.npmmirror.com/packages/is-installed-globally/0.4.0/is-installed-globally-0.4.0.tgz 2388ms (cache miss)
1623 http fetch GET 200 https://cdn.npmmirror.com/packages/isstream/0.1.2/isstream-0.1.2.tgz 2391ms (cache miss)
1624 http fetch GET 200 https://cdn.npmmirror.com/packages/is-unicode-supported/0.1.0/is-unicode-supported-0.1.0.tgz 2391ms (cache miss)
1625 http fetch GET 200 https://cdn.npmmirror.com/packages/is-typedarray/1.0.0/is-typedarray-1.0.0.tgz 2391ms (cache miss)
1626 http fetch GET 200 https://cdn.npmmirror.com/packages/ieee754/1.2.1/ieee754-1.2.1.tgz 2386ms (cache miss)
1627 http fetch GET 200 https://cdn.npmmirror.com/packages/ini/2.0.0/ini-2.0.0.tgz 2387ms (cache miss)
1628 http fetch GET 200 https://cdn.npmmirror.com/packages/json-schema/0.4.0/json-schema-0.4.0.tgz 2394ms (cache miss)
1629 http fetch GET 200 https://registry.npmjs.org/@babel/helper-module-imports/-/helper-module-imports-7.27.1.tgz 2354ms (cache miss)
1630 http fetch GET 200 https://cdn.npmmirror.com/packages/http-signature/1.4.0/http-signature-1.4.0.tgz 2391ms (cache miss)
1631 http fetch GET 200 https://cdn.npmmirror.com/packages/hasha/5.2.2/hasha-5.2.2.tgz 2419ms (cache miss)
1632 http fetch GET 200 https://cdn.npmmirror.com/packages/is-fullwidth-code-point/3.0.0/is-fullwidth-code-point-3.0.0.tgz 2456ms (cache miss)
1633 http fetch GET 200 https://registry.npmjs.org/cypress 292ms (cache miss)
1634 silly packumentCache corgi:https://registry.npmjs.org/cypress set size:undefined disposed:false
1635 silly packumentCache corgi:https://registry.npmjs.org/@humanwhocodes%2fconfig-array cache-miss
1636 silly packumentCache corgi:https://registry.npmjs.org/eslint-plugin-react cache-miss
1637 silly packumentCache corgi:https://registry.npmjs.org/glob cache-miss
1638 http fetch GET 200 https://registry.npmjs.org/glob 46ms (cache miss)
1639 silly packumentCache corgi:https://registry.npmjs.org/glob set size:undefined disposed:false
1640 http fetch GET 200 https://registry.npmjs.org/@humanwhocodes%2fconfig-array 55ms (cache miss)
1641 silly packumentCache corgi:https://registry.npmjs.org/@humanwhocodes%2fconfig-array set size:undefined disposed:false
1642 http fetch GET 200 https://registry.npmjs.org/eslint-plugin-react 57ms (cache miss)
1643 silly packumentCache corgi:https://registry.npmjs.org/eslint-plugin-react set size:undefined disposed:false
1644 http fetch GET 200 https://cdn.npmmirror.com/packages/graceful-fs/4.2.11/graceful-fs-4.2.11.tgz 2684ms (cache miss)
1645 http fetch GET 200 https://cdn.npmmirror.com/packages/global-dirs/3.0.1/global-dirs-3.0.1.tgz 2735ms (cache miss)
1646 silly packumentCache corgi:https://registry.npmjs.org/@cypress%2frequest cache-miss
1647 http fetch GET 200 https://registry.npmjs.org/@asamuzakjp/css-color/-/css-color-3.2.0.tgz 2714ms (cache miss)
1648 http fetch GET 200 https://cdn.npmmirror.com/packages/getpass/0.1.7/getpass-0.1.7.tgz 2786ms (cache miss)
1649 http fetch GET 200 https://cdn.npmmirror.com/packages/globals/17.4.0/globals-17.4.0.tgz 2819ms (cache miss)
1650 http fetch GET 200 https://cdn.npmmirror.com/packages/follow-redirects/1.15.11/follow-redirects-1.15.11.tgz 2830ms (cache miss)
1651 http fetch GET 200 https://cdn.npmmirror.com/packages/figures/3.2.0/figures-3.2.0.tgz 2841ms (cache miss)
1652 http fetch GET 200 https://cdn.npmmirror.com/packages/fs-extra/9.1.0/fs-extra-9.1.0.tgz 2844ms (cache miss)
1653 http fetch GET 200 https://cdn.npmmirror.com/packages/fd-slicer/1.1.0/fd-slicer-1.1.0.tgz 2851ms (cache miss)
1654 http fetch GET 200 https://cdn.npmmirror.com/packages/forever-agent/0.6.1/forever-agent-0.6.1.tgz 2869ms (cache miss)
1655 http fetch GET 200 https://cdn.npmmirror.com/packages/extend/3.0.2/extend-3.0.2.tgz 2880ms (cache miss)
1656 http fetch GET 200 https://cdn.npmmirror.com/packages/extract-zip/2.0.1/extract-zip-2.0.1.tgz 2881ms (cache miss)
1657 http fetch GET 200 https://cdn.npmmirror.com/packages/extsprintf/1.3.0/extsprintf-1.3.0.tgz 2900ms (cache miss)
1658 http fetch GET 200 https://cdn.npmmirror.com/packages/executable/4.1.1/executable-4.1.1.tgz 2988ms (cache miss)
1659 http fetch GET 200 https://cdn.npmmirror.com/packages/eventemitter2/6.4.7/eventemitter2-6.4.7.tgz 3103ms (cache miss)
1660 http fetch GET 200 https://cdn.npmmirror.com/packages/end-of-stream/1.4.5/end-of-stream-1.4.5.tgz 3195ms (cache miss)
1661 http fetch GET 200 https://cdn.npmmirror.com/packages/emoji-regex/8.0.0/emoji-regex-8.0.0.tgz 3199ms (cache miss)
1662 http fetch GET 200 https://cdn.npmmirror.com/packages/ecc-jsbn/0.1.2/ecc-jsbn-0.1.2.tgz 3310ms (cache miss)
1663 http fetch GET 200 https://cdn.npmmirror.com/packages/enquirer/2.4.1/enquirer-2.4.1.tgz 3318ms (cache miss)
1664 http fetch GET 200 https://cdn.npmmirror.com/packages/eslint-plugin-react/7.37.5/eslint-plugin-react-7.37.5.tgz 3335ms (cache miss)
1665 http fetch GET 200 https://cdn.npmmirror.com/packages/colors/1.4.0/colors-1.4.0.tgz 3330ms (cache miss)
1666 http fetch GET 200 https://cdn.npmmirror.com/packages/dashdash/1.14.1/dashdash-1.14.1.tgz 3389ms (cache miss)
1667 http fetch GET 200 https://cdn.npmmirror.com/packages/core-util-is/1.0.2/core-util-is-1.0.2.tgz 3389ms (cache miss)
1668 http fetch GET 200 https://cdn.npmmirror.com/packages/commander/6.2.1/commander-6.2.1.tgz 3397ms (cache miss)
1669 http fetch GET 200 https://cdn.npmmirror.com/packages/common-tags/1.8.2/common-tags-1.8.2.tgz 3413ms (cache miss)
1670 http fetch GET 200 https://cdn.npmmirror.com/packages/colorette/2.0.20/colorette-2.0.20.tgz 3428ms (cache miss)
1671 http fetch GET 200 https://cdn.npmmirror.com/packages/cli-truncate/2.1.0/cli-truncate-2.1.0.tgz 3508ms (cache miss)
1672 http fetch GET 200 https://cdn.npmmirror.com/packages/eslint/8.57.1/eslint-8.57.1.tgz 3521ms (cache miss)
1673 warn deprecated eslint@8.57.1: This version is no longer supported. Please see https://eslint.org/version-support for other options.
1674 http fetch GET 200 https://cdn.npmmirror.com/packages/framer-motion/12.38.0/framer-motion-12.38.0.tgz 3554ms (cache miss)
1675 http fetch GET 200 https://registry.npmjs.org/@cypress%2frequest 884ms (cache miss)
1676 silly packumentCache corgi:https://registry.npmjs.org/@cypress%2frequest set size:undefined disposed:false
1677 http fetch GET 200 https://cdn.npmmirror.com/packages/cli-cursor/3.1.0/cli-cursor-3.1.0.tgz 3604ms (cache miss)
1678 http fetch GET 200 https://cdn.npmmirror.com/packages/cli-table3/0.6.1/cli-table3-0.6.1.tgz 3604ms (cache miss)
1679 silly packumentCache corgi:https://registry.npmjs.org/@vitejs%2fplugin-react cache-miss
1680 silly packumentCache corgi:https://registry.npmjs.org/vite-node cache-miss
1681 silly packumentCache corgi:https://registry.npmjs.org/vitest cache-miss
1682 http fetch GET 200 https://cdn.npmmirror.com/packages/ci-info/4.4.0/ci-info-4.4.0.tgz 3642ms (cache miss)
1683 http fetch GET 200 https://cdn.npmmirror.com/packages/clean-stack/2.2.0/clean-stack-2.2.0.tgz 3649ms (cache miss)
1684 http fetch GET 200 https://registry.npmjs.org/@vitejs%2fplugin-react 42ms (cache miss)
1685 silly packumentCache corgi:https://registry.npmjs.org/@vitejs%2fplugin-react set size:undefined disposed:false
1686 http fetch GET 200 https://registry.npmjs.org/vite-node 69ms (cache miss)
1687 silly packumentCache corgi:https://registry.npmjs.org/vite-node set size:undefined disposed:false
1688 http fetch GET 200 https://cdn.npmmirror.com/packages/dayjs/1.11.20/dayjs-1.11.20.tgz 3734ms (cache miss)
1689 http fetch GET 200 https://registry.npmjs.org/vitest 120ms (cache miss)
1690 silly packumentCache corgi:https://registry.npmjs.org/vitest set size:undefined disposed:false
1691 http fetch GET 200 https://cdn.npmmirror.com/packages/buffer/5.7.1/buffer-5.7.1.tgz 3797ms (cache miss)
1692 http fetch GET 200 https://cdn.npmmirror.com/packages/caseless/0.12.0/caseless-0.12.0.tgz 3798ms (cache miss)
1693 http fetch GET 200 https://cdn.npmmirror.com/packages/blob-util/2.0.2/blob-util-2.0.2.tgz 3798ms (cache miss)
1694 http fetch GET 200 https://cdn.npmmirror.com/packages/buffer-crc32/0.2.13/buffer-crc32-0.2.13.tgz 3812ms (cache miss)
1695 http fetch GET 200 https://cdn.npmmirror.com/packages/base64-js/1.5.1/base64-js-1.5.1.tgz 3815ms (cache miss)
1696 http fetch GET 200 https://cdn.npmmirror.com/packages/bcrypt-pbkdf/1.0.2/bcrypt-pbkdf-1.0.2.tgz 3818ms (cache miss)
1697 http fetch GET 200 https://cdn.npmmirror.com/packages/aws-sign2/0.7.0/aws-sign2-0.7.0.tgz 3818ms (cache miss)
1698 http fetch GET 200 https://cdn.npmmirror.com/packages/aws4/1.13.2/aws4-1.13.2.tgz 3831ms (cache miss)
1699 http fetch GET 200 https://cdn.npmmirror.com/packages/cachedir/2.4.0/cachedir-2.4.0.tgz 3856ms (cache miss)
1700 http fetch GET 200 https://cdn.npmmirror.com/packages/bluebird/3.7.2/bluebird-3.7.2.tgz 3897ms (cache miss)
1701 http fetch GET 200 https://cdn.npmmirror.com/packages/lucide-react/0.577.0/lucide-react-0.577.0.tgz 3976ms (cache miss)
1702 http fetch GET 200 https://cdn.npmmirror.com/packages/at-least-node/1.0.0/at-least-node-1.0.0.tgz 3999ms (cache miss)
1703 http fetch GET 200 https://cdn.npmmirror.com/packages/assert-plus/1.0.0/assert-plus-1.0.0.tgz 4097ms (cache miss)
1704 http fetch GET 200 https://cdn.npmmirror.com/packages/asn1/0.2.6/asn1-0.2.6.tgz 4097ms (cache miss)
1705 http fetch GET 200 https://cdn.npmmirror.com/packages/astral-regex/2.0.0/astral-regex-2.0.0.tgz 4113ms (cache miss)
1706 http fetch GET 200 https://cdn.npmmirror.com/packages/arch/2.2.0/arch-2.2.0.tgz 4209ms (cache miss)
1707 http fetch GET 200 https://cdn.npmmirror.com/packages/ansi-colors/4.1.3/ansi-colors-4.1.3.tgz 4209ms (cache miss)
1708 http fetch GET 200 https://cdn.npmmirror.com/packages/ansi-escapes/4.3.2/ansi-escapes-4.3.2.tgz 4209ms (cache miss)
1709 http fetch GET 200 https://cdn.npmmirror.com/packages/aggregate-error/3.1.0/aggregate-error-3.1.0.tgz 4210ms (cache miss)
1710 http fetch GET 200 https://cdn.npmmirror.com/packages/axios/1.13.6/axios-1.13.6.tgz 4214ms (cache miss)
1711 http fetch GET 200 https://cdn.npmmirror.com/packages/%40types/yauzl/2.10.3/yauzl-2.10.3.tgz 4290ms (cache miss)
1712 http fetch GET 200 https://cdn.npmmirror.com/packages/%40cypress/xvfb/1.2.4/xvfb-1.2.4.tgz 4295ms (cache miss)
1713 http fetch GET 200 https://cdn.npmmirror.com/packages/%40types/sizzle/2.3.10/sizzle-2.3.10.tgz 4313ms (cache miss)
1714 http fetch GET 200 https://cdn.npmmirror.com/packages/%40types/tmp/0.2.6/tmp-0.2.6.tgz 4324ms (cache miss)
1715 http fetch GET 200 https://cdn.npmmirror.com/packages/onetime/5.1.2/onetime-5.1.2.tgz 4397ms (cache miss)
1716 http fetch GET 200 https://cdn.npmmirror.com/packages/%40types/sinonjs__fake-timers/8.1.1/sinonjs__fake-timers-8.1.1.tgz 4404ms (cache miss)
1717 http fetch GET 200 https://cdn.npmmirror.com/packages/slice-ansi/4.0.0/slice-ansi-4.0.0.tgz 4503ms (cache miss)
1718 http fetch GET 200 https://cdn.npmmirror.com/packages/type-fest/0.8.1/type-fest-0.8.1.tgz 4531ms (cache miss)
1719 http fetch GET 200 https://cdn.npmmirror.com/packages/wrap-ansi/6.2.0/wrap-ansi-6.2.0.tgz 4603ms (cache miss)
1720 http fetch GET 200 https://cdn.npmmirror.com/packages/universalify/2.0.1/universalify-2.0.1.tgz 4605ms (cache miss)
1721 http fetch GET 200 https://cdn.npmmirror.com/packages/is-stream/2.0.1/is-stream-2.0.1.tgz 4618ms (cache miss)
1722 http fetch GET 200 https://cdn.npmmirror.com/packages/escape-string-regexp/1.0.5/escape-string-regexp-1.0.5.tgz 4634ms (cache miss)
1723 http fetch GET 200 https://cdn.npmmirror.com/packages/get-stream/5.2.0/get-stream-5.2.0.tgz 4725ms (cache miss)
1724 http fetch GET 200 https://cdn.npmmirror.com/packages/mimic-fn/2.1.0/mimic-fn-2.1.0.tgz 4734ms (cache miss)
1725 http fetch GET 200 https://cdn.npmmirror.com/packages/globals/13.24.0/globals-13.24.0.tgz 4737ms (cache miss)
1726 http fetch GET 200 https://cdn.npmmirror.com/packages/supports-color/8.1.1/supports-color-8.1.1.tgz 4736ms (cache miss)
1727 http fetch GET 200 https://cdn.npmmirror.com/packages/%40eslint/js/8.57.1/js-8.57.1.tgz 4811ms (cache miss)
1728 http fetch GET 200 https://cdn.npmmirror.com/packages/strip-final-newline/2.0.0/strip-final-newline-2.0.0.tgz 4811ms (cache miss)
1729 http fetch GET 200 https://cdn.npmmirror.com/packages/tslib/1.14.1/tslib-1.14.1.tgz 4812ms (cache miss)
1730 http cache https://cdn.npmmirror.com/packages/universalify/2.0.1/universalify-2.0.1.tgz 4829ms (cache hit)
1731 http cache https://cdn.npmmirror.com/packages/onetime/5.1.2/onetime-5.1.2.tgz 4853ms (cache hit)
1732 http fetch GET 200 https://cdn.npmmirror.com/packages/proxy-from-env/1.0.0/proxy-from-env-1.0.0.tgz 5008ms (cache miss)
1733 http fetch GET 200 https://cdn.npmmirror.com/packages/signal-exit/3.0.7/signal-exit-3.0.7.tgz 5009ms (cache miss)
1734 http cache https://cdn.npmmirror.com/packages/is-stream/2.0.1/is-stream-2.0.1.tgz 5010ms (cache hit)
1735 http cache https://cdn.npmmirror.com/packages/mimic-fn/2.1.0/mimic-fn-2.1.0.tgz 5011ms (cache hit)
1736 http fetch GET 200 https://cdn.npmmirror.com/packages/npm-run-path/4.0.1/npm-run-path-4.0.1.tgz 5040ms (cache miss)
1737 http cache https://cdn.npmmirror.com/packages/get-stream/5.2.0/get-stream-5.2.0.tgz 5078ms (cache hit)
1738 http cache https://cdn.npmmirror.com/packages/globals/13.24.0/globals-13.24.0.tgz 5116ms (cache hit)
1739 http fetch GET 200 https://cdn.npmmirror.com/packages/debug/3.2.7/debug-3.2.7.tgz 5224ms (cache miss)
1740 http fetch GET 200 https://cdn.npmmirror.com/packages/execa/4.1.0/execa-4.1.0.tgz 5226ms (cache miss)
1741 http fetch GET 200 https://cdn.npmmirror.com/packages/human-signals/1.1.1/human-signals-1.1.1.tgz 5228ms (cache miss)
1742 http fetch GET 200 https://cdn.npmmirror.com/packages/tough-cookie/5.1.2/tough-cookie-5.1.2.tgz 5252ms (cache miss)
1743 http fetch GET 200 https://cdn.npmmirror.com/packages/type-fest/0.21.3/type-fest-0.21.3.tgz 5255ms (cache miss)
1744 http cache https://cdn.npmmirror.com/packages/signal-exit/3.0.7/signal-exit-3.0.7.tgz 5275ms (cache hit)
1745 http fetch GET 200 https://cdn.npmmirror.com/packages/minimist/1.2.8/minimist-1.2.8.tgz 5417ms (cache miss)
1746 http fetch GET 200 https://cdn.npmmirror.com/packages/cookie/1.1.1/cookie-1.1.1.tgz 5422ms (cache miss)
1747 http fetch GET 200 https://cdn.npmmirror.com/packages/%40cypress/request/3.0.10/request-3.0.10.tgz 5433ms (cache miss)
1748 http fetch GET 200 https://cdn.npmmirror.com/packages/cypress/15.12.0/cypress-15.12.0.tgz 6543ms (cache miss)
1749 info run cypress@15.12.0 postinstall node_modules/cypress node dist/index.js --exec install
1750 info run esbuild@0.21.5 postinstall node_modules/esbuild node install.js
1751 info run cypress@15.12.0 postinstall { code: 0, signal: null }
1752 info run esbuild@0.21.5 postinstall { code: 0, signal: null }
1753 silly ADD node_modules/undici-types
1754 silly ADD node_modules/@types/node
1755 silly ADD node_modules/yocto-queue
1756 silly ADD node_modules/yauzl
1757 silly ADD node_modules/yallist
1758 silly ADD node_modules/xmlchars
1759 silly ADD node_modules/xml-name-validator
1760 silly ADD node_modules/ws
1761 silly ADD node_modules/wrappy
1762 silly ADD node_modules/wrap-ansi
1763 silly ADD node_modules/word-wrap
1764 silly ADD node_modules/why-is-node-running
1765 silly ADD node_modules/which-typed-array
1766 silly ADD node_modules/which-collection
1767 silly ADD node_modules/which-builtin-type
1768 silly ADD node_modules/which-boxed-primitive
1769 silly ADD node_modules/which
1770 silly ADD node_modules/whatwg-url
1771 silly ADD node_modules/whatwg-mimetype
1772 silly ADD node_modules/whatwg-encoding
1773 silly ADD node_modules/webidl-conversions
1774 silly ADD node_modules/w3c-xmlserializer
1775 silly ADD node_modules/vitest
1776 silly ADD node_modules/vite-node
1777 silly ADD node_modules/vite
1778 silly ADD node_modules/verror
1779 silly ADD node_modules/uuid
1780 silly ADD node_modules/url-parse
1781 silly ADD node_modules/uri-js
1782 silly ADD node_modules/update-browserslist-db
1783 silly ADD node_modules/untildify
1784 silly ADD node_modules/universalify
1785 silly ADD node_modules/unbox-primitive
1786 silly ADD node_modules/ufo
1787 silly ADD node_modules/typed-array-length
1788 silly ADD node_modules/typed-array-byte-offset
1789 silly ADD node_modules/typed-array-byte-length
1790 silly ADD node_modules/typed-array-buffer
1791 silly ADD node_modules/type-fest
1792 silly ADD node_modules/type-detect
1793 silly ADD node_modules/type-check
1794 silly ADD node_modules/tweetnacl
1795 silly ADD node_modules/tunnel-agent
1796 silly ADD node_modules/tslib
1797 silly ADD node_modules/tree-kill
1798 silly ADD node_modules/tr46
1799 silly ADD node_modules/tough-cookie
1800 silly ADD node_modules/tmp
1801 silly ADD node_modules/tldts-core
1802 silly ADD node_modules/tldts
1803 silly ADD node_modules/tinyspy
1804 silly ADD node_modules/tinypool
1805 silly ADD node_modules/tinybench
1806 silly ADD node_modules/through
1807 silly ADD node_modules/throttleit
1808 silly ADD node_modules/text-table
1809 silly ADD node_modules/systeminformation
1810 silly ADD node_modules/symbol-tree
1811 silly ADD node_modules/supports-preserve-symlinks-flag
1812 silly ADD node_modules/supports-color
1813 silly ADD node_modules/strip-literal
1814 silly ADD node_modules/strip-literal/node_modules/js-tokens
1815 silly ADD node_modules/strip-json-comments
1816 silly ADD node_modules/strip-indent
1817 silly ADD node_modules/strip-final-newline
1818 silly ADD node_modules/strip-ansi
1819 silly ADD node_modules/string.prototype.trimstart
1820 silly ADD node_modules/string.prototype.trimend
1821 silly ADD node_modules/string.prototype.trim
1822 silly ADD node_modules/string.prototype.repeat
1823 silly ADD node_modules/string.prototype.matchall
1824 silly ADD node_modules/string-width
1825 silly ADD node_modules/stop-iteration-iterator
1826 silly ADD node_modules/std-env
1827 silly ADD node_modules/stackback
1828 silly ADD node_modules/sshpk
1829 silly ADD node_modules/source-map-js
1830 silly ADD node_modules/slice-ansi
1831 silly ADD node_modules/signal-exit
1832 silly ADD node_modules/siginfo
1833 silly ADD node_modules/side-channel-weakmap
1834 silly ADD node_modules/side-channel-map
1835 silly ADD node_modules/side-channel-list
1836 silly ADD node_modules/side-channel
1837 silly ADD node_modules/shebang-regex
1838 silly ADD node_modules/shebang-command
1839 silly ADD node_modules/set-proto
1840 silly ADD node_modules/set-function-name
1841 silly ADD node_modules/set-function-length
1842 silly ADD node_modules/set-cookie-parser
1843 silly ADD node_modules/semver
1844 silly ADD node_modules/scheduler
1845 silly ADD node_modules/saxes
1846 silly ADD node_modules/safer-buffer
1847 silly ADD node_modules/safe-regex-test
1848 silly ADD node_modules/safe-push-apply
1849 silly ADD node_modules/safe-buffer
1850 silly ADD node_modules/safe-array-concat
1851 silly ADD node_modules/rxjs
1852 silly ADD node_modules/run-parallel
1853 silly ADD node_modules/rrweb-cssom
1854 silly ADD node_modules/rollup
1855 silly ADD node_modules/rimraf
1856 silly ADD node_modules/rfdc
1857 silly ADD node_modules/reusify
1858 silly ADD node_modules/restore-cursor
1859 silly ADD node_modules/restore-cursor/node_modules/signal-exit
1860 silly ADD node_modules/restore-cursor/node_modules/onetime
1861 silly ADD node_modules/restore-cursor/node_modules/mimic-fn
1862 silly ADD node_modules/resolve-from
1863 silly ADD node_modules/resolve
1864 silly ADD node_modules/requires-port
1865 silly ADD node_modules/request-progress
1866 silly ADD node_modules/regexp.prototype.flags
1867 silly ADD node_modules/reflect.getprototypeof
1868 silly ADD node_modules/redent
1869 silly ADD node_modules/react-router-dom
1870 silly ADD node_modules/react-router
1871 silly ADD node_modules/react-refresh
1872 silly ADD node_modules/react-is
1873 silly ADD node_modules/react-dom
1874 silly ADD node_modules/react
1875 silly ADD node_modules/queue-microtask
1876 silly ADD node_modules/querystringify
1877 silly ADD node_modules/qs
1878 silly ADD node_modules/punycode
1879 silly ADD node_modules/pump
1880 silly ADD node_modules/psl
1881 silly ADD node_modules/proxy-from-env
1882 silly ADD node_modules/prop-types
1883 silly ADD node_modules/prop-types/node_modules/react-is
1884 silly ADD node_modules/process
1885 silly ADD node_modules/pretty-format
1886 silly ADD node_modules/pretty-format/node_modules/ansi-styles
1887 silly ADD node_modules/pretty-bytes
1888 silly ADD node_modules/prelude-ls
1889 silly ADD node_modules/postcss
1890 silly ADD node_modules/possible-typed-array-names
1891 silly ADD node_modules/pkg-types
1892 silly ADD node_modules/pkg-types/node_modules/pathe
1893 silly ADD node_modules/pify
1894 silly ADD node_modules/picocolors
1895 silly ADD node_modules/performance-now
1896 silly ADD node_modules/pend
1897 silly ADD node_modules/pathval
1898 silly ADD node_modules/pathe
1899 silly ADD node_modules/path-parse
1900 silly ADD node_modules/path-key
1901 silly ADD node_modules/path-is-absolute
1902 silly ADD node_modules/path-exists
1903 silly ADD node_modules/parse5
1904 silly ADD node_modules/parent-module
1905 silly ADD node_modules/p-map
1906 silly ADD node_modules/p-locate
1907 silly ADD node_modules/p-limit
1908 silly ADD node_modules/own-keys
1909 silly ADD node_modules/ospath
1910 silly ADD node_modules/optionator
1911 silly ADD node_modules/onetime
1912 silly ADD node_modules/once
1913 silly ADD node_modules/object.values
1914 silly ADD node_modules/object.fromentries
1915 silly ADD node_modules/object.entries
1916 silly ADD node_modules/object.assign
1917 silly ADD node_modules/object-keys
1918 silly ADD node_modules/object-inspect
1919 silly ADD node_modules/object-assign
1920 silly ADD node_modules/nwsapi
1921 silly ADD node_modules/npm-run-path
1922 silly ADD node_modules/npm-run-path/node_modules/path-key
1923 silly ADD node_modules/node-releases
1924 silly ADD node_modules/natural-compare
1925 silly ADD node_modules/nanoid
1926 silly ADD node_modules/ms
1927 silly ADD node_modules/motion-utils
1928 silly ADD node_modules/motion-dom
1929 silly ADD node_modules/mlly
1930 silly ADD node_modules/mlly/node_modules/pathe
1931 silly ADD node_modules/minimist
1932 silly ADD node_modules/minimatch
1933 silly ADD node_modules/min-indent
1934 silly ADD node_modules/mimic-fn
1935 silly ADD node_modules/mime-types
1936 silly ADD node_modules/mime-db
1937 silly ADD node_modules/merge-stream
1938 silly ADD node_modules/math-intrinsics
1939 silly ADD node_modules/magic-string
1940 silly ADD node_modules/lz-string
1941 silly ADD node_modules/lucide-react
1942 silly ADD node_modules/lru-cache
1943 silly ADD node_modules/loupe
1944 silly ADD node_modules/loose-envify
1945 silly ADD node_modules/log-update
1946 silly ADD node_modules/log-update/node_modules/wrap-ansi
1947 silly ADD node_modules/log-update/node_modules/slice-ansi
1948 silly ADD node_modules/log-symbols
1949 silly ADD node_modules/lodash.once
1950 silly ADD node_modules/lodash.merge
1951 silly ADD node_modules/lodash
1952 silly ADD node_modules/locate-path
1953 silly ADD node_modules/local-pkg
1954 silly ADD node_modules/listr2
1955 silly ADD node_modules/levn
1956 silly ADD node_modules/keyv
1957 silly ADD node_modules/jsx-ast-utils
1958 silly ADD node_modules/jsprim
1959 silly ADD node_modules/jsonfile
1960 silly ADD node_modules/jsonfile/node_modules/universalify
1961 silly ADD node_modules/json5
1962 silly ADD node_modules/json-stringify-safe
1963 silly ADD node_modules/json-stable-stringify-without-jsonify
1964 silly ADD node_modules/json-schema-traverse
1965 silly ADD node_modules/json-schema
1966 silly ADD node_modules/json-buffer
1967 silly ADD node_modules/jsesc
1968 silly ADD node_modules/jsdom
1969 silly ADD node_modules/jsbn
1970 silly ADD node_modules/js-yaml
1971 silly ADD node_modules/js-tokens
1972 silly ADD node_modules/iterator.prototype
1973 silly ADD node_modules/isstream
1974 silly ADD node_modules/isexe
1975 silly ADD node_modules/isarray
1976 silly ADD node_modules/is-weakset
1977 silly ADD node_modules/is-weakref
1978 silly ADD node_modules/is-weakmap
1979 silly ADD node_modules/is-unicode-supported
1980 silly ADD node_modules/is-typedarray
1981 silly ADD node_modules/is-typed-array
1982 silly ADD node_modules/is-symbol
1983 silly ADD node_modules/is-string
1984 silly ADD node_modules/is-stream
1985 silly ADD node_modules/is-shared-array-buffer
1986 silly ADD node_modules/is-set
1987 silly ADD node_modules/is-regex
1988 silly ADD node_modules/is-potential-custom-element-name
1989 silly ADD node_modules/is-path-inside
1990 silly ADD node_modules/is-number-object
1991 silly ADD node_modules/is-negative-zero
1992 silly ADD node_modules/is-map
1993 silly ADD node_modules/is-installed-globally
1994 silly ADD node_modules/is-glob
1995 silly ADD node_modules/is-generator-function
1996 silly ADD node_modules/is-fullwidth-code-point
1997 silly ADD node_modules/is-finalizationregistry
1998 silly ADD node_modules/is-extglob
1999 silly ADD node_modules/is-date-object
2000 silly ADD node_modules/is-data-view
2001 silly ADD node_modules/is-core-module
2002 silly ADD node_modules/is-callable
2003 silly ADD node_modules/is-boolean-object
2004 silly ADD node_modules/is-bigint
2005 silly ADD node_modules/is-async-function
2006 silly ADD node_modules/is-array-buffer
2007 silly ADD node_modules/internal-slot
2008 silly ADD node_modules/ini
2009 silly ADD node_modules/inherits
2010 silly ADD node_modules/inflight
2011 silly ADD node_modules/indent-string
2012 silly ADD node_modules/imurmurhash
2013 silly ADD node_modules/import-fresh
2014 silly ADD node_modules/ignore
2015 silly ADD node_modules/ieee754
2016 silly ADD node_modules/iconv-lite
2017 silly ADD node_modules/human-signals
2018 silly ADD node_modules/https-proxy-agent
2019 silly ADD node_modules/http-signature
2020 silly ADD node_modules/http-proxy-agent
2021 silly ADD node_modules/html-encoding-sniffer
2022 silly ADD node_modules/hasown
2023 silly ADD node_modules/hasha
2024 silly ADD node_modules/hasha/node_modules/type-fest
2025 silly ADD node_modules/hasha/node_modules/is-stream
2026 silly ADD node_modules/has-tostringtag
2027 silly ADD node_modules/has-symbols
2028 silly ADD node_modules/has-proto
2029 silly ADD node_modules/has-property-descriptors
2030 silly ADD node_modules/has-flag
2031 silly ADD node_modules/has-bigints
2032 silly ADD node_modules/graphemer
2033 silly ADD node_modules/graceful-fs
2034 silly ADD node_modules/gopd
2035 silly ADD node_modules/globalthis
2036 silly ADD node_modules/globals
2037 silly ADD node_modules/global-dirs
2038 silly ADD node_modules/glob-parent
2039 silly ADD node_modules/glob
2040 silly ADD node_modules/getpass
2041 silly ADD node_modules/get-symbol-description
2042 silly ADD node_modules/get-stream
2043 silly ADD node_modules/get-proto
2044 silly ADD node_modules/get-intrinsic
2045 silly ADD node_modules/get-func-name
2046 silly ADD node_modules/gensync
2047 silly ADD node_modules/generator-function
2048 silly ADD node_modules/functions-have-names
2049 silly ADD node_modules/function.prototype.name
2050 silly ADD node_modules/function-bind
2051 silly ADD node_modules/fsevents
2052 silly ADD node_modules/fs.realpath
2053 silly ADD node_modules/fs-extra
2054 silly ADD node_modules/fs-extra/node_modules/universalify
2055 silly ADD node_modules/framer-motion
2056 silly ADD node_modules/form-data
2057 silly ADD node_modules/forever-agent
2058 silly ADD node_modules/for-each
2059 silly ADD node_modules/follow-redirects
2060 silly ADD node_modules/flatted
2061 silly ADD node_modules/flat-cache
2062 silly ADD node_modules/find-up
2063 silly ADD node_modules/file-entry-cache
2064 silly ADD node_modules/figures
2065 silly ADD node_modules/figures/node_modules/escape-string-regexp
2066 silly ADD node_modules/fd-slicer
2067 silly ADD node_modules/fastq
2068 silly ADD node_modules/fast-levenshtein
2069 silly ADD node_modules/fast-json-stable-stringify
2070 silly ADD node_modules/fast-deep-equal
2071 silly ADD node_modules/extsprintf
2072 silly ADD node_modules/extract-zip
2073 silly ADD node_modules/extract-zip/node_modules/get-stream
2074 silly ADD node_modules/extend
2075 silly ADD node_modules/executable
2076 silly ADD node_modules/execa
2077 silly ADD node_modules/eventemitter2
2078 silly ADD node_modules/esutils
2079 silly ADD node_modules/estree-walker
2080 silly ADD node_modules/estraverse
2081 silly ADD node_modules/esrecurse
2082 silly ADD node_modules/esquery
2083 silly ADD node_modules/espree
2084 silly ADD node_modules/eslint-visitor-keys
2085 silly ADD node_modules/eslint-scope
2086 silly ADD node_modules/eslint-plugin-react-refresh
2087 silly ADD node_modules/eslint-plugin-react-hooks
2088 silly ADD node_modules/eslint-plugin-react
2089 silly ADD node_modules/eslint-plugin-react/node_modules/doctrine
2090 silly ADD node_modules/eslint
2091 silly ADD node_modules/eslint/node_modules/globals
2092 silly ADD node_modules/eslint/node_modules/@eslint/js
2093 silly ADD node_modules/escape-string-regexp
2094 silly ADD node_modules/escalade
2095 silly ADD node_modules/esbuild
2096 silly ADD node_modules/es-to-primitive
2097 silly ADD node_modules/es-shim-unscopables
2098 silly ADD node_modules/es-set-tostringtag
2099 silly ADD node_modules/es-object-atoms
2100 silly ADD node_modules/es-iterator-helpers
2101 silly ADD node_modules/es-errors
2102 silly ADD node_modules/es-define-property
2103 silly ADD node_modules/es-abstract
2104 silly ADD node_modules/entities
2105 silly ADD node_modules/enquirer
2106 silly ADD node_modules/end-of-stream
2107 silly ADD node_modules/emoji-regex
2108 silly ADD node_modules/electron-to-chromium
2109 silly ADD node_modules/ecc-jsbn
2110 silly ADD node_modules/dunder-proto
2111 silly ADD node_modules/dom-accessibility-api
2112 silly ADD node_modules/doctrine
2113 silly ADD node_modules/diff-sequences
2114 silly ADD node_modules/dequal
2115 silly ADD node_modules/delayed-stream
2116 silly ADD node_modules/define-properties
2117 silly ADD node_modules/define-data-property
2118 silly ADD node_modules/deep-is
2119 silly ADD node_modules/deep-eql
2120 silly ADD node_modules/decimal.js
2121 silly ADD node_modules/debug
2122 silly ADD node_modules/dayjs
2123 silly ADD node_modules/data-view-byte-offset
2124 silly ADD node_modules/data-view-byte-length
2125 silly ADD node_modules/data-view-buffer
2126 silly ADD node_modules/data-urls
2127 silly ADD node_modules/dashdash
2128 silly ADD node_modules/cypress
2129 silly ADD node_modules/cypress/node_modules/tslib
2130 silly ADD node_modules/cypress/node_modules/supports-color
2131 silly ADD node_modules/cypress/node_modules/strip-final-newline
2132 silly ADD node_modules/cypress/node_modules/signal-exit
2133 silly ADD node_modules/cypress/node_modules/proxy-from-env
2134 silly ADD node_modules/cypress/node_modules/onetime
2135 silly ADD node_modules/cypress/node_modules/npm-run-path
2136 silly ADD node_modules/cypress/node_modules/mimic-fn
2137 silly ADD node_modules/cypress/node_modules/is-stream
2138 silly ADD node_modules/cypress/node_modules/human-signals
2139 silly ADD node_modules/cypress/node_modules/get-stream
2140 silly ADD node_modules/cypress/node_modules/execa
2141 silly ADD node_modules/csstype
2142 silly ADD node_modules/cssstyle
2143 silly ADD node_modules/cssstyle/node_modules/rrweb-cssom
2144 silly ADD node_modules/css.escape
2145 silly ADD node_modules/cross-spawn
2146 silly ADD node_modules/core-util-is
2147 silly ADD node_modules/cookie
2148 silly ADD node_modules/convert-source-map
2149 silly ADD node_modules/confbox
2150 silly ADD node_modules/concat-map
2151 silly ADD node_modules/common-tags
2152 silly ADD node_modules/commander
2153 silly ADD node_modules/combined-stream
2154 silly ADD node_modules/colors
2155 silly ADD node_modules/colorette
2156 silly ADD node_modules/color-name
2157 silly ADD node_modules/color-convert
2158 silly ADD node_modules/cli-truncate
2159 silly ADD node_modules/cli-table3
2160 silly ADD node_modules/cli-cursor
2161 silly ADD node_modules/clean-stack
2162 silly ADD node_modules/ci-info
2163 silly ADD node_modules/check-error
2164 silly ADD node_modules/chalk
2165 silly ADD node_modules/chai
2166 silly ADD node_modules/caseless
2167 silly ADD node_modules/caniuse-lite
2168 silly ADD node_modules/callsites
2169 silly ADD node_modules/call-bound
2170 silly ADD node_modules/call-bind-apply-helpers
2171 silly ADD node_modules/call-bind
2172 silly ADD node_modules/cachedir
2173 silly ADD node_modules/cac
2174 silly ADD node_modules/buffer-crc32
2175 silly ADD node_modules/buffer
2176 silly ADD node_modules/browserslist
2177 silly ADD node_modules/brace-expansion
2178 silly ADD node_modules/bluebird
2179 silly ADD node_modules/blob-util
2180 silly ADD node_modules/bcrypt-pbkdf
2181 silly ADD node_modules/baseline-browser-mapping
2182 silly ADD node_modules/base64-js
2183 silly ADD node_modules/balanced-match
2184 silly ADD node_modules/axios
2185 silly ADD node_modules/aws4
2186 silly ADD node_modules/aws-sign2
2187 silly ADD node_modules/available-typed-arrays
2188 silly ADD node_modules/at-least-node
2189 silly ADD node_modules/asynckit
2190 silly ADD node_modules/async-function
2191 silly ADD node_modules/astral-regex
2192 silly ADD node_modules/assertion-error
2193 silly ADD node_modules/assert-plus
2194 silly ADD node_modules/asn1
2195 silly ADD node_modules/arraybuffer.prototype.slice
2196 silly ADD node_modules/array.prototype.tosorted
2197 silly ADD node_modules/array.prototype.flatmap
2198 silly ADD node_modules/array.prototype.flat
2199 silly ADD node_modules/array.prototype.findlast
2200 silly ADD node_modules/array-includes
2201 silly ADD node_modules/array-buffer-byte-length
2202 silly ADD node_modules/aria-query
2203 silly ADD node_modules/argparse
2204 silly ADD node_modules/arch
2205 silly ADD node_modules/ansi-styles
2206 silly ADD node_modules/ansi-regex
2207 silly ADD node_modules/ansi-escapes
2208 silly ADD node_modules/ansi-escapes/node_modules/type-fest
2209 silly ADD node_modules/ansi-colors
2210 silly ADD node_modules/ajv
2211 silly ADD node_modules/aggregate-error
2212 silly ADD node_modules/agent-base
2213 silly ADD node_modules/acorn-walk
2214 silly ADD node_modules/acorn-jsx
2215 silly ADD node_modules/acorn
2216 silly ADD node_modules/@vitest/utils
2217 silly ADD node_modules/@vitest/utils/node_modules/react-is
2218 silly ADD node_modules/@vitest/utils/node_modules/pretty-format
2219 silly ADD node_modules/@vitest/utils/node_modules/ansi-styles
2220 silly ADD node_modules/@vitest/spy
2221 silly ADD node_modules/@vitest/snapshot
2222 silly ADD node_modules/@vitest/snapshot/node_modules/react-is
2223 silly ADD node_modules/@vitest/snapshot/node_modules/pretty-format
2224 silly ADD node_modules/@vitest/snapshot/node_modules/ansi-styles
2225 silly ADD node_modules/@vitest/runner
2226 silly ADD node_modules/@vitest/runner/node_modules/yocto-queue
2227 silly ADD node_modules/@vitest/runner/node_modules/p-limit
2228 silly ADD node_modules/@vitest/expect
2229 silly ADD node_modules/@vitejs/plugin-react
2230 silly ADD node_modules/@ungap/structured-clone
2231 silly ADD node_modules/@types/yauzl
2232 silly ADD node_modules/@types/tmp
2233 silly ADD node_modules/@types/sizzle
2234 silly ADD node_modules/@types/sinonjs__fake-timers
2235 silly ADD node_modules/@types/react-dom
2236 silly ADD node_modules/@types/react
2237 silly ADD node_modules/@types/prop-types
2238 silly ADD node_modules/@types/estree
2239 silly ADD node_modules/@types/babel__traverse
2240 silly ADD node_modules/@types/babel__template
2241 silly ADD node_modules/@types/babel__generator
2242 silly ADD node_modules/@types/babel__core
2243 silly ADD node_modules/@types/aria-query
2244 silly ADD node_modules/@testing-library/react
2245 silly ADD node_modules/@testing-library/jest-dom
2246 silly ADD node_modules/@testing-library/dom
2247 silly ADD node_modules/@testing-library/dom/node_modules/dom-accessibility-api
2248 silly ADD node_modules/@testing-library/dom/node_modules/aria-query
2249 silly ADD node_modules/@sinclair/typebox
2250 silly ADD node_modules/@rollup/rollup-darwin-arm64
2251 silly ADD node_modules/@rolldown/pluginutils
2252 silly ADD node_modules/@nodelib/fs.walk
2253 silly ADD node_modules/@nodelib/fs.stat
2254 silly ADD node_modules/@nodelib/fs.scandir
2255 silly ADD node_modules/@jridgewell/trace-mapping
2256 silly ADD node_modules/@jridgewell/sourcemap-codec
2257 silly ADD node_modules/@jridgewell/resolve-uri
2258 silly ADD node_modules/@jridgewell/remapping
2259 silly ADD node_modules/@jridgewell/gen-mapping
2260 silly ADD node_modules/@jest/schemas
2261 silly ADD node_modules/@humanwhocodes/object-schema
2262 silly ADD node_modules/@humanwhocodes/module-importer
2263 silly ADD node_modules/@humanwhocodes/config-array
2264 silly ADD node_modules/@eslint/eslintrc
2265 silly ADD node_modules/@eslint/eslintrc/node_modules/globals
2266 silly ADD node_modules/@eslint-community/regexpp
2267 silly ADD node_modules/@eslint-community/eslint-utils
2268 silly ADD node_modules/@esbuild/darwin-arm64
2269 silly ADD node_modules/@cypress/xvfb
2270 silly ADD node_modules/@cypress/xvfb/node_modules/debug
2271 silly ADD node_modules/@cypress/request
2272 silly ADD node_modules/@cypress/request/node_modules/tough-cookie
2273 silly ADD node_modules/@csstools/css-tokenizer
2274 silly ADD node_modules/@csstools/css-parser-algorithms
2275 silly ADD node_modules/@csstools/css-color-parser
2276 silly ADD node_modules/@csstools/css-calc
2277 silly ADD node_modules/@csstools/color-helpers
2278 silly ADD node_modules/@babel/types
2279 silly ADD node_modules/@babel/traverse
2280 silly ADD node_modules/@babel/template
2281 silly ADD node_modules/@babel/runtime
2282 silly ADD node_modules/@babel/plugin-transform-react-jsx-source
2283 silly ADD node_modules/@babel/plugin-transform-react-jsx-self
2284 silly ADD node_modules/@babel/parser
2285 silly ADD node_modules/@babel/helpers
2286 silly ADD node_modules/@babel/helper-validator-option
2287 silly ADD node_modules/@babel/helper-validator-identifier
2288 silly ADD node_modules/@babel/helper-string-parser
2289 silly ADD node_modules/@babel/helper-plugin-utils
2290 silly ADD node_modules/@babel/helper-module-transforms
2291 silly ADD node_modules/@babel/helper-module-imports
2292 silly ADD node_modules/@babel/helper-globals
2293 silly ADD node_modules/@babel/helper-compilation-targets
2294 silly ADD node_modules/@babel/generator
2295 silly ADD node_modules/@babel/core
2296 silly ADD node_modules/@babel/compat-data
2297 silly ADD node_modules/@babel/code-frame
2298 silly ADD node_modules/@asamuzakjp/css-color
2299 silly ADD node_modules/@asamuzakjp/css-color/node_modules/lru-cache
2300 silly ADD node_modules/@adobe/css-tools
2301 verbose cwd /Users/rashmianand/Desktop/shopsmart/client
2302 verbose os Darwin 24.6.0
2303 verbose node v25.2.0
2304 verbose npm  v11.6.2
2305 notice
2305 notice New minor version of npm available! 11.6.2 -> 11.13.0
2305 notice Changelog: https://github.com/npm/cli/releases/tag/v11.13.0
2305 notice To update run: npm install -g npm@11.13.0
2305 notice  { force: true, Symbol(proc-log.meta): true }
2306 verbose exit 0
2307 info ok
